"SubscriptionId";"SubscriptionName";"ResourceGroup";"ResourceName";"ResourceType";"SubType";"Location";"SKU_Size";"vCPU_Estimate";"LicenseType_Raw";"AHB_Status";"AHB_Enabled";"EconomiesRealisees_USD";"EconomiesRealisees_EUR";"EconomiesPotentielles_USD";"EconomiesPotentielles_EUR";"SavingsRatePct";"Recommendation";"ResourceId"
"9a47fe87-e578-4757-b327-359a9981d716";"DSI Azure Enterprise";"SERVICEAPPLICATION-COLLABINDEX";"SA-CollabIndex";"Virtual Machine";"Windows Server VM";"westeurope";"Standard_D4s_v3";"4";"null";"NON ACTIVÉ";"False";"0";"0";"56";"51.52";"40%";"⚡ Activer AHB → économiser ~56 USD/mois";"/subscriptions/9a47fe87-e578-4757-b327-359a9981d716/resourceGroups/SERVICEAPPLICATION-COLLABINDEX/providers/Microsoft.Compute/virtualMachines/SA-CollabIndex"
"9a47fe87-e578-4757-b327-359a9981d716";"DSI Azure Enterprise";"ServiceApplication-CollabIndex";"collaborativeindex/CollaborativeIndex";"Azure SQL Database";"SQL Database (Standard)";"westeurope";"Standard Standard";"10";"DTU-model (non éligible vCore)";"NON ACTIVÉ";"False";"0";"0";"555";"510.6";"30%";"ℹ Modèle DTU — passer en vCore pour activer AHB";"/subscriptions/9a47fe87-e578-4757-b327-359a9981d716/resourceGroups/ServiceApplication-CollabIndex/providers/Microsoft.Sql/servers/collaborativeindex/databases/CollaborativeIndex"
"2e2a6511-b975-4cc4-869f-fa9f0a45d413";"DSI DT Azure Enterprise";"PROJETDATASCIENTIST";"azudatascien01p";"Virtual Machine";"Windows Server VM";"northeurope";"Standard_D8s_v3";"8";"null";"NON ACTIVÉ";"False";"0";"0";"112";"103.04";"40%";"⚡ Activer AHB → économiser ~112 USD/mois";"/subscriptions/2e2a6511-b975-4cc4-869f-fa9f0a45d413/resourceGroups/PROJETDATASCIENTIST/providers/Microsoft.Compute/virtualMachines/azudatascien01p"
"92ef112c-d661-41cc-b9a6-4b1eb694fb51";"pf-alt-prd";"RG-PF-ALT-PRD-COMPUTE-001";"pfazrvpaltctl01";"Virtual Machine";"Windows Server VM";"westeurope";"Standard_D16as_v4";"2";"null";"NON ACTIVÉ";"False";"0";"0";"28";"25.76";"40%";"⚡ Activer AHB → économiser ~28 USD/mois";"/subscriptions/92ef112c-d661-41cc-b9a6-4b1eb694fb51/resourceGroups/RG-PF-ALT-PRD-COMPUTE-001/providers/Microsoft.Compute/virtualMachines/pfazrvpaltctl01"
"92ef112c-d661-41cc-b9a6-4b1eb694fb51";"pf-alt-prd";"RG-PF-ALT-PRD-COMPUTE-001";"pfazrvpaltctl02";"Virtual Machine";"Windows Server VM";"westeurope";"Standard_D8as_v4";"2";"null";"NON ACTIVÉ";"False";"0";"0";"28";"25.76";"40%";"⚡ Activer AHB → économiser ~28 USD/mois";"/subscriptions/92ef112c-d661-41cc-b9a6-4b1eb694fb51/resourceGroups/RG-PF-ALT-PRD-COMPUTE-001/providers/Microsoft.Compute/virtualMachines/pfazrvpaltctl02"
"92ef112c-d661-41cc-b9a6-4b1eb694fb51";"pf-alt-prd";"RG-PF-ALT-PRD-COMPUTE-001";"pfazrvpaltwrk01";"Virtual Machine";"Windows Server VM";"westeurope";"Standard_D8as_v4";"2";"null";"NON ACTIVÉ";"False";"0";"0";"28";"25.76";"40%";"⚡ Activer AHB → économiser ~28 USD/mois";"/subscriptions/92ef112c-d661-41cc-b9a6-4b1eb694fb51/resourceGroups/RG-PF-ALT-PRD-COMPUTE-001/providers/Microsoft.Compute/virtualMachines/pfazrvpaltwrk01"
"2e216032-21d5-4c59-9c12-30c9bdd75fcd";"pf-ata-prd";"RG-PF-ATA-PRD-AGENT-SAP-001";"pfazrvpatasap01";"Virtual Machine";"Windows Server VM";"westeurope";"Standard_D4ads_v5";"2";"null";"NON ACTIVÉ";"False";"0";"0";"28";"25.76";"40%";"⚡ Activer AHB → économiser ~28 USD/mois";"/subscriptions/2e216032-21d5-4c59-9c12-30c9bdd75fcd/resourceGroups/RG-PF-ATA-PRD-AGENT-SAP-001/providers/Microsoft.Compute/virtualMachines/pfazrvpatasap01"
"2e216032-21d5-4c59-9c12-30c9bdd75fcd";"pf-ata-prd";"RG-PF-ATA-PRD-AGENT-SAP-001";"pfazrvpatasap02";"Virtual Machine";"Windows Server VM";"westeurope";"Standard_D4ads_v5";"2";"null";"NON ACTIVÉ";"False";"0";"0";"28";"25.76";"40%";"⚡ Activer AHB → économiser ~28 USD/mois";"/subscriptions/2e216032-21d5-4c59-9c12-30c9bdd75fcd/resourceGroups/RG-PF-ATA-PRD-AGENT-SAP-001/providers/Microsoft.Compute/virtualMachines/pfazrvpatasap02"
"2e216032-21d5-4c59-9c12-30c9bdd75fcd";"pf-ata-prd";"RG-PF-ATA-PRD-AGENT-SAP-001";"pfazrvpatasap03";"Virtual Machine";"Windows Server VM";"westeurope";"Standard_D4ads_v5";"2";"null";"NON ACTIVÉ";"False";"0";"0";"28";"25.76";"40%";"⚡ Activer AHB → économiser ~28 USD/mois";"/subscriptions/2e216032-21d5-4c59-9c12-30c9bdd75fcd/resourceGroups/RG-PF-ATA-PRD-AGENT-SAP-001/providers/Microsoft.Compute/virtualMachines/pfazrvpatasap03"
"2e216032-21d5-4c59-9c12-30c9bdd75fcd";"pf-ata-prd";"RG-PF-ATA-PRD-AGENT-SAP-001";"pfazrvpatasap04";"Virtual Machine";"Windows Server VM";"westeurope";"Standard_D4ads_v5";"2";"null";"NON ACTIVÉ";"False";"0";"0";"28";"25.76";"40%";"⚡ Activer AHB → économiser ~28 USD/mois";"/subscriptions/2e216032-21d5-4c59-9c12-30c9bdd75fcd/resourceGroups/RG-PF-ATA-PRD-AGENT-SAP-001/providers/Microsoft.Compute/virtualMachines/pfazrvpatasap04"
"2e216032-21d5-4c59-9c12-30c9bdd75fcd";"pf-ata-prd";"RG-PF-ATA-PRD-AGENT-SAP-001";"pfazrvpatasap05";"Virtual Machine";"Windows Server VM";"westeurope";"Standard_D4ads_v5";"2";"null";"NON ACTIVÉ";"False";"0";"0";"28";"25.76";"40%";"⚡ Activer AHB → économiser ~28 USD/mois";"/subscriptions/2e216032-21d5-4c59-9c12-30c9bdd75fcd/resourceGroups/RG-PF-ATA-PRD-AGENT-SAP-001/providers/Microsoft.Compute/virtualMachines/pfazrvpatasap05"
"2e216032-21d5-4c59-9c12-30c9bdd75fcd";"pf-ata-prd";"RG-PF-ATA-PRD-APP-001";"pfazrvpataapp01";"Virtual Machine";"Windows Server VM";"westeurope";"Standard_D4ads_v5";"2";"null";"NON ACTIVÉ";"False";"0";"0";"28";"25.76";"40%";"⚡ Activer AHB → économiser ~28 USD/mois";"/subscriptions/2e216032-21d5-4c59-9c12-30c9bdd75fcd/resourceGroups/RG-PF-ATA-PRD-APP-001/providers/Microsoft.Compute/virtualMachines/pfazrvpataapp01"
"2e216032-21d5-4c59-9c12-30c9bdd75fcd";"pf-ata-prd";"rg-pf-ata-prd-data-001";"sqldbpfg-ata-p-tosca";"SQL Managed Instance";"SQL Managed Instance (GP_Gen5)";"westeurope";"GP_Gen5 GeneralPurpose";"4";"LicenseIncluded";"NON ACTIVÉ";"False";"0";"0";"240";"220.8";"30%";"⚡ Activer AHB (LicenseType=BasePrice) → économiser ~240 USD/mois";"/subscriptions/2e216032-21d5-4c59-9c12-30c9bdd75fcd/resourceGroups/rg-pf-ata-prd-data-001/providers/Microsoft.Sql/managedInstances/sqldbpfg-ata-p-tosca"
"78a6ba6d-01cf-4ff0-b18a-9a447cfa5fc3";"pf-ata-stg";"RG-PF-ATA-STG-AGENT-SAP-001";"pfazrvratasap01";"Virtual Machine";"Windows Server VM";"westeurope";"Standard_D4ads_v5";"2";"null";"NON ACTIVÉ";"False";"0";"0";"28";"25.76";"40%";"⚡ Activer AHB → économiser ~28 USD/mois";"/subscriptions/78a6ba6d-01cf-4ff0-b18a-9a447cfa5fc3/resourceGroups/RG-PF-ATA-STG-AGENT-SAP-001/providers/Microsoft.Compute/virtualMachines/pfazrvratasap01"
"78a6ba6d-01cf-4ff0-b18a-9a447cfa5fc3";"pf-ata-stg";"RG-PF-ATA-STG-APP-001";"pfazrvrataapp01";"Virtual Machine";"Windows Server VM";"westeurope";"Standard_D4ads_v5";"2";"null";"NON ACTIVÉ";"False";"0";"0";"28";"25.76";"40%";"⚡ Activer AHB → économiser ~28 USD/mois";"/subscriptions/78a6ba6d-01cf-4ff0-b18a-9a447cfa5fc3/resourceGroups/RG-PF-ATA-STG-APP-001/providers/Microsoft.Compute/virtualMachines/pfazrvrataapp01"
"78a6ba6d-01cf-4ff0-b18a-9a447cfa5fc3";"pf-ata-stg";"rg-pf-ata-stg-data-001";"sqldbpfg-ata-s-tosca";"SQL Managed Instance";"SQL Managed Instance (GP_Gen5)";"westeurope";"GP_Gen5 GeneralPurpose";"4";"LicenseIncluded";"NON ACTIVÉ";"False";"0";"0";"240";"220.8";"30%";"⚡ Activer AHB (LicenseType=BasePrice) → économiser ~240 USD/mois";"/subscriptions/78a6ba6d-01cf-4ff0-b18a-9a447cfa5fc3/resourceGroups/rg-pf-ata-stg-data-001/providers/Microsoft.Sql/managedInstances/sqldbpfg-ata-s-tosca"
"40cd83e3-43d0-4a3c-a026-849dfaff9bff";"pf-avd-prd";"RG-PF-AVD-POC-APP-BIO-001";"FRAAPBIO-0";"Virtual Machine";"Windows Server VM";"westeurope";"Standard_D2as_v5";"2";"Windows_Client";"NON ACTIVÉ (Windows_Client)";"False";"0";"0";"28";"25.76";"40%";"⚡ Activer AHB → économiser ~28 USD/mois";"/subscriptions/40cd83e3-43d0-4a3c-a026-849dfaff9bff/resourceGroups/RG-PF-AVD-POC-APP-BIO-001/providers/Microsoft.Compute/virtualMachines/FRAAPBIO-0"
"40cd83e3-43d0-4a3c-a026-849dfaff9bff";"pf-avd-prd";"RG-PF-AVD-PRD-APP-AIA-001";"FRAAAIA-0";"Virtual Machine";"Windows Server VM";"westeurope";"Standard_D4ls_v5";"2";"Windows_Client";"NON ACTIVÉ (Windows_Client)";"False";"0";"0";"28";"25.76";"40%";"⚡ Activer AHB → économiser ~28 USD/mois";"/subscriptions/40cd83e3-43d0-4a3c-a026-849dfaff9bff/resourceGroups/RG-PF-AVD-PRD-APP-AIA-001/providers/Microsoft.Compute/virtualMachines/FRAAAIA-0"
"40cd83e3-43d0-4a3c-a026-849dfaff9bff";"pf-avd-prd";"RG-PF-AVD-PRD-APP-AIA-001";"FRAAAIA-1";"Virtual Machine";"Windows Server VM";"westeurope";"Standard_D4ls_v5";"2";"Windows_Client";"NON ACTIVÉ (Windows_Client)";"False";"0";"0";"28";"25.76";"40%";"⚡ Activer AHB → économiser ~28 USD/mois";"/subscriptions/40cd83e3-43d0-4a3c-a026-849dfaff9bff/resourceGroups/RG-PF-AVD-PRD-APP-AIA-001/providers/Microsoft.Compute/virtualMachines/FRAAAIA-1"
"40cd83e3-43d0-4a3c-a026-849dfaff9bff";"pf-avd-prd";"RG-PF-AVD-PRD-APP-AIA-001";"FRAAAIA-2";"Virtual Machine";"Windows Server VM";"westeurope";"Standard_D4ls_v5";"2";"Windows_Client";"NON ACTIVÉ (Windows_Client)";"False";"0";"0";"28";"25.76";"40%";"⚡ Activer AHB → économiser ~28 USD/mois";"/subscriptions/40cd83e3-43d0-4a3c-a026-849dfaff9bff/resourceGroups/RG-PF-AVD-PRD-APP-AIA-001/providers/Microsoft.Compute/virtualMachines/FRAAAIA-2"
"40cd83e3-43d0-4a3c-a026-849dfaff9bff";"pf-avd-prd";"RG-PF-AVD-PRD-APP-AIA-001";"FRAAAIA-4";"Virtual Machine";"Windows Server VM";"westeurope";"Standard_D4ls_v5";"2";"Windows_Client";"NON ACTIVÉ (Windows_Client)";"False";"0";"0";"28";"25.76";"40%";"⚡ Activer AHB → économiser ~28 USD/mois";"/subscriptions/40cd83e3-43d0-4a3c-a026-849dfaff9bff/resourceGroups/RG-PF-AVD-PRD-APP-AIA-001/providers/Microsoft.Compute/virtualMachines/FRAAAIA-4"
"40cd83e3-43d0-4a3c-a026-849dfaff9bff";"pf-avd-prd";"RG-PF-AVD-PRD-APP-AIA-001";"FRAAAIA-5";"Virtual Machine";"Windows Server VM";"westeurope";"Standard_D4ls_v5";"2";"Windows_Client";"NON ACTIVÉ (Windows_Client)";"False";"0";"0";"28";"25.76";"40%";"⚡ Activer AHB → économiser ~28 USD/mois";"/subscriptions/40cd83e3-43d0-4a3c-a026-849dfaff9bff/resourceGroups/RG-PF-AVD-PRD-APP-AIA-001/providers/Microsoft.Compute/virtualMachines/FRAAAIA-5"
"40cd83e3-43d0-4a3c-a026-849dfaff9bff";"pf-avd-prd";"RG-PF-AVD-PRD-APP-AIA-002";"FRAA2AIA-0";"Virtual Machine";"Windows Server VM";"westeurope";"Standard_D4as_v5";"2";"Windows_Client";"NON ACTIVÉ (Windows_Client)";"False";"0";"0";"28";"25.76";"40%";"⚡ Activer AHB → économiser ~28 USD/mois";"/subscriptions/40cd83e3-43d0-4a3c-a026-849dfaff9bff/resourceGroups/RG-PF-AVD-PRD-APP-AIA-002/providers/Microsoft.Compute/virtualMachines/FRAA2AIA-0"
"40cd83e3-43d0-4a3c-a026-849dfaff9bff";"pf-avd-prd";"RG-PF-AVD-PRD-APP-AIA-002";"FRAA2AIA-1";"Virtual Machine";"Windows Server VM";"westeurope";"Standard_D4as_v5";"2";"Windows_Client";"NON ACTIVÉ (Windows_Client)";"False";"0";"0";"28";"25.76";"40%";"⚡ Activer AHB → économiser ~28 USD/mois";"/subscriptions/40cd83e3-43d0-4a3c-a026-849dfaff9bff/resourceGroups/RG-PF-AVD-PRD-APP-AIA-002/providers/Microsoft.Compute/virtualMachines/FRAA2AIA-1"
"40cd83e3-43d0-4a3c-a026-849dfaff9bff";"pf-avd-prd";"RG-PF-AVD-PRD-APP-AIA-002";"FRAA2AIA-10";"Virtual Machine";"Windows Server VM";"westeurope";"Standard_D4as_v5";"2";"Windows_Client";"NON ACTIVÉ (Windows_Client)";"False";"0";"0";"28";"25.76";"40%";"⚡ Activer AHB → économiser ~28 USD/mois";"/subscriptions/40cd83e3-43d0-4a3c-a026-849dfaff9bff/resourceGroups/RG-PF-AVD-PRD-APP-AIA-002/providers/Microsoft.Compute/virtualMachines/FRAA2AIA-10"
"40cd83e3-43d0-4a3c-a026-849dfaff9bff";"pf-avd-prd";"RG-PF-AVD-PRD-APP-AIA-002";"FRAA2AIA-11";"Virtual Machine";"Windows Server VM";"westeurope";"Standard_D4as_v5";"2";"Windows_Client";"NON ACTIVÉ (Windows_Client)";"False";"0";"0";"28";"25.76";"40%";"⚡ Activer AHB → économiser ~28 USD/mois";"/subscriptions/40cd83e3-43d0-4a3c-a026-849dfaff9bff/resourceGroups/RG-PF-AVD-PRD-APP-AIA-002/providers/Microsoft.Compute/virtualMachines/FRAA2AIA-11"
"40cd83e3-43d0-4a3c-a026-849dfaff9bff";"pf-avd-prd";"RG-PF-AVD-PRD-APP-AIA-002";"FRAA2AIA-12";"Virtual Machine";"Windows Server VM";"westeurope";"Standard_D4as_v5";"2";"Windows_Client";"NON ACTIVÉ (Windows_Client)";"False";"0";"0";"28";"25.76";"40%";"⚡ Activer AHB → économiser ~28 USD/mois";"/subscriptions/40cd83e3-43d0-4a3c-a026-849dfaff9bff/resourceGroups/RG-PF-AVD-PRD-APP-AIA-002/providers/Microsoft.Compute/virtualMachines/FRAA2AIA-12"
"40cd83e3-43d0-4a3c-a026-849dfaff9bff";"pf-avd-prd";"RG-PF-AVD-PRD-APP-AIA-002";"FRAA2AIA-13";"Virtual Machine";"Windows Server VM";"westeurope";"Standard_D4as_v5";"2";"Windows_Client";"NON ACTIVÉ (Windows_Client)";"False";"0";"0";"28";"25.76";"40%";"⚡ Activer AHB → économiser ~28 USD/mois";"/subscriptions/40cd83e3-43d0-4a3c-a026-849dfaff9bff/resourceGroups/RG-PF-AVD-PRD-APP-AIA-002/providers/Microsoft.Compute/virtualMachines/FRAA2AIA-13"
"40cd83e3-43d0-4a3c-a026-849dfaff9bff";"pf-avd-prd";"RG-PF-AVD-PRD-APP-AIA-002";"FRAA2AIA-2";"Virtual Machine";"Windows Server VM";"westeurope";"Standard_D4as_v5";"2";"Windows_Client";"NON ACTIVÉ (Windows_Client)";"False";"0";"0";"28";"25.76";"40%";"⚡ Activer AHB → économiser ~28 USD/mois";"/subscriptions/40cd83e3-43d0-4a3c-a026-849dfaff9bff/resourceGroups/RG-PF-AVD-PRD-APP-AIA-002/providers/Microsoft.Compute/virtualMachines/FRAA2AIA-2"
"40cd83e3-43d0-4a3c-a026-849dfaff9bff";"pf-avd-prd";"RG-PF-AVD-PRD-APP-AIA-002";"FRAA2AIA-3";"Virtual Machine";"Windows Server VM";"westeurope";"Standard_D4as_v5";"2";"Windows_Client";"NON ACTIVÉ (Windows_Client)";"False";"0";"0";"28";"25.76";"40%";"⚡ Activer AHB → économiser ~28 USD/mois";"/subscriptions/40cd83e3-43d0-4a3c-a026-849dfaff9bff/resourceGroups/RG-PF-AVD-PRD-APP-AIA-002/providers/Microsoft.Compute/virtualMachines/FRAA2AIA-3"
"40cd83e3-43d0-4a3c-a026-849dfaff9bff";"pf-avd-prd";"RG-PF-AVD-PRD-APP-AIA-002";"FRAA2AIA-4";"Virtual Machine";"Windows Server VM";"westeurope";"Standard_D4as_v5";"2";"Windows_Client";"NON ACTIVÉ (Windows_Client)";"False";"0";"0";"28";"25.76";"40%";"⚡ Activer AHB → économiser ~28 USD/mois";"/subscriptions/40cd83e3-43d0-4a3c-a026-849dfaff9bff/resourceGroups/RG-PF-AVD-PRD-APP-AIA-002/providers/Microsoft.Compute/virtualMachines/FRAA2AIA-4"
"40cd83e3-43d0-4a3c-a026-849dfaff9bff";"pf-avd-prd";"RG-PF-AVD-PRD-APP-AIA-002";"FRAA2AIA-5";"Virtual Machine";"Windows Server VM";"westeurope";"Standard_D4as_v5";"2";"Windows_Client";"NON ACTIVÉ (Windows_Client)";"False";"0";"0";"28";"25.76";"40%";"⚡ Activer AHB → économiser ~28 USD/mois";"/subscriptions/40cd83e3-43d0-4a3c-a026-849dfaff9bff/resourceGroups/RG-PF-AVD-PRD-APP-AIA-002/providers/Microsoft.Compute/virtualMachines/FRAA2AIA-5"
"40cd83e3-43d0-4a3c-a026-849dfaff9bff";"pf-avd-prd";"RG-PF-AVD-PRD-APP-AIA-002";"FRAA2AIA-6";"Virtual Machine";"Windows Server VM";"westeurope";"Standard_D4as_v5";"2";"Windows_Client";"NON ACTIVÉ (Windows_Client)";"False";"0";"0";"28";"25.76";"40%";"⚡ Activer AHB → économiser ~28 USD/mois";"/subscriptions/40cd83e3-43d0-4a3c-a026-849dfaff9bff/resourceGroups/RG-PF-AVD-PRD-APP-AIA-002/providers/Microsoft.Compute/virtualMachines/FRAA2AIA-6"
"40cd83e3-43d0-4a3c-a026-849dfaff9bff";"pf-avd-prd";"RG-PF-AVD-PRD-APP-AIA-002";"FRAA2AIA-7";"Virtual Machine";"Windows Server VM";"westeurope";"Standard_D4as_v5";"2";"Windows_Client";"NON ACTIVÉ (Windows_Client)";"False";"0";"0";"28";"25.76";"40%";"⚡ Activer AHB → économiser ~28 USD/mois";"/subscriptions/40cd83e3-43d0-4a3c-a026-849dfaff9bff/resourceGroups/RG-PF-AVD-PRD-APP-AIA-002/providers/Microsoft.Compute/virtualMachines/FRAA2AIA-7"
"40cd83e3-43d0-4a3c-a026-849dfaff9bff";"pf-avd-prd";"RG-PF-AVD-PRD-APP-AIA-002";"FRAA2AIA-8";"Virtual Machine";"Windows Server VM";"westeurope";"Standard_D4as_v5";"2";"Windows_Client";"NON ACTIVÉ (Windows_Client)";"False";"0";"0";"28";"25.76";"40%";"⚡ Activer AHB → économiser ~28 USD/mois";"/subscriptions/40cd83e3-43d0-4a3c-a026-849dfaff9bff/resourceGroups/RG-PF-AVD-PRD-APP-AIA-002/providers/Microsoft.Compute/virtualMachines/FRAA2AIA-8"
"40cd83e3-43d0-4a3c-a026-849dfaff9bff";"pf-avd-prd";"RG-PF-AVD-PRD-APP-AIA-002";"FRAA2AIA-9";"Virtual Machine";"Windows Server VM";"westeurope";"Standard_D4as_v5";"2";"Windows_Client";"NON ACTIVÉ (Windows_Client)";"False";"0";"0";"28";"25.76";"40%";"⚡ Activer AHB → économiser ~28 USD/mois";"/subscriptions/40cd83e3-43d0-4a3c-a026-849dfaff9bff/resourceGroups/RG-PF-AVD-PRD-APP-AIA-002/providers/Microsoft.Compute/virtualMachines/FRAA2AIA-9"
"40cd83e3-43d0-4a3c-a026-849dfaff9bff";"pf-avd-prd";"RG-PF-AVD-PRD-APP-AKG-001";"FRAAAKG-0";"Virtual Machine";"Windows Server VM";"westeurope";"Standard_D4ls_v5";"2";"Windows_Client";"NON ACTIVÉ (Windows_Client)";"False";"0";"0";"28";"25.76";"40%";"⚡ Activer AHB → économiser ~28 USD/mois";"/subscriptions/40cd83e3-43d0-4a3c-a026-849dfaff9bff/resourceGroups/RG-PF-AVD-PRD-APP-AKG-001/providers/Microsoft.Compute/virtualMachines/FRAAAKG-0"
"40cd83e3-43d0-4a3c-a026-849dfaff9bff";"pf-avd-prd";"RG-PF-AVD-PRD-APP-AKG-001";"FRAAAKG-1";"Virtual Machine";"Windows Server VM";"westeurope";"Standard_D4ls_v5";"2";"Windows_Client";"NON ACTIVÉ (Windows_Client)";"False";"0";"0";"28";"25.76";"40%";"⚡ Activer AHB → économiser ~28 USD/mois";"/subscriptions/40cd83e3-43d0-4a3c-a026-849dfaff9bff/resourceGroups/RG-PF-AVD-PRD-APP-AKG-001/providers/Microsoft.Compute/virtualMachines/FRAAAKG-1"
"40cd83e3-43d0-4a3c-a026-849dfaff9bff";"pf-avd-prd";"RG-PF-AVD-PRD-APP-AKG-001";"FRAAAKG-2";"Virtual Machine";"Windows Server VM";"westeurope";"Standard_D4ls_v5";"2";"Windows_Client";"NON ACTIVÉ (Windows_Client)";"False";"0";"0";"28";"25.76";"40%";"⚡ Activer AHB → économiser ~28 USD/mois";"/subscriptions/40cd83e3-43d0-4a3c-a026-849dfaff9bff/resourceGroups/RG-PF-AVD-PRD-APP-AKG-001/providers/Microsoft.Compute/virtualMachines/FRAAAKG-2"
"40cd83e3-43d0-4a3c-a026-849dfaff9bff";"pf-avd-prd";"RG-PF-AVD-PRD-APP-ATA-001";"FRAAATA-11";"Virtual Machine";"Windows Server VM";"westeurope";"Standard_D4as_v5";"2";"Windows_Client";"NON ACTIVÉ (Windows_Client)";"False";"0";"0";"28";"25.76";"40%";"⚡ Activer AHB → économiser ~28 USD/mois";"/subscriptions/40cd83e3-43d0-4a3c-a026-849dfaff9bff/resourceGroups/RG-PF-AVD-PRD-APP-ATA-001/providers/Microsoft.Compute/virtualMachines/FRAAATA-11"
"40cd83e3-43d0-4a3c-a026-849dfaff9bff";"pf-avd-prd";"RG-PF-AVD-PRD-APP-ATA-001";"FRAAATA-12";"Virtual Machine";"Windows Server VM";"westeurope";"Standard_D4as_v5";"2";"Windows_Client";"NON ACTIVÉ (Windows_Client)";"False";"0";"0";"28";"25.76";"40%";"⚡ Activer AHB → économiser ~28 USD/mois";"/subscriptions/40cd83e3-43d0-4a3c-a026-849dfaff9bff/resourceGroups/RG-PF-AVD-PRD-APP-ATA-001/providers/Microsoft.Compute/virtualMachines/FRAAATA-12"
"40cd83e3-43d0-4a3c-a026-849dfaff9bff";"pf-avd-prd";"RG-PF-AVD-PRD-APP-ATA-001";"FRAAATA-13";"Virtual Machine";"Windows Server VM";"westeurope";"Standard_D4as_v5";"2";"Windows_Client";"NON ACTIVÉ (Windows_Client)";"False";"0";"0";"28";"25.76";"40%";"⚡ Activer AHB → économiser ~28 USD/mois";"/subscriptions/40cd83e3-43d0-4a3c-a026-849dfaff9bff/resourceGroups/RG-PF-AVD-PRD-APP-ATA-001/providers/Microsoft.Compute/virtualMachines/FRAAATA-13"
"40cd83e3-43d0-4a3c-a026-849dfaff9bff";"pf-avd-prd";"RG-PF-AVD-PRD-APP-ATA-001";"FRAAATA-14";"Virtual Machine";"Windows Server VM";"westeurope";"Standard_D4as_v5";"2";"Windows_Client";"NON ACTIVÉ (Windows_Client)";"False";"0";"0";"28";"25.76";"40%";"⚡ Activer AHB → économiser ~28 USD/mois";"/subscriptions/40cd83e3-43d0-4a3c-a026-849dfaff9bff/resourceGroups/RG-PF-AVD-PRD-APP-ATA-001/providers/Microsoft.Compute/virtualMachines/FRAAATA-14"
"40cd83e3-43d0-4a3c-a026-849dfaff9bff";"pf-avd-prd";"RG-PF-AVD-PRD-APP-ATA-001";"FRAAATA-15";"Virtual Machine";"Windows Server VM";"westeurope";"Standard_D4as_v5";"2";"Windows_Client";"NON ACTIVÉ (Windows_Client)";"False";"0";"0";"28";"25.76";"40%";"⚡ Activer AHB → économiser ~28 USD/mois";"/subscriptions/40cd83e3-43d0-4a3c-a026-849dfaff9bff/resourceGroups/RG-PF-AVD-PRD-APP-ATA-001/providers/Microsoft.Compute/virtualMachines/FRAAATA-15"
"40cd83e3-43d0-4a3c-a026-849dfaff9bff";"pf-avd-prd";"RG-PF-AVD-PRD-APP-ATA-001";"FRAAATA-16";"Virtual Machine";"Windows Server VM";"westeurope";"Standard_D4as_v5";"2";"Windows_Client";"NON ACTIVÉ (Windows_Client)";"False";"0";"0";"28";"25.76";"40%";"⚡ Activer AHB → économiser ~28 USD/mois";"/subscriptions/40cd83e3-43d0-4a3c-a026-849dfaff9bff/resourceGroups/RG-PF-AVD-PRD-APP-ATA-001/providers/Microsoft.Compute/virtualMachines/FRAAATA-16"
"40cd83e3-43d0-4a3c-a026-849dfaff9bff";"pf-avd-prd";"RG-PF-AVD-PRD-APP-ATA-001";"FRAAATA-18";"Virtual Machine";"Windows Server VM";"westeurope";"Standard_D2as_v5";"2";"Windows_Client";"NON ACTIVÉ (Windows_Client)";"False";"0";"0";"28";"25.76";"40%";"⚡ Activer AHB → économiser ~28 USD/mois";"/subscriptions/40cd83e3-43d0-4a3c-a026-849dfaff9bff/resourceGroups/RG-PF-AVD-PRD-APP-ATA-001/providers/Microsoft.Compute/virtualMachines/FRAAATA-18"
"40cd83e3-43d0-4a3c-a026-849dfaff9bff";"pf-avd-prd";"RG-PF-AVD-PRD-APP-ATA-001";"FRAAATA-20";"Virtual Machine";"Windows Server VM";"westeurope";"Standard_D4as_v5";"2";"Windows_Client";"NON ACTIVÉ (Windows_Client)";"False";"0";"0";"28";"25.76";"40%";"⚡ Activer AHB → économiser ~28 USD/mois";"/subscriptions/40cd83e3-43d0-4a3c-a026-849dfaff9bff/resourceGroups/RG-PF-AVD-PRD-APP-ATA-001/providers/Microsoft.Compute/virtualMachines/FRAAATA-20"
"40cd83e3-43d0-4a3c-a026-849dfaff9bff";"pf-avd-prd";"RG-PF-AVD-PRD-APP-ATA-001";"FRAAATA-22";"Virtual Machine";"Windows Server VM";"westeurope";"Standard_D4as_v5";"2";"Windows_Client";"NON ACTIVÉ (Windows_Client)";"False";"0";"0";"28";"25.76";"40%";"⚡ Activer AHB → économiser ~28 USD/mois";"/subscriptions/40cd83e3-43d0-4a3c-a026-849dfaff9bff/resourceGroups/RG-PF-AVD-PRD-APP-ATA-001/providers/Microsoft.Compute/virtualMachines/FRAAATA-22"
"40cd83e3-43d0-4a3c-a026-849dfaff9bff";"pf-avd-prd";"RG-PF-AVD-PRD-APP-ATA-001";"FRAAATA-23";"Virtual Machine";"Windows Server VM";"westeurope";"Standard_D4as_v5";"2";"Windows_Client";"NON ACTIVÉ (Windows_Client)";"False";"0";"0";"28";"25.76";"40%";"⚡ Activer AHB → économiser ~28 USD/mois";"/subscriptions/40cd83e3-43d0-4a3c-a026-849dfaff9bff/resourceGroups/RG-PF-AVD-PRD-APP-ATA-001/providers/Microsoft.Compute/virtualMachines/FRAAATA-23"
"40cd83e3-43d0-4a3c-a026-849dfaff9bff";"pf-avd-prd";"RG-PF-AVD-PRD-APP-ATA-001";"FRAAATA-24";"Virtual Machine";"Windows Server VM";"westeurope";"Standard_D4as_v5";"2";"Windows_Client";"NON ACTIVÉ (Windows_Client)";"False";"0";"0";"28";"25.76";"40%";"⚡ Activer AHB → économiser ~28 USD/mois";"/subscriptions/40cd83e3-43d0-4a3c-a026-849dfaff9bff/resourceGroups/RG-PF-AVD-PRD-APP-ATA-001/providers/Microsoft.Compute/virtualMachines/FRAAATA-24"
"40cd83e3-43d0-4a3c-a026-849dfaff9bff";"pf-avd-prd";"RG-PF-AVD-PRD-APP-C4R-001";"FRAAC4R-0";"Virtual Machine";"Windows Server VM";"westeurope";"Standard_D4ls_v5";"2";"Windows_Client";"NON ACTIVÉ (Windows_Client)";"False";"0";"0";"28";"25.76";"40%";"⚡ Activer AHB → économiser ~28 USD/mois";"/subscriptions/40cd83e3-43d0-4a3c-a026-849dfaff9bff/resourceGroups/RG-PF-AVD-PRD-APP-C4R-001/providers/Microsoft.Compute/virtualMachines/FRAAC4R-0"
"40cd83e3-43d0-4a3c-a026-849dfaff9bff";"pf-avd-prd";"RG-PF-AVD-PRD-APP-C4R-001";"FRAAC4R-1";"Virtual Machine";"Windows Server VM";"westeurope";"Standard_D4ls_v5";"2";"Windows_Client";"NON ACTIVÉ (Windows_Client)";"False";"0";"0";"28";"25.76";"40%";"⚡ Activer AHB → économiser ~28 USD/mois";"/subscriptions/40cd83e3-43d0-4a3c-a026-849dfaff9bff/resourceGroups/RG-PF-AVD-PRD-APP-C4R-001/providers/Microsoft.Compute/virtualMachines/FRAAC4R-1"
"40cd83e3-43d0-4a3c-a026-849dfaff9bff";"pf-avd-prd";"RG-PF-AVD-PRD-APP-C4R-001";"FRAAC4R-2";"Virtual Machine";"Windows Server VM";"westeurope";"Standard_D4ls_v5";"2";"Windows_Client";"NON ACTIVÉ (Windows_Client)";"False";"0";"0";"28";"25.76";"40%";"⚡ Activer AHB → économiser ~28 USD/mois";"/subscriptions/40cd83e3-43d0-4a3c-a026-849dfaff9bff/resourceGroups/RG-PF-AVD-PRD-APP-C4R-001/providers/Microsoft.Compute/virtualMachines/FRAAC4R-2"
"40cd83e3-43d0-4a3c-a026-849dfaff9bff";"pf-avd-prd";"RG-PF-AVD-PRD-APP-CCM-001";"FRAACCM-0";"Virtual Machine";"Windows Server VM";"westeurope";"Standard_D4as_v5";"2";"Windows_Client";"NON ACTIVÉ (Windows_Client)";"False";"0";"0";"28";"25.76";"40%";"⚡ Activer AHB → économiser ~28 USD/mois";"/subscriptions/40cd83e3-43d0-4a3c-a026-849dfaff9bff/resourceGroups/RG-PF-AVD-PRD-APP-CCM-001/providers/Microsoft.Compute/virtualMachines/FRAACCM-0"
"40cd83e3-43d0-4a3c-a026-849dfaff9bff";"pf-avd-prd";"RG-PF-AVD-PRD-APP-CCM-001";"FRAACCM-1";"Virtual Machine";"Windows Server VM";"westeurope";"Standard_D4as_v5";"2";"Windows_Client";"NON ACTIVÉ (Windows_Client)";"False";"0";"0";"28";"25.76";"40%";"⚡ Activer AHB → économiser ~28 USD/mois";"/subscriptions/40cd83e3-43d0-4a3c-a026-849dfaff9bff/resourceGroups/RG-PF-AVD-PRD-APP-CCM-001/providers/Microsoft.Compute/virtualMachines/FRAACCM-1"
"40cd83e3-43d0-4a3c-a026-849dfaff9bff";"pf-avd-prd";"RG-PF-AVD-PRD-APP-CCM-001";"FRAACCM-2";"Virtual Machine";"Windows Server VM";"westeurope";"Standard_D4as_v5";"2";"Windows_Client";"NON ACTIVÉ (Windows_Client)";"False";"0";"0";"28";"25.76";"40%";"⚡ Activer AHB → économiser ~28 USD/mois";"/subscriptions/40cd83e3-43d0-4a3c-a026-849dfaff9bff/resourceGroups/RG-PF-AVD-PRD-APP-CCM-001/providers/Microsoft.Compute/virtualMachines/FRAACCM-2"
"40cd83e3-43d0-4a3c-a026-849dfaff9bff";"pf-avd-prd";"RG-PF-AVD-PRD-APP-CCOE-001";"FRACCO-0";"Virtual Machine";"Windows Server VM";"westeurope";"Standard_D4as_v5";"2";"Windows_Client";"NON ACTIVÉ (Windows_Client)";"False";"0";"0";"28";"25.76";"40%";"⚡ Activer AHB → économiser ~28 USD/mois";"/subscriptions/40cd83e3-43d0-4a3c-a026-849dfaff9bff/resourceGroups/RG-PF-AVD-PRD-APP-CCOE-001/providers/Microsoft.Compute/virtualMachines/FRACCO-0"
"40cd83e3-43d0-4a3c-a026-849dfaff9bff";"pf-avd-prd";"RG-PF-AVD-PRD-APP-CCOE-001";"FRACCO-1";"Virtual Machine";"Windows Server VM";"westeurope";"Standard_D4as_v5";"2";"Windows_Client";"NON ACTIVÉ (Windows_Client)";"False";"0";"0";"28";"25.76";"40%";"⚡ Activer AHB → économiser ~28 USD/mois";"/subscriptions/40cd83e3-43d0-4a3c-a026-849dfaff9bff/resourceGroups/RG-PF-AVD-PRD-APP-CCOE-001/providers/Microsoft.Compute/virtualMachines/FRACCO-1"
"40cd83e3-43d0-4a3c-a026-849dfaff9bff";"pf-avd-prd";"RG-PF-AVD-PRD-APP-CCOE-001";"FRACCO-10";"Virtual Machine";"Windows Server VM";"westeurope";"Standard_D4as_v5";"2";"Windows_Client";"NON ACTIVÉ (Windows_Client)";"False";"0";"0";"28";"25.76";"40%";"⚡ Activer AHB → économiser ~28 USD/mois";"/subscriptions/40cd83e3-43d0-4a3c-a026-849dfaff9bff/resourceGroups/RG-PF-AVD-PRD-APP-CCOE-001/providers/Microsoft.Compute/virtualMachines/FRACCO-10"
"40cd83e3-43d0-4a3c-a026-849dfaff9bff";"pf-avd-prd";"RG-PF-AVD-PRD-APP-CCOE-001";"FRACCO-11";"Virtual Machine";"Windows Server VM";"westeurope";"Standard_D4as_v5";"2";"Windows_Client";"NON ACTIVÉ (Windows_Client)";"False";"0";"0";"28";"25.76";"40%";"⚡ Activer AHB → économiser ~28 USD/mois";"/subscriptions/40cd83e3-43d0-4a3c-a026-849dfaff9bff/resourceGroups/RG-PF-AVD-PRD-APP-CCOE-001/providers/Microsoft.Compute/virtualMachines/FRACCO-11"
"40cd83e3-43d0-4a3c-a026-849dfaff9bff";"pf-avd-prd";"RG-PF-AVD-PRD-APP-CCOE-001";"FRACCO-12";"Virtual Machine";"Windows Server VM";"westeurope";"Standard_D2as_v5";"2";"Windows_Client";"NON ACTIVÉ (Windows_Client)";"False";"0";"0";"28";"25.76";"40%";"⚡ Activer AHB → économiser ~28 USD/mois";"/subscriptions/40cd83e3-43d0-4a3c-a026-849dfaff9bff/resourceGroups/RG-PF-AVD-PRD-APP-CCOE-001/providers/Microsoft.Compute/virtualMachines/FRACCO-12"
"40cd83e3-43d0-4a3c-a026-849dfaff9bff";"pf-avd-prd";"RG-PF-AVD-PRD-APP-CCOE-001";"FRACCO-13";"Virtual Machine";"Windows Server VM";"westeurope";"Standard_D4as_v5";"2";"Windows_Client";"NON ACTIVÉ (Windows_Client)";"False";"0";"0";"28";"25.76";"40%";"⚡ Activer AHB → économiser ~28 USD/mois";"/subscriptions/40cd83e3-43d0-4a3c-a026-849dfaff9bff/resourceGroups/RG-PF-AVD-PRD-APP-CCOE-001/providers/Microsoft.Compute/virtualMachines/FRACCO-13"
"40cd83e3-43d0-4a3c-a026-849dfaff9bff";"pf-avd-prd";"RG-PF-AVD-PRD-APP-CCOE-001";"FRACCO-14";"Virtual Machine";"Windows Server VM";"westeurope";"Standard_D4as_v5";"2";"Windows_Client";"NON ACTIVÉ (Windows_Client)";"False";"0";"0";"28";"25.76";"40%";"⚡ Activer AHB → économiser ~28 USD/mois";"/subscriptions/40cd83e3-43d0-4a3c-a026-849dfaff9bff/resourceGroups/RG-PF-AVD-PRD-APP-CCOE-001/providers/Microsoft.Compute/virtualMachines/FRACCO-14"
"40cd83e3-43d0-4a3c-a026-849dfaff9bff";"pf-avd-prd";"RG-PF-AVD-PRD-APP-CCOE-001";"FRACCO-15";"Virtual Machine";"Windows Server VM";"westeurope";"Standard_D4as_v5";"2";"Windows_Client";"NON ACTIVÉ (Windows_Client)";"False";"0";"0";"28";"25.76";"40%";"⚡ Activer AHB → économiser ~28 USD/mois";"/subscriptions/40cd83e3-43d0-4a3c-a026-849dfaff9bff/resourceGroups/RG-PF-AVD-PRD-APP-CCOE-001/providers/Microsoft.Compute/virtualMachines/FRACCO-15"
"40cd83e3-43d0-4a3c-a026-849dfaff9bff";"pf-avd-prd";"RG-PF-AVD-PRD-APP-CCOE-001";"FRACCO-5";"Virtual Machine";"Windows Server VM";"westeurope";"Standard_D4as_v5";"2";"Windows_Client";"NON ACTIVÉ (Windows_Client)";"False";"0";"0";"28";"25.76";"40%";"⚡ Activer AHB → économiser ~28 USD/mois";"/subscriptions/40cd83e3-43d0-4a3c-a026-849dfaff9bff/resourceGroups/RG-PF-AVD-PRD-APP-CCOE-001/providers/Microsoft.Compute/virtualMachines/FRACCO-5"
"40cd83e3-43d0-4a3c-a026-849dfaff9bff";"pf-avd-prd";"RG-PF-AVD-PRD-APP-CCOE-001";"FRACCO-6";"Virtual Machine";"Windows Server VM";"westeurope";"Standard_D2as_v5";"2";"Windows_Client";"NON ACTIVÉ (Windows_Client)";"False";"0";"0";"28";"25.76";"40%";"⚡ Activer AHB → économiser ~28 USD/mois";"/subscriptions/40cd83e3-43d0-4a3c-a026-849dfaff9bff/resourceGroups/RG-PF-AVD-PRD-APP-CCOE-001/providers/Microsoft.Compute/virtualMachines/FRACCO-6"
"40cd83e3-43d0-4a3c-a026-849dfaff9bff";"pf-avd-prd";"RG-PF-AVD-PRD-APP-LAB-001";"FRAALAB-0";"Virtual Machine";"Windows Server VM";"francecentral";"Standard_D4_v5";"4";"Windows_Client";"NON ACTIVÉ (Windows_Client)";"False";"0";"0";"56";"51.52";"40%";"⚡ Activer AHB → économiser ~56 USD/mois";"/subscriptions/40cd83e3-43d0-4a3c-a026-849dfaff9bff/resourceGroups/RG-PF-AVD-PRD-APP-LAB-001/providers/Microsoft.Compute/virtualMachines/FRAALAB-0"
"40cd83e3-43d0-4a3c-a026-849dfaff9bff";"pf-avd-prd";"RG-PF-AVD-PRD-APP-LAB-001";"FRAALAB-1";"Virtual Machine";"Windows Server VM";"francecentral";"Standard_D4_v5";"4";"Windows_Client";"NON ACTIVÉ (Windows_Client)";"False";"0";"0";"56";"51.52";"40%";"⚡ Activer AHB → économiser ~56 USD/mois";"/subscriptions/40cd83e3-43d0-4a3c-a026-849dfaff9bff/resourceGroups/RG-PF-AVD-PRD-APP-LAB-001/providers/Microsoft.Compute/virtualMachines/FRAALAB-1"
"40cd83e3-43d0-4a3c-a026-849dfaff9bff";"pf-avd-prd";"RG-PF-AVD-PRD-APP-LAB-001";"FRAALAB-10";"Virtual Machine";"Windows Server VM";"francecentral";"Standard_D4_v5";"4";"Windows_Client";"NON ACTIVÉ (Windows_Client)";"False";"0";"0";"56";"51.52";"40%";"⚡ Activer AHB → économiser ~56 USD/mois";"/subscriptions/40cd83e3-43d0-4a3c-a026-849dfaff9bff/resourceGroups/RG-PF-AVD-PRD-APP-LAB-001/providers/Microsoft.Compute/virtualMachines/FRAALAB-10"
"40cd83e3-43d0-4a3c-a026-849dfaff9bff";"pf-avd-prd";"RG-PF-AVD-PRD-APP-LAB-001";"FRAALAB-2";"Virtual Machine";"Windows Server VM";"francecentral";"Standard_D4_v5";"4";"Windows_Client";"NON ACTIVÉ (Windows_Client)";"False";"0";"0";"56";"51.52";"40%";"⚡ Activer AHB → économiser ~56 USD/mois";"/subscriptions/40cd83e3-43d0-4a3c-a026-849dfaff9bff/resourceGroups/RG-PF-AVD-PRD-APP-LAB-001/providers/Microsoft.Compute/virtualMachines/FRAALAB-2"
"40cd83e3-43d0-4a3c-a026-849dfaff9bff";"pf-avd-prd";"RG-PF-AVD-PRD-APP-LAB-001";"FRAALAB-3";"Virtual Machine";"Windows Server VM";"francecentral";"Standard_D4_v5";"4";"Windows_Client";"NON ACTIVÉ (Windows_Client)";"False";"0";"0";"56";"51.52";"40%";"⚡ Activer AHB → économiser ~56 USD/mois";"/subscriptions/40cd83e3-43d0-4a3c-a026-849dfaff9bff/resourceGroups/RG-PF-AVD-PRD-APP-LAB-001/providers/Microsoft.Compute/virtualMachines/FRAALAB-3"
"40cd83e3-43d0-4a3c-a026-849dfaff9bff";"pf-avd-prd";"RG-PF-AVD-PRD-APP-LAB-001";"FRAALAB-4";"Virtual Machine";"Windows Server VM";"francecentral";"Standard_D4_v5";"4";"Windows_Client";"NON ACTIVÉ (Windows_Client)";"False";"0";"0";"56";"51.52";"40%";"⚡ Activer AHB → économiser ~56 USD/mois";"/subscriptions/40cd83e3-43d0-4a3c-a026-849dfaff9bff/resourceGroups/RG-PF-AVD-PRD-APP-LAB-001/providers/Microsoft.Compute/virtualMachines/FRAALAB-4"
"40cd83e3-43d0-4a3c-a026-849dfaff9bff";"pf-avd-prd";"RG-PF-AVD-PRD-APP-LAB-001";"FRAALAB-5";"Virtual Machine";"Windows Server VM";"francecentral";"Standard_D4_v5";"4";"Windows_Client";"NON ACTIVÉ (Windows_Client)";"False";"0";"0";"56";"51.52";"40%";"⚡ Activer AHB → économiser ~56 USD/mois";"/subscriptions/40cd83e3-43d0-4a3c-a026-849dfaff9bff/resourceGroups/RG-PF-AVD-PRD-APP-LAB-001/providers/Microsoft.Compute/virtualMachines/FRAALAB-5"
"40cd83e3-43d0-4a3c-a026-849dfaff9bff";"pf-avd-prd";"RG-PF-AVD-PRD-APP-LAB-001";"FRAALAB-6";"Virtual Machine";"Windows Server VM";"francecentral";"Standard_D4_v5";"4";"Windows_Client";"NON ACTIVÉ (Windows_Client)";"False";"0";"0";"56";"51.52";"40%";"⚡ Activer AHB → économiser ~56 USD/mois";"/subscriptions/40cd83e3-43d0-4a3c-a026-849dfaff9bff/resourceGroups/RG-PF-AVD-PRD-APP-LAB-001/providers/Microsoft.Compute/virtualMachines/FRAALAB-6"
"40cd83e3-43d0-4a3c-a026-849dfaff9bff";"pf-avd-prd";"RG-PF-AVD-PRD-APP-LAB-001";"FRAALAB-7";"Virtual Machine";"Windows Server VM";"francecentral";"Standard_D4_v5";"4";"Windows_Client";"NON ACTIVÉ (Windows_Client)";"False";"0";"0";"56";"51.52";"40%";"⚡ Activer AHB → économiser ~56 USD/mois";"/subscriptions/40cd83e3-43d0-4a3c-a026-849dfaff9bff/resourceGroups/RG-PF-AVD-PRD-APP-LAB-001/providers/Microsoft.Compute/virtualMachines/FRAALAB-7"
"40cd83e3-43d0-4a3c-a026-849dfaff9bff";"pf-avd-prd";"RG-PF-AVD-PRD-APP-LAB-001";"FRAALAB-8";"Virtual Machine";"Windows Server VM";"francecentral";"Standard_D4_v5";"4";"Windows_Client";"NON ACTIVÉ (Windows_Client)";"False";"0";"0";"56";"51.52";"40%";"⚡ Activer AHB → économiser ~56 USD/mois";"/subscriptions/40cd83e3-43d0-4a3c-a026-849dfaff9bff/resourceGroups/RG-PF-AVD-PRD-APP-LAB-001/providers/Microsoft.Compute/virtualMachines/FRAALAB-8"
"40cd83e3-43d0-4a3c-a026-849dfaff9bff";"pf-avd-prd";"RG-PF-AVD-PRD-APP-LAB-001";"FRAALAB-9";"Virtual Machine";"Windows Server VM";"francecentral";"Standard_D4_v5";"4";"Windows_Client";"NON ACTIVÉ (Windows_Client)";"False";"0";"0";"56";"51.52";"40%";"⚡ Activer AHB → économiser ~56 USD/mois";"/subscriptions/40cd83e3-43d0-4a3c-a026-849dfaff9bff/resourceGroups/RG-PF-AVD-PRD-APP-LAB-001/providers/Microsoft.Compute/virtualMachines/FRAALAB-9"
"40cd83e3-43d0-4a3c-a026-849dfaff9bff";"pf-avd-prd";"RG-PF-AVD-PRD-APP-SCC-001";"FRAASCC-0";"Virtual Machine";"Windows Server VM";"francecentral";"Standard_D32as_v5";"2";"Windows_Client";"NON ACTIVÉ (Windows_Client)";"False";"0";"0";"28";"25.76";"40%";"⚡ Activer AHB → économiser ~28 USD/mois";"/subscriptions/40cd83e3-43d0-4a3c-a026-849dfaff9bff/resourceGroups/RG-PF-AVD-PRD-APP-SCC-001/providers/Microsoft.Compute/virtualMachines/FRAASCC-0"
"40cd83e3-43d0-4a3c-a026-849dfaff9bff";"pf-avd-prd";"RG-PF-AVD-PRD-APP-SCC-001";"FRAASCC-1";"Virtual Machine";"Windows Server VM";"francecentral";"Standard_D32as_v5";"2";"Windows_Client";"NON ACTIVÉ (Windows_Client)";"False";"0";"0";"28";"25.76";"40%";"⚡ Activer AHB → économiser ~28 USD/mois";"/subscriptions/40cd83e3-43d0-4a3c-a026-849dfaff9bff/resourceGroups/RG-PF-AVD-PRD-APP-SCC-001/providers/Microsoft.Compute/virtualMachines/FRAASCC-1"
"40cd83e3-43d0-4a3c-a026-849dfaff9bff";"pf-avd-prd";"RG-PF-AVD-PRD-APP-SCC-001";"FRAASCC-2";"Virtual Machine";"Windows Server VM";"francecentral";"Standard_D32as_v5";"2";"Windows_Client";"NON ACTIVÉ (Windows_Client)";"False";"0";"0";"28";"25.76";"40%";"⚡ Activer AHB → économiser ~28 USD/mois";"/subscriptions/40cd83e3-43d0-4a3c-a026-849dfaff9bff/resourceGroups/RG-PF-AVD-PRD-APP-SCC-001/providers/Microsoft.Compute/virtualMachines/FRAASCC-2"
"40cd83e3-43d0-4a3c-a026-849dfaff9bff";"pf-avd-prd";"RG-PF-AVD-PRD-APP-SCC-001";"FRAASCC-3";"Virtual Machine";"Windows Server VM";"francecentral";"Standard_D32as_v5";"2";"Windows_Client";"NON ACTIVÉ (Windows_Client)";"False";"0";"0";"28";"25.76";"40%";"⚡ Activer AHB → économiser ~28 USD/mois";"/subscriptions/40cd83e3-43d0-4a3c-a026-849dfaff9bff/resourceGroups/RG-PF-AVD-PRD-APP-SCC-001/providers/Microsoft.Compute/virtualMachines/FRAASCC-3"
"40cd83e3-43d0-4a3c-a026-849dfaff9bff";"pf-avd-prd";"RG-PF-AVD-PRD-APP-SCC-001";"FRAASCC-4";"Virtual Machine";"Windows Server VM";"francecentral";"Standard_D32as_v5";"2";"Windows_Client";"NON ACTIVÉ (Windows_Client)";"False";"0";"0";"28";"25.76";"40%";"⚡ Activer AHB → économiser ~28 USD/mois";"/subscriptions/40cd83e3-43d0-4a3c-a026-849dfaff9bff/resourceGroups/RG-PF-AVD-PRD-APP-SCC-001/providers/Microsoft.Compute/virtualMachines/FRAASCC-4"
"40cd83e3-43d0-4a3c-a026-849dfaff9bff";"pf-avd-prd";"RG-PF-AVD-PRD-APP-SCC-001";"FRAASCC-5";"Virtual Machine";"Windows Server VM";"francecentral";"Standard_D32as_v5";"2";"Windows_Client";"NON ACTIVÉ (Windows_Client)";"False";"0";"0";"28";"25.76";"40%";"⚡ Activer AHB → économiser ~28 USD/mois";"/subscriptions/40cd83e3-43d0-4a3c-a026-849dfaff9bff/resourceGroups/RG-PF-AVD-PRD-APP-SCC-001/providers/Microsoft.Compute/virtualMachines/FRAASCC-5"
"40cd83e3-43d0-4a3c-a026-849dfaff9bff";"pf-avd-prd";"RG-PF-AVD-PRD-APP-SCC-001";"FRAASCC-6";"Virtual Machine";"Windows Server VM";"francecentral";"Standard_D32as_v5";"2";"Windows_Client";"NON ACTIVÉ (Windows_Client)";"False";"0";"0";"28";"25.76";"40%";"⚡ Activer AHB → économiser ~28 USD/mois";"/subscriptions/40cd83e3-43d0-4a3c-a026-849dfaff9bff/resourceGroups/RG-PF-AVD-PRD-APP-SCC-001/providers/Microsoft.Compute/virtualMachines/FRAASCC-6"
"40cd83e3-43d0-4a3c-a026-849dfaff9bff";"pf-avd-prd";"RG-PF-AVD-PRD-APP-SCC-001";"FRAASCC-7";"Virtual Machine";"Windows Server VM";"francecentral";"Standard_D32as_v5";"2";"Windows_Client";"NON ACTIVÉ (Windows_Client)";"False";"0";"0";"28";"25.76";"40%";"⚡ Activer AHB → économiser ~28 USD/mois";"/subscriptions/40cd83e3-43d0-4a3c-a026-849dfaff9bff/resourceGroups/RG-PF-AVD-PRD-APP-SCC-001/providers/Microsoft.Compute/virtualMachines/FRAASCC-7"
"40cd83e3-43d0-4a3c-a026-849dfaff9bff";"pf-avd-prd";"RG-PF-AVD-PRD-APP-SCC-001";"FRAASCC-8";"Virtual Machine";"Windows Server VM";"francecentral";"Standard_D32as_v5";"2";"Windows_Client";"NON ACTIVÉ (Windows_Client)";"False";"0";"0";"28";"25.76";"40%";"⚡ Activer AHB → économiser ~28 USD/mois";"/subscriptions/40cd83e3-43d0-4a3c-a026-849dfaff9bff/resourceGroups/RG-PF-AVD-PRD-APP-SCC-001/providers/Microsoft.Compute/virtualMachines/FRAASCC-8"
"40cd83e3-43d0-4a3c-a026-849dfaff9bff";"pf-avd-prd";"RG-PF-AVD-PRD-APP-SCC-001";"FRAASCC-9";"Virtual Machine";"Windows Server VM";"francecentral";"Standard_D32as_v5";"2";"Windows_Client";"NON ACTIVÉ (Windows_Client)";"False";"0";"0";"28";"25.76";"40%";"⚡ Activer AHB → économiser ~28 USD/mois";"/subscriptions/40cd83e3-43d0-4a3c-a026-849dfaff9bff/resourceGroups/RG-PF-AVD-PRD-APP-SCC-001/providers/Microsoft.Compute/virtualMachines/FRAASCC-9"
"40cd83e3-43d0-4a3c-a026-849dfaff9bff";"pf-avd-prd";"RG-PF-AVD-PRD-APP-SCC-001";"testmachine";"Virtual Machine";"Windows Server VM";"francecentral";"Standard_D32as_v4";"2";"Windows_Client";"NON ACTIVÉ (Windows_Client)";"False";"0";"0";"28";"25.76";"40%";"⚡ Activer AHB → économiser ~28 USD/mois";"/subscriptions/40cd83e3-43d0-4a3c-a026-849dfaff9bff/resourceGroups/RG-PF-AVD-PRD-APP-SCC-001/providers/Microsoft.Compute/virtualMachines/testmachine"
"40cd83e3-43d0-4a3c-a026-849dfaff9bff";"pf-avd-prd";"RG-PF-AVD-PRD-APP-CCOE-001";"FRACCO-7";"Virtual Machine";"Windows Server VM";"westeurope";"Standard_D4as_v5";"2";"Windows_Client";"NON ACTIVÉ (Windows_Client)";"False";"0";"0";"28";"25.76";"40%";"⚡ Activer AHB → économiser ~28 USD/mois";"/subscriptions/40cd83e3-43d0-4a3c-a026-849dfaff9bff/resourceGroups/RG-PF-AVD-PRD-APP-CCOE-001/providers/Microsoft.Compute/virtualMachines/FRACCO-7"
"40cd83e3-43d0-4a3c-a026-849dfaff9bff";"pf-avd-prd";"RG-PF-AVD-PRD-APP-CCOE-001";"FRACCO-8";"Virtual Machine";"Windows Server VM";"westeurope";"Standard_D4as_v5";"2";"Windows_Client";"NON ACTIVÉ (Windows_Client)";"False";"0";"0";"28";"25.76";"40%";"⚡ Activer AHB → économiser ~28 USD/mois";"/subscriptions/40cd83e3-43d0-4a3c-a026-849dfaff9bff/resourceGroups/RG-PF-AVD-PRD-APP-CCOE-001/providers/Microsoft.Compute/virtualMachines/FRACCO-8"
"40cd83e3-43d0-4a3c-a026-849dfaff9bff";"pf-avd-prd";"RG-PF-AVD-PRD-APP-CCOE-001";"FRACCO-9";"Virtual Machine";"Windows Server VM";"westeurope";"Standard_D2as_v5";"2";"Windows_Client";"NON ACTIVÉ (Windows_Client)";"False";"0";"0";"28";"25.76";"40%";"⚡ Activer AHB → économiser ~28 USD/mois";"/subscriptions/40cd83e3-43d0-4a3c-a026-849dfaff9bff/resourceGroups/RG-PF-AVD-PRD-APP-CCOE-001/providers/Microsoft.Compute/virtualMachines/FRACCO-9"
"40cd83e3-43d0-4a3c-a026-849dfaff9bff";"pf-avd-prd";"RG-PF-AVD-PRD-APP-DAN-001";"FRAADAN-0";"Virtual Machine";"Windows Server VM";"westeurope";"Standard_D8as_v6";"2";"Windows_Client";"NON ACTIVÉ (Windows_Client)";"False";"0";"0";"28";"25.76";"40%";"⚡ Activer AHB → économiser ~28 USD/mois";"/subscriptions/40cd83e3-43d0-4a3c-a026-849dfaff9bff/resourceGroups/RG-PF-AVD-PRD-APP-DAN-001/providers/Microsoft.Compute/virtualMachines/FRAADAN-0"
"40cd83e3-43d0-4a3c-a026-849dfaff9bff";"pf-avd-prd";"RG-PF-AVD-PRD-APP-DAN-001";"FRAADAN-1";"Virtual Machine";"Windows Server VM";"westeurope";"Standard_D8as_v6";"2";"Windows_Client";"NON ACTIVÉ (Windows_Client)";"False";"0";"0";"28";"25.76";"40%";"⚡ Activer AHB → économiser ~28 USD/mois";"/subscriptions/40cd83e3-43d0-4a3c-a026-849dfaff9bff/resourceGroups/RG-PF-AVD-PRD-APP-DAN-001/providers/Microsoft.Compute/virtualMachines/FRAADAN-1"
"40cd83e3-43d0-4a3c-a026-849dfaff9bff";"pf-avd-prd";"RG-PF-AVD-PRD-APP-DAN-001";"FRAADAN-10";"Virtual Machine";"Windows Server VM";"westeurope";"Standard_D8as_v6";"2";"Windows_Client";"NON ACTIVÉ (Windows_Client)";"False";"0";"0";"28";"25.76";"40%";"⚡ Activer AHB → économiser ~28 USD/mois";"/subscriptions/40cd83e3-43d0-4a3c-a026-849dfaff9bff/resourceGroups/RG-PF-AVD-PRD-APP-DAN-001/providers/Microsoft.Compute/virtualMachines/FRAADAN-10"
"40cd83e3-43d0-4a3c-a026-849dfaff9bff";"pf-avd-prd";"RG-PF-AVD-PRD-APP-DAN-001";"FRAADAN-11";"Virtual Machine";"Windows Server VM";"westeurope";"Standard_D8as_v6";"2";"Windows_Client";"NON ACTIVÉ (Windows_Client)";"False";"0";"0";"28";"25.76";"40%";"⚡ Activer AHB → économiser ~28 USD/mois";"/subscriptions/40cd83e3-43d0-4a3c-a026-849dfaff9bff/resourceGroups/RG-PF-AVD-PRD-APP-DAN-001/providers/Microsoft.Compute/virtualMachines/FRAADAN-11"
"40cd83e3-43d0-4a3c-a026-849dfaff9bff";"pf-avd-prd";"RG-PF-AVD-PRD-APP-DAN-001";"FRAADAN-12";"Virtual Machine";"Windows Server VM";"westeurope";"Standard_D8as_v6";"2";"Windows_Client";"NON ACTIVÉ (Windows_Client)";"False";"0";"0";"28";"25.76";"40%";"⚡ Activer AHB → économiser ~28 USD/mois";"/subscriptions/40cd83e3-43d0-4a3c-a026-849dfaff9bff/resourceGroups/RG-PF-AVD-PRD-APP-DAN-001/providers/Microsoft.Compute/virtualMachines/FRAADAN-12"
"40cd83e3-43d0-4a3c-a026-849dfaff9bff";"pf-avd-prd";"RG-PF-AVD-PRD-APP-DAN-001";"FRAADAN-13";"Virtual Machine";"Windows Server VM";"westeurope";"Standard_D8as_v6";"2";"Windows_Client";"NON ACTIVÉ (Windows_Client)";"False";"0";"0";"28";"25.76";"40%";"⚡ Activer AHB → économiser ~28 USD/mois";"/subscriptions/40cd83e3-43d0-4a3c-a026-849dfaff9bff/resourceGroups/RG-PF-AVD-PRD-APP-DAN-001/providers/Microsoft.Compute/virtualMachines/FRAADAN-13"
"40cd83e3-43d0-4a3c-a026-849dfaff9bff";"pf-avd-prd";"RG-PF-AVD-PRD-APP-DAN-001";"FRAADAN-14";"Virtual Machine";"Windows Server VM";"westeurope";"Standard_D8as_v6";"2";"Windows_Client";"NON ACTIVÉ (Windows_Client)";"False";"0";"0";"28";"25.76";"40%";"⚡ Activer AHB → économiser ~28 USD/mois";"/subscriptions/40cd83e3-43d0-4a3c-a026-849dfaff9bff/resourceGroups/RG-PF-AVD-PRD-APP-DAN-001/providers/Microsoft.Compute/virtualMachines/FRAADAN-14"
"40cd83e3-43d0-4a3c-a026-849dfaff9bff";"pf-avd-prd";"RG-PF-AVD-PRD-APP-DAN-001";"FRAADAN-15";"Virtual Machine";"Windows Server VM";"westeurope";"Standard_D8as_v6";"2";"Windows_Client";"NON ACTIVÉ (Windows_Client)";"False";"0";"0";"28";"25.76";"40%";"⚡ Activer AHB → économiser ~28 USD/mois";"/subscriptions/40cd83e3-43d0-4a3c-a026-849dfaff9bff/resourceGroups/RG-PF-AVD-PRD-APP-DAN-001/providers/Microsoft.Compute/virtualMachines/FRAADAN-15"
"40cd83e3-43d0-4a3c-a026-849dfaff9bff";"pf-avd-prd";"RG-PF-AVD-PRD-APP-DAN-001";"FRAADAN-16";"Virtual Machine";"Windows Server VM";"westeurope";"Standard_D8as_v6";"2";"Windows_Client";"NON ACTIVÉ (Windows_Client)";"False";"0";"0";"28";"25.76";"40%";"⚡ Activer AHB → économiser ~28 USD/mois";"/subscriptions/40cd83e3-43d0-4a3c-a026-849dfaff9bff/resourceGroups/RG-PF-AVD-PRD-APP-DAN-001/providers/Microsoft.Compute/virtualMachines/FRAADAN-16"
"40cd83e3-43d0-4a3c-a026-849dfaff9bff";"pf-avd-prd";"RG-PF-AVD-PRD-APP-DAN-001";"FRAADAN-17";"Virtual Machine";"Windows Server VM";"westeurope";"Standard_D4as_v6";"2";"Windows_Client";"NON ACTIVÉ (Windows_Client)";"False";"0";"0";"28";"25.76";"40%";"⚡ Activer AHB → économiser ~28 USD/mois";"/subscriptions/40cd83e3-43d0-4a3c-a026-849dfaff9bff/resourceGroups/RG-PF-AVD-PRD-APP-DAN-001/providers/Microsoft.Compute/virtualMachines/FRAADAN-17"
"40cd83e3-43d0-4a3c-a026-849dfaff9bff";"pf-avd-prd";"RG-PF-AVD-PRD-APP-DAN-001";"FRAADAN-18";"Virtual Machine";"Windows Server VM";"westeurope";"Standard_D8as_v6";"2";"Windows_Client";"NON ACTIVÉ (Windows_Client)";"False";"0";"0";"28";"25.76";"40%";"⚡ Activer AHB → économiser ~28 USD/mois";"/subscriptions/40cd83e3-43d0-4a3c-a026-849dfaff9bff/resourceGroups/RG-PF-AVD-PRD-APP-DAN-001/providers/Microsoft.Compute/virtualMachines/FRAADAN-18"
"40cd83e3-43d0-4a3c-a026-849dfaff9bff";"pf-avd-prd";"RG-PF-AVD-PRD-APP-DAN-001";"FRAADAN-19";"Virtual Machine";"Windows Server VM";"westeurope";"Standard_D8as_v6";"2";"Windows_Client";"NON ACTIVÉ (Windows_Client)";"False";"0";"0";"28";"25.76";"40%";"⚡ Activer AHB → économiser ~28 USD/mois";"/subscriptions/40cd83e3-43d0-4a3c-a026-849dfaff9bff/resourceGroups/RG-PF-AVD-PRD-APP-DAN-001/providers/Microsoft.Compute/virtualMachines/FRAADAN-19"
"40cd83e3-43d0-4a3c-a026-849dfaff9bff";"pf-avd-prd";"RG-PF-AVD-PRD-APP-DAN-001";"FRAADAN-2";"Virtual Machine";"Windows Server VM";"westeurope";"Standard_D8as_v6";"2";"Windows_Client";"NON ACTIVÉ (Windows_Client)";"False";"0";"0";"28";"25.76";"40%";"⚡ Activer AHB → économiser ~28 USD/mois";"/subscriptions/40cd83e3-43d0-4a3c-a026-849dfaff9bff/resourceGroups/RG-PF-AVD-PRD-APP-DAN-001/providers/Microsoft.Compute/virtualMachines/FRAADAN-2"
"40cd83e3-43d0-4a3c-a026-849dfaff9bff";"pf-avd-prd";"RG-PF-AVD-PRD-APP-DAN-001";"FRAADAN-20";"Virtual Machine";"Windows Server VM";"westeurope";"Standard_D8as_v6";"2";"Windows_Client";"NON ACTIVÉ (Windows_Client)";"False";"0";"0";"28";"25.76";"40%";"⚡ Activer AHB → économiser ~28 USD/mois";"/subscriptions/40cd83e3-43d0-4a3c-a026-849dfaff9bff/resourceGroups/RG-PF-AVD-PRD-APP-DAN-001/providers/Microsoft.Compute/virtualMachines/FRAADAN-20"
"40cd83e3-43d0-4a3c-a026-849dfaff9bff";"pf-avd-prd";"RG-PF-AVD-PRD-APP-DAN-001";"FRAADAN-21";"Virtual Machine";"Windows Server VM";"westeurope";"Standard_D8as_v6";"2";"Windows_Client";"NON ACTIVÉ (Windows_Client)";"False";"0";"0";"28";"25.76";"40%";"⚡ Activer AHB → économiser ~28 USD/mois";"/subscriptions/40cd83e3-43d0-4a3c-a026-849dfaff9bff/resourceGroups/RG-PF-AVD-PRD-APP-DAN-001/providers/Microsoft.Compute/virtualMachines/FRAADAN-21"
"40cd83e3-43d0-4a3c-a026-849dfaff9bff";"pf-avd-prd";"RG-PF-AVD-PRD-APP-DAN-001";"FRAADAN-22";"Virtual Machine";"Windows Server VM";"westeurope";"Standard_D8as_v6";"2";"Windows_Client";"NON ACTIVÉ (Windows_Client)";"False";"0";"0";"28";"25.76";"40%";"⚡ Activer AHB → économiser ~28 USD/mois";"/subscriptions/40cd83e3-43d0-4a3c-a026-849dfaff9bff/resourceGroups/RG-PF-AVD-PRD-APP-DAN-001/providers/Microsoft.Compute/virtualMachines/FRAADAN-22"
"40cd83e3-43d0-4a3c-a026-849dfaff9bff";"pf-avd-prd";"RG-PF-AVD-PRD-APP-DAN-001";"FRAADAN-23";"Virtual Machine";"Windows Server VM";"westeurope";"Standard_D8as_v6";"2";"Windows_Client";"NON ACTIVÉ (Windows_Client)";"False";"0";"0";"28";"25.76";"40%";"⚡ Activer AHB → économiser ~28 USD/mois";"/subscriptions/40cd83e3-43d0-4a3c-a026-849dfaff9bff/resourceGroups/RG-PF-AVD-PRD-APP-DAN-001/providers/Microsoft.Compute/virtualMachines/FRAADAN-23"
"40cd83e3-43d0-4a3c-a026-849dfaff9bff";"pf-avd-prd";"RG-PF-AVD-PRD-APP-DAN-001";"FRAADAN-24";"Virtual Machine";"Windows Server VM";"westeurope";"Standard_D8as_v6";"2";"Windows_Client";"NON ACTIVÉ (Windows_Client)";"False";"0";"0";"28";"25.76";"40%";"⚡ Activer AHB → économiser ~28 USD/mois";"/subscriptions/40cd83e3-43d0-4a3c-a026-849dfaff9bff/resourceGroups/RG-PF-AVD-PRD-APP-DAN-001/providers/Microsoft.Compute/virtualMachines/FRAADAN-24"
"40cd83e3-43d0-4a3c-a026-849dfaff9bff";"pf-avd-prd";"RG-PF-AVD-PRD-APP-DAN-001";"FRAADAN-25";"Virtual Machine";"Windows Server VM";"westeurope";"Standard_D8as_v6";"2";"Windows_Client";"NON ACTIVÉ (Windows_Client)";"False";"0";"0";"28";"25.76";"40%";"⚡ Activer AHB → économiser ~28 USD/mois";"/subscriptions/40cd83e3-43d0-4a3c-a026-849dfaff9bff/resourceGroups/RG-PF-AVD-PRD-APP-DAN-001/providers/Microsoft.Compute/virtualMachines/FRAADAN-25"
"40cd83e3-43d0-4a3c-a026-849dfaff9bff";"pf-avd-prd";"RG-PF-AVD-PRD-APP-DAN-001";"FRAADAN-26";"Virtual Machine";"Windows Server VM";"westeurope";"Standard_D8as_v6";"2";"Windows_Client";"NON ACTIVÉ (Windows_Client)";"False";"0";"0";"28";"25.76";"40%";"⚡ Activer AHB → économiser ~28 USD/mois";"/subscriptions/40cd83e3-43d0-4a3c-a026-849dfaff9bff/resourceGroups/RG-PF-AVD-PRD-APP-DAN-001/providers/Microsoft.Compute/virtualMachines/FRAADAN-26"
"40cd83e3-43d0-4a3c-a026-849dfaff9bff";"pf-avd-prd";"RG-PF-AVD-PRD-APP-DAN-001";"FRAADAN-27";"Virtual Machine";"Windows Server VM";"westeurope";"Standard_D8as_v6";"2";"Windows_Client";"NON ACTIVÉ (Windows_Client)";"False";"0";"0";"28";"25.76";"40%";"⚡ Activer AHB → économiser ~28 USD/mois";"/subscriptions/40cd83e3-43d0-4a3c-a026-849dfaff9bff/resourceGroups/RG-PF-AVD-PRD-APP-DAN-001/providers/Microsoft.Compute/virtualMachines/FRAADAN-27"
"40cd83e3-43d0-4a3c-a026-849dfaff9bff";"pf-avd-prd";"RG-PF-AVD-PRD-APP-DAN-001";"FRAADAN-28";"Virtual Machine";"Windows Server VM";"westeurope";"Standard_D8as_v6";"2";"Windows_Client";"NON ACTIVÉ (Windows_Client)";"False";"0";"0";"28";"25.76";"40%";"⚡ Activer AHB → économiser ~28 USD/mois";"/subscriptions/40cd83e3-43d0-4a3c-a026-849dfaff9bff/resourceGroups/RG-PF-AVD-PRD-APP-DAN-001/providers/Microsoft.Compute/virtualMachines/FRAADAN-28"
"40cd83e3-43d0-4a3c-a026-849dfaff9bff";"pf-avd-prd";"RG-PF-AVD-PRD-APP-DAN-001";"FRAADAN-29";"Virtual Machine";"Windows Server VM";"westeurope";"Standard_D8as_v6";"2";"Windows_Client";"NON ACTIVÉ (Windows_Client)";"False";"0";"0";"28";"25.76";"40%";"⚡ Activer AHB → économiser ~28 USD/mois";"/subscriptions/40cd83e3-43d0-4a3c-a026-849dfaff9bff/resourceGroups/RG-PF-AVD-PRD-APP-DAN-001/providers/Microsoft.Compute/virtualMachines/FRAADAN-29"
"40cd83e3-43d0-4a3c-a026-849dfaff9bff";"pf-avd-prd";"RG-PF-AVD-PRD-APP-DAN-001";"FRAADAN-3";"Virtual Machine";"Windows Server VM";"westeurope";"Standard_D8as_v6";"2";"Windows_Client";"NON ACTIVÉ (Windows_Client)";"False";"0";"0";"28";"25.76";"40%";"⚡ Activer AHB → économiser ~28 USD/mois";"/subscriptions/40cd83e3-43d0-4a3c-a026-849dfaff9bff/resourceGroups/RG-PF-AVD-PRD-APP-DAN-001/providers/Microsoft.Compute/virtualMachines/FRAADAN-3"
"40cd83e3-43d0-4a3c-a026-849dfaff9bff";"pf-avd-prd";"RG-PF-AVD-PRD-APP-DAN-001";"FRAADAN-4";"Virtual Machine";"Windows Server VM";"westeurope";"Standard_D8as_v6";"2";"Windows_Client";"NON ACTIVÉ (Windows_Client)";"False";"0";"0";"28";"25.76";"40%";"⚡ Activer AHB → économiser ~28 USD/mois";"/subscriptions/40cd83e3-43d0-4a3c-a026-849dfaff9bff/resourceGroups/RG-PF-AVD-PRD-APP-DAN-001/providers/Microsoft.Compute/virtualMachines/FRAADAN-4"
"40cd83e3-43d0-4a3c-a026-849dfaff9bff";"pf-avd-prd";"RG-PF-AVD-PRD-APP-DAN-001";"FRAADAN-5";"Virtual Machine";"Windows Server VM";"westeurope";"Standard_D8as_v6";"2";"Windows_Client";"NON ACTIVÉ (Windows_Client)";"False";"0";"0";"28";"25.76";"40%";"⚡ Activer AHB → économiser ~28 USD/mois";"/subscriptions/40cd83e3-43d0-4a3c-a026-849dfaff9bff/resourceGroups/RG-PF-AVD-PRD-APP-DAN-001/providers/Microsoft.Compute/virtualMachines/FRAADAN-5"
"40cd83e3-43d0-4a3c-a026-849dfaff9bff";"pf-avd-prd";"RG-PF-AVD-PRD-APP-DAN-001";"FRAADAN-6";"Virtual Machine";"Windows Server VM";"westeurope";"Standard_D8as_v6";"2";"Windows_Client";"NON ACTIVÉ (Windows_Client)";"False";"0";"0";"28";"25.76";"40%";"⚡ Activer AHB → économiser ~28 USD/mois";"/subscriptions/40cd83e3-43d0-4a3c-a026-849dfaff9bff/resourceGroups/RG-PF-AVD-PRD-APP-DAN-001/providers/Microsoft.Compute/virtualMachines/FRAADAN-6"
"40cd83e3-43d0-4a3c-a026-849dfaff9bff";"pf-avd-prd";"RG-PF-AVD-PRD-APP-DAN-001";"FRAADAN-7";"Virtual Machine";"Windows Server VM";"westeurope";"Standard_D8as_v6";"2";"Windows_Client";"NON ACTIVÉ (Windows_Client)";"False";"0";"0";"28";"25.76";"40%";"⚡ Activer AHB → économiser ~28 USD/mois";"/subscriptions/40cd83e3-43d0-4a3c-a026-849dfaff9bff/resourceGroups/RG-PF-AVD-PRD-APP-DAN-001/providers/Microsoft.Compute/virtualMachines/FRAADAN-7"
"40cd83e3-43d0-4a3c-a026-849dfaff9bff";"pf-avd-prd";"RG-PF-AVD-PRD-APP-DAN-001";"FRAADAN-8";"Virtual Machine";"Windows Server VM";"westeurope";"Standard_D8as_v6";"2";"Windows_Client";"NON ACTIVÉ (Windows_Client)";"False";"0";"0";"28";"25.76";"40%";"⚡ Activer AHB → économiser ~28 USD/mois";"/subscriptions/40cd83e3-43d0-4a3c-a026-849dfaff9bff/resourceGroups/RG-PF-AVD-PRD-APP-DAN-001/providers/Microsoft.Compute/virtualMachines/FRAADAN-8"
"40cd83e3-43d0-4a3c-a026-849dfaff9bff";"pf-avd-prd";"RG-PF-AVD-PRD-APP-DAN-001";"FRAADAN-9";"Virtual Machine";"Windows Server VM";"westeurope";"Standard_D8as_v6";"2";"Windows_Client";"NON ACTIVÉ (Windows_Client)";"False";"0";"0";"28";"25.76";"40%";"⚡ Activer AHB → économiser ~28 USD/mois";"/subscriptions/40cd83e3-43d0-4a3c-a026-849dfaff9bff/resourceGroups/RG-PF-AVD-PRD-APP-DAN-001/providers/Microsoft.Compute/virtualMachines/FRAADAN-9"
"40cd83e3-43d0-4a3c-a026-849dfaff9bff";"pf-avd-prd";"RG-PF-AVD-PRD-APP-DFS-001";"FRAADFS-0";"Virtual Machine";"Windows Server VM";"westeurope";"Standard_D4ls_v5";"2";"Windows_Client";"NON ACTIVÉ (Windows_Client)";"False";"0";"0";"28";"25.76";"40%";"⚡ Activer AHB → économiser ~28 USD/mois";"/subscriptions/40cd83e3-43d0-4a3c-a026-849dfaff9bff/resourceGroups/RG-PF-AVD-PRD-APP-DFS-001/providers/Microsoft.Compute/virtualMachines/FRAADFS-0"
"40cd83e3-43d0-4a3c-a026-849dfaff9bff";"pf-avd-prd";"RG-PF-AVD-PRD-APP-DFS-001";"FRAADFS-1";"Virtual Machine";"Windows Server VM";"westeurope";"Standard_D4ls_v5";"2";"Windows_Client";"NON ACTIVÉ (Windows_Client)";"False";"0";"0";"28";"25.76";"40%";"⚡ Activer AHB → économiser ~28 USD/mois";"/subscriptions/40cd83e3-43d0-4a3c-a026-849dfaff9bff/resourceGroups/RG-PF-AVD-PRD-APP-DFS-001/providers/Microsoft.Compute/virtualMachines/FRAADFS-1"
"40cd83e3-43d0-4a3c-a026-849dfaff9bff";"pf-avd-prd";"RG-PF-AVD-PRD-APP-DFS-001";"FRAADFS-2";"Virtual Machine";"Windows Server VM";"westeurope";"Standard_D4ls_v5";"2";"Windows_Client";"NON ACTIVÉ (Windows_Client)";"False";"0";"0";"28";"25.76";"40%";"⚡ Activer AHB → économiser ~28 USD/mois";"/subscriptions/40cd83e3-43d0-4a3c-a026-849dfaff9bff/resourceGroups/RG-PF-AVD-PRD-APP-DFS-001/providers/Microsoft.Compute/virtualMachines/FRAADFS-2"
"40cd83e3-43d0-4a3c-a026-849dfaff9bff";"pf-avd-prd";"RG-PF-AVD-PRD-APP-HLO-001";"FRAAHLO-0";"Virtual Machine";"Windows Server VM";"westeurope";"Standard_NV18ads_A10_v5";"2";"Windows_Client";"NON ACTIVÉ (Windows_Client)";"False";"0";"0";"28";"25.76";"40%";"⚡ Activer AHB → économiser ~28 USD/mois";"/subscriptions/40cd83e3-43d0-4a3c-a026-849dfaff9bff/resourceGroups/RG-PF-AVD-PRD-APP-HLO-001/providers/Microsoft.Compute/virtualMachines/FRAAHLO-0"
"40cd83e3-43d0-4a3c-a026-849dfaff9bff";"pf-avd-prd";"RG-PF-AVD-PRD-APP-PIN-001";"FRAAPIN-0";"Virtual Machine";"Windows Server VM";"westeurope";"Standard_D4as_v5";"2";"Windows_Client";"NON ACTIVÉ (Windows_Client)";"False";"0";"0";"28";"25.76";"40%";"⚡ Activer AHB → économiser ~28 USD/mois";"/subscriptions/40cd83e3-43d0-4a3c-a026-849dfaff9bff/resourceGroups/RG-PF-AVD-PRD-APP-PIN-001/providers/Microsoft.Compute/virtualMachines/FRAAPIN-0"
"40cd83e3-43d0-4a3c-a026-849dfaff9bff";"pf-avd-prd";"RG-PF-AVD-PRD-APP-PIN-001";"FRAAPIN-1";"Virtual Machine";"Windows Server VM";"westeurope";"Standard_D4as_v5";"2";"Windows_Client";"NON ACTIVÉ (Windows_Client)";"False";"0";"0";"28";"25.76";"40%";"⚡ Activer AHB → économiser ~28 USD/mois";"/subscriptions/40cd83e3-43d0-4a3c-a026-849dfaff9bff/resourceGroups/RG-PF-AVD-PRD-APP-PIN-001/providers/Microsoft.Compute/virtualMachines/FRAAPIN-1"
"40cd83e3-43d0-4a3c-a026-849dfaff9bff";"pf-avd-prd";"RG-PF-AVD-PRD-APP-PIN-001";"FRAAPIN-10";"Virtual Machine";"Windows Server VM";"westeurope";"Standard_D4as_v5";"2";"Windows_Client";"NON ACTIVÉ (Windows_Client)";"False";"0";"0";"28";"25.76";"40%";"⚡ Activer AHB → économiser ~28 USD/mois";"/subscriptions/40cd83e3-43d0-4a3c-a026-849dfaff9bff/resourceGroups/RG-PF-AVD-PRD-APP-PIN-001/providers/Microsoft.Compute/virtualMachines/FRAAPIN-10"
"40cd83e3-43d0-4a3c-a026-849dfaff9bff";"pf-avd-prd";"RG-PF-AVD-PRD-APP-PIN-001";"FRAAPIN-11";"Virtual Machine";"Windows Server VM";"westeurope";"Standard_D4as_v5";"2";"Windows_Client";"NON ACTIVÉ (Windows_Client)";"False";"0";"0";"28";"25.76";"40%";"⚡ Activer AHB → économiser ~28 USD/mois";"/subscriptions/40cd83e3-43d0-4a3c-a026-849dfaff9bff/resourceGroups/RG-PF-AVD-PRD-APP-PIN-001/providers/Microsoft.Compute/virtualMachines/FRAAPIN-11"
"40cd83e3-43d0-4a3c-a026-849dfaff9bff";"pf-avd-prd";"RG-PF-AVD-PRD-APP-PIN-001";"FRAAPIN-12";"Virtual Machine";"Windows Server VM";"westeurope";"Standard_D4as_v5";"2";"Windows_Client";"NON ACTIVÉ (Windows_Client)";"False";"0";"0";"28";"25.76";"40%";"⚡ Activer AHB → économiser ~28 USD/mois";"/subscriptions/40cd83e3-43d0-4a3c-a026-849dfaff9bff/resourceGroups/RG-PF-AVD-PRD-APP-PIN-001/providers/Microsoft.Compute/virtualMachines/FRAAPIN-12"
"40cd83e3-43d0-4a3c-a026-849dfaff9bff";"pf-avd-prd";"RG-PF-AVD-PRD-APP-PIN-001";"FRAAPIN-13";"Virtual Machine";"Windows Server VM";"westeurope";"Standard_D4as_v5";"2";"Windows_Client";"NON ACTIVÉ (Windows_Client)";"False";"0";"0";"28";"25.76";"40%";"⚡ Activer AHB → économiser ~28 USD/mois";"/subscriptions/40cd83e3-43d0-4a3c-a026-849dfaff9bff/resourceGroups/RG-PF-AVD-PRD-APP-PIN-001/providers/Microsoft.Compute/virtualMachines/FRAAPIN-13"
"40cd83e3-43d0-4a3c-a026-849dfaff9bff";"pf-avd-prd";"RG-PF-AVD-PRD-APP-PIN-001";"FRAAPIN-14";"Virtual Machine";"Windows Server VM";"westeurope";"Standard_D4as_v5";"2";"Windows_Client";"NON ACTIVÉ (Windows_Client)";"False";"0";"0";"28";"25.76";"40%";"⚡ Activer AHB → économiser ~28 USD/mois";"/subscriptions/40cd83e3-43d0-4a3c-a026-849dfaff9bff/resourceGroups/RG-PF-AVD-PRD-APP-PIN-001/providers/Microsoft.Compute/virtualMachines/FRAAPIN-14"
"40cd83e3-43d0-4a3c-a026-849dfaff9bff";"pf-avd-prd";"RG-PF-AVD-PRD-APP-PIN-001";"FRAAPIN-15";"Virtual Machine";"Windows Server VM";"westeurope";"Standard_D4as_v5";"2";"Windows_Client";"NON ACTIVÉ (Windows_Client)";"False";"0";"0";"28";"25.76";"40%";"⚡ Activer AHB → économiser ~28 USD/mois";"/subscriptions/40cd83e3-43d0-4a3c-a026-849dfaff9bff/resourceGroups/RG-PF-AVD-PRD-APP-PIN-001/providers/Microsoft.Compute/virtualMachines/FRAAPIN-15"
"40cd83e3-43d0-4a3c-a026-849dfaff9bff";"pf-avd-prd";"RG-PF-AVD-PRD-APP-PIN-001";"FRAAPIN-16";"Virtual Machine";"Windows Server VM";"westeurope";"Standard_D4as_v5";"2";"Windows_Client";"NON ACTIVÉ (Windows_Client)";"False";"0";"0";"28";"25.76";"40%";"⚡ Activer AHB → économiser ~28 USD/mois";"/subscriptions/40cd83e3-43d0-4a3c-a026-849dfaff9bff/resourceGroups/RG-PF-AVD-PRD-APP-PIN-001/providers/Microsoft.Compute/virtualMachines/FRAAPIN-16"
"40cd83e3-43d0-4a3c-a026-849dfaff9bff";"pf-avd-prd";"RG-PF-AVD-PRD-APP-PIN-001";"FRAAPIN-17";"Virtual Machine";"Windows Server VM";"westeurope";"Standard_D4as_v5";"2";"Windows_Client";"NON ACTIVÉ (Windows_Client)";"False";"0";"0";"28";"25.76";"40%";"⚡ Activer AHB → économiser ~28 USD/mois";"/subscriptions/40cd83e3-43d0-4a3c-a026-849dfaff9bff/resourceGroups/RG-PF-AVD-PRD-APP-PIN-001/providers/Microsoft.Compute/virtualMachines/FRAAPIN-17"
"40cd83e3-43d0-4a3c-a026-849dfaff9bff";"pf-avd-prd";"RG-PF-AVD-PRD-APP-PIN-001";"FRAAPIN-18";"Virtual Machine";"Windows Server VM";"westeurope";"Standard_D4as_v5";"2";"Windows_Client";"NON ACTIVÉ (Windows_Client)";"False";"0";"0";"28";"25.76";"40%";"⚡ Activer AHB → économiser ~28 USD/mois";"/subscriptions/40cd83e3-43d0-4a3c-a026-849dfaff9bff/resourceGroups/RG-PF-AVD-PRD-APP-PIN-001/providers/Microsoft.Compute/virtualMachines/FRAAPIN-18"
"40cd83e3-43d0-4a3c-a026-849dfaff9bff";"pf-avd-prd";"RG-PF-AVD-PRD-APP-PIN-001";"FRAAPIN-19";"Virtual Machine";"Windows Server VM";"westeurope";"Standard_D4as_v5";"2";"Windows_Client";"NON ACTIVÉ (Windows_Client)";"False";"0";"0";"28";"25.76";"40%";"⚡ Activer AHB → économiser ~28 USD/mois";"/subscriptions/40cd83e3-43d0-4a3c-a026-849dfaff9bff/resourceGroups/RG-PF-AVD-PRD-APP-PIN-001/providers/Microsoft.Compute/virtualMachines/FRAAPIN-19"
"40cd83e3-43d0-4a3c-a026-849dfaff9bff";"pf-avd-prd";"RG-PF-AVD-PRD-APP-PIN-001";"FRAAPIN-2";"Virtual Machine";"Windows Server VM";"westeurope";"Standard_D4as_v5";"2";"Windows_Client";"NON ACTIVÉ (Windows_Client)";"False";"0";"0";"28";"25.76";"40%";"⚡ Activer AHB → économiser ~28 USD/mois";"/subscriptions/40cd83e3-43d0-4a3c-a026-849dfaff9bff/resourceGroups/RG-PF-AVD-PRD-APP-PIN-001/providers/Microsoft.Compute/virtualMachines/FRAAPIN-2"
"40cd83e3-43d0-4a3c-a026-849dfaff9bff";"pf-avd-prd";"RG-PF-AVD-PRD-APP-PIN-001";"FRAAPIN-20";"Virtual Machine";"Windows Server VM";"westeurope";"Standard_D4as_v5";"2";"Windows_Client";"NON ACTIVÉ (Windows_Client)";"False";"0";"0";"28";"25.76";"40%";"⚡ Activer AHB → économiser ~28 USD/mois";"/subscriptions/40cd83e3-43d0-4a3c-a026-849dfaff9bff/resourceGroups/RG-PF-AVD-PRD-APP-PIN-001/providers/Microsoft.Compute/virtualMachines/FRAAPIN-20"
"40cd83e3-43d0-4a3c-a026-849dfaff9bff";"pf-avd-prd";"RG-PF-AVD-PRD-APP-PIN-001";"FRAAPIN-21";"Virtual Machine";"Windows Server VM";"westeurope";"Standard_D4as_v5";"2";"Windows_Client";"NON ACTIVÉ (Windows_Client)";"False";"0";"0";"28";"25.76";"40%";"⚡ Activer AHB → économiser ~28 USD/mois";"/subscriptions/40cd83e3-43d0-4a3c-a026-849dfaff9bff/resourceGroups/RG-PF-AVD-PRD-APP-PIN-001/providers/Microsoft.Compute/virtualMachines/FRAAPIN-21"
"40cd83e3-43d0-4a3c-a026-849dfaff9bff";"pf-avd-prd";"RG-PF-AVD-PRD-APP-PIN-001";"FRAAPIN-22";"Virtual Machine";"Windows Server VM";"westeurope";"Standard_D4as_v5";"2";"Windows_Client";"NON ACTIVÉ (Windows_Client)";"False";"0";"0";"28";"25.76";"40%";"⚡ Activer AHB → économiser ~28 USD/mois";"/subscriptions/40cd83e3-43d0-4a3c-a026-849dfaff9bff/resourceGroups/RG-PF-AVD-PRD-APP-PIN-001/providers/Microsoft.Compute/virtualMachines/FRAAPIN-22"
"40cd83e3-43d0-4a3c-a026-849dfaff9bff";"pf-avd-prd";"RG-PF-AVD-PRD-APP-PIN-001";"FRAAPIN-23";"Virtual Machine";"Windows Server VM";"westeurope";"Standard_D4as_v5";"2";"Windows_Client";"NON ACTIVÉ (Windows_Client)";"False";"0";"0";"28";"25.76";"40%";"⚡ Activer AHB → économiser ~28 USD/mois";"/subscriptions/40cd83e3-43d0-4a3c-a026-849dfaff9bff/resourceGroups/RG-PF-AVD-PRD-APP-PIN-001/providers/Microsoft.Compute/virtualMachines/FRAAPIN-23"
"40cd83e3-43d0-4a3c-a026-849dfaff9bff";"pf-avd-prd";"RG-PF-AVD-PRD-APP-PIN-001";"FRAAPIN-24";"Virtual Machine";"Windows Server VM";"westeurope";"Standard_D4as_v5";"2";"Windows_Client";"NON ACTIVÉ (Windows_Client)";"False";"0";"0";"28";"25.76";"40%";"⚡ Activer AHB → économiser ~28 USD/mois";"/subscriptions/40cd83e3-43d0-4a3c-a026-849dfaff9bff/resourceGroups/RG-PF-AVD-PRD-APP-PIN-001/providers/Microsoft.Compute/virtualMachines/FRAAPIN-24"
"40cd83e3-43d0-4a3c-a026-849dfaff9bff";"pf-avd-prd";"RG-PF-AVD-PRD-APP-PIN-001";"FRAAPIN-25";"Virtual Machine";"Windows Server VM";"westeurope";"Standard_D4as_v5";"2";"Windows_Client";"NON ACTIVÉ (Windows_Client)";"False";"0";"0";"28";"25.76";"40%";"⚡ Activer AHB → économiser ~28 USD/mois";"/subscriptions/40cd83e3-43d0-4a3c-a026-849dfaff9bff/resourceGroups/RG-PF-AVD-PRD-APP-PIN-001/providers/Microsoft.Compute/virtualMachines/FRAAPIN-25"
"40cd83e3-43d0-4a3c-a026-849dfaff9bff";"pf-avd-prd";"RG-PF-AVD-PRD-APP-PIN-001";"FRAAPIN-26";"Virtual Machine";"Windows Server VM";"westeurope";"Standard_D4as_v5";"2";"Windows_Client";"NON ACTIVÉ (Windows_Client)";"False";"0";"0";"28";"25.76";"40%";"⚡ Activer AHB → économiser ~28 USD/mois";"/subscriptions/40cd83e3-43d0-4a3c-a026-849dfaff9bff/resourceGroups/RG-PF-AVD-PRD-APP-PIN-001/providers/Microsoft.Compute/virtualMachines/FRAAPIN-26"
"40cd83e3-43d0-4a3c-a026-849dfaff9bff";"pf-avd-prd";"RG-PF-AVD-PRD-APP-PIN-001";"FRAAPIN-27";"Virtual Machine";"Windows Server VM";"westeurope";"Standard_D4as_v5";"2";"Windows_Client";"NON ACTIVÉ (Windows_Client)";"False";"0";"0";"28";"25.76";"40%";"⚡ Activer AHB → économiser ~28 USD/mois";"/subscriptions/40cd83e3-43d0-4a3c-a026-849dfaff9bff/resourceGroups/RG-PF-AVD-PRD-APP-PIN-001/providers/Microsoft.Compute/virtualMachines/FRAAPIN-27"
"40cd83e3-43d0-4a3c-a026-849dfaff9bff";"pf-avd-prd";"RG-PF-AVD-PRD-APP-PIN-001";"FRAAPIN-28";"Virtual Machine";"Windows Server VM";"westeurope";"Standard_D4as_v5";"2";"Windows_Client";"NON ACTIVÉ (Windows_Client)";"False";"0";"0";"28";"25.76";"40%";"⚡ Activer AHB → économiser ~28 USD/mois";"/subscriptions/40cd83e3-43d0-4a3c-a026-849dfaff9bff/resourceGroups/RG-PF-AVD-PRD-APP-PIN-001/providers/Microsoft.Compute/virtualMachines/FRAAPIN-28"
"40cd83e3-43d0-4a3c-a026-849dfaff9bff";"pf-avd-prd";"RG-PF-AVD-PRD-APP-PIN-001";"FRAAPIN-29";"Virtual Machine";"Windows Server VM";"westeurope";"Standard_D4as_v5";"2";"Windows_Client";"NON ACTIVÉ (Windows_Client)";"False";"0";"0";"28";"25.76";"40%";"⚡ Activer AHB → économiser ~28 USD/mois";"/subscriptions/40cd83e3-43d0-4a3c-a026-849dfaff9bff/resourceGroups/RG-PF-AVD-PRD-APP-PIN-001/providers/Microsoft.Compute/virtualMachines/FRAAPIN-29"
"40cd83e3-43d0-4a3c-a026-849dfaff9bff";"pf-avd-prd";"RG-PF-AVD-PRD-APP-PIN-001";"FRAAPIN-3";"Virtual Machine";"Windows Server VM";"westeurope";"Standard_D4as_v5";"2";"Windows_Client";"NON ACTIVÉ (Windows_Client)";"False";"0";"0";"28";"25.76";"40%";"⚡ Activer AHB → économiser ~28 USD/mois";"/subscriptions/40cd83e3-43d0-4a3c-a026-849dfaff9bff/resourceGroups/RG-PF-AVD-PRD-APP-PIN-001/providers/Microsoft.Compute/virtualMachines/FRAAPIN-3"
"40cd83e3-43d0-4a3c-a026-849dfaff9bff";"pf-avd-prd";"RG-PF-AVD-PRD-APP-PIN-001";"FRAAPIN-30";"Virtual Machine";"Windows Server VM";"westeurope";"Standard_D4as_v5";"2";"Windows_Client";"NON ACTIVÉ (Windows_Client)";"False";"0";"0";"28";"25.76";"40%";"⚡ Activer AHB → économiser ~28 USD/mois";"/subscriptions/40cd83e3-43d0-4a3c-a026-849dfaff9bff/resourceGroups/RG-PF-AVD-PRD-APP-PIN-001/providers/Microsoft.Compute/virtualMachines/FRAAPIN-30"
"40cd83e3-43d0-4a3c-a026-849dfaff9bff";"pf-avd-prd";"RG-PF-AVD-PRD-APP-PIN-001";"FRAAPIN-31";"Virtual Machine";"Windows Server VM";"westeurope";"Standard_D4as_v5";"2";"Windows_Client";"NON ACTIVÉ (Windows_Client)";"False";"0";"0";"28";"25.76";"40%";"⚡ Activer AHB → économiser ~28 USD/mois";"/subscriptions/40cd83e3-43d0-4a3c-a026-849dfaff9bff/resourceGroups/RG-PF-AVD-PRD-APP-PIN-001/providers/Microsoft.Compute/virtualMachines/FRAAPIN-31"
"40cd83e3-43d0-4a3c-a026-849dfaff9bff";"pf-avd-prd";"RG-PF-AVD-PRD-APP-PIN-001";"FRAAPIN-32";"Virtual Machine";"Windows Server VM";"westeurope";"Standard_D4as_v5";"2";"Windows_Client";"NON ACTIVÉ (Windows_Client)";"False";"0";"0";"28";"25.76";"40%";"⚡ Activer AHB → économiser ~28 USD/mois";"/subscriptions/40cd83e3-43d0-4a3c-a026-849dfaff9bff/resourceGroups/RG-PF-AVD-PRD-APP-PIN-001/providers/Microsoft.Compute/virtualMachines/FRAAPIN-32"
"40cd83e3-43d0-4a3c-a026-849dfaff9bff";"pf-avd-prd";"RG-PF-AVD-PRD-APP-PIN-001";"FRAAPIN-33";"Virtual Machine";"Windows Server VM";"westeurope";"Standard_D4as_v5";"2";"Windows_Client";"NON ACTIVÉ (Windows_Client)";"False";"0";"0";"28";"25.76";"40%";"⚡ Activer AHB → économiser ~28 USD/mois";"/subscriptions/40cd83e3-43d0-4a3c-a026-849dfaff9bff/resourceGroups/RG-PF-AVD-PRD-APP-PIN-001/providers/Microsoft.Compute/virtualMachines/FRAAPIN-33"
"40cd83e3-43d0-4a3c-a026-849dfaff9bff";"pf-avd-prd";"RG-PF-AVD-PRD-APP-PIN-001";"FRAAPIN-34";"Virtual Machine";"Windows Server VM";"westeurope";"Standard_D4as_v5";"2";"Windows_Client";"NON ACTIVÉ (Windows_Client)";"False";"0";"0";"28";"25.76";"40%";"⚡ Activer AHB → économiser ~28 USD/mois";"/subscriptions/40cd83e3-43d0-4a3c-a026-849dfaff9bff/resourceGroups/RG-PF-AVD-PRD-APP-PIN-001/providers/Microsoft.Compute/virtualMachines/FRAAPIN-34"
"40cd83e3-43d0-4a3c-a026-849dfaff9bff";"pf-avd-prd";"RG-PF-AVD-PRD-APP-PIN-001";"FRAAPIN-35";"Virtual Machine";"Windows Server VM";"westeurope";"Standard_D4as_v5";"2";"Windows_Client";"NON ACTIVÉ (Windows_Client)";"False";"0";"0";"28";"25.76";"40%";"⚡ Activer AHB → économiser ~28 USD/mois";"/subscriptions/40cd83e3-43d0-4a3c-a026-849dfaff9bff/resourceGroups/RG-PF-AVD-PRD-APP-PIN-001/providers/Microsoft.Compute/virtualMachines/FRAAPIN-35"
"40cd83e3-43d0-4a3c-a026-849dfaff9bff";"pf-avd-prd";"RG-PF-AVD-PRD-APP-PIN-001";"FRAAPIN-36";"Virtual Machine";"Windows Server VM";"westeurope";"Standard_D4as_v5";"2";"Windows_Client";"NON ACTIVÉ (Windows_Client)";"False";"0";"0";"28";"25.76";"40%";"⚡ Activer AHB → économiser ~28 USD/mois";"/subscriptions/40cd83e3-43d0-4a3c-a026-849dfaff9bff/resourceGroups/RG-PF-AVD-PRD-APP-PIN-001/providers/Microsoft.Compute/virtualMachines/FRAAPIN-36"
"40cd83e3-43d0-4a3c-a026-849dfaff9bff";"pf-avd-prd";"RG-PF-AVD-PRD-APP-PIN-001";"FRAAPIN-37";"Virtual Machine";"Windows Server VM";"westeurope";"Standard_D4as_v5";"2";"Windows_Client";"NON ACTIVÉ (Windows_Client)";"False";"0";"0";"28";"25.76";"40%";"⚡ Activer AHB → économiser ~28 USD/mois";"/subscriptions/40cd83e3-43d0-4a3c-a026-849dfaff9bff/resourceGroups/RG-PF-AVD-PRD-APP-PIN-001/providers/Microsoft.Compute/virtualMachines/FRAAPIN-37"
"40cd83e3-43d0-4a3c-a026-849dfaff9bff";"pf-avd-prd";"RG-PF-AVD-PRD-APP-PIN-001";"FRAAPIN-38";"Virtual Machine";"Windows Server VM";"westeurope";"Standard_D4as_v5";"2";"Windows_Client";"NON ACTIVÉ (Windows_Client)";"False";"0";"0";"28";"25.76";"40%";"⚡ Activer AHB → économiser ~28 USD/mois";"/subscriptions/40cd83e3-43d0-4a3c-a026-849dfaff9bff/resourceGroups/RG-PF-AVD-PRD-APP-PIN-001/providers/Microsoft.Compute/virtualMachines/FRAAPIN-38"
"40cd83e3-43d0-4a3c-a026-849dfaff9bff";"pf-avd-prd";"RG-PF-AVD-PRD-APP-PIN-001";"FRAAPIN-39";"Virtual Machine";"Windows Server VM";"westeurope";"Standard_D4as_v5";"2";"Windows_Client";"NON ACTIVÉ (Windows_Client)";"False";"0";"0";"28";"25.76";"40%";"⚡ Activer AHB → économiser ~28 USD/mois";"/subscriptions/40cd83e3-43d0-4a3c-a026-849dfaff9bff/resourceGroups/RG-PF-AVD-PRD-APP-PIN-001/providers/Microsoft.Compute/virtualMachines/FRAAPIN-39"
"40cd83e3-43d0-4a3c-a026-849dfaff9bff";"pf-avd-prd";"RG-PF-AVD-PRD-APP-PIN-001";"FRAAPIN-4";"Virtual Machine";"Windows Server VM";"westeurope";"Standard_D4as_v5";"2";"Windows_Client";"NON ACTIVÉ (Windows_Client)";"False";"0";"0";"28";"25.76";"40%";"⚡ Activer AHB → économiser ~28 USD/mois";"/subscriptions/40cd83e3-43d0-4a3c-a026-849dfaff9bff/resourceGroups/RG-PF-AVD-PRD-APP-PIN-001/providers/Microsoft.Compute/virtualMachines/FRAAPIN-4"
"40cd83e3-43d0-4a3c-a026-849dfaff9bff";"pf-avd-prd";"RG-PF-AVD-PRD-APP-PIN-001";"FRAAPIN-40";"Virtual Machine";"Windows Server VM";"westeurope";"Standard_D4as_v5";"2";"Windows_Client";"NON ACTIVÉ (Windows_Client)";"False";"0";"0";"28";"25.76";"40%";"⚡ Activer AHB → économiser ~28 USD/mois";"/subscriptions/40cd83e3-43d0-4a3c-a026-849dfaff9bff/resourceGroups/RG-PF-AVD-PRD-APP-PIN-001/providers/Microsoft.Compute/virtualMachines/FRAAPIN-40"
"40cd83e3-43d0-4a3c-a026-849dfaff9bff";"pf-avd-prd";"RG-PF-AVD-PRD-APP-PIN-001";"FRAAPIN-41";"Virtual Machine";"Windows Server VM";"westeurope";"Standard_D4as_v5";"2";"Windows_Client";"NON ACTIVÉ (Windows_Client)";"False";"0";"0";"28";"25.76";"40%";"⚡ Activer AHB → économiser ~28 USD/mois";"/subscriptions/40cd83e3-43d0-4a3c-a026-849dfaff9bff/resourceGroups/RG-PF-AVD-PRD-APP-PIN-001/providers/Microsoft.Compute/virtualMachines/FRAAPIN-41"
"40cd83e3-43d0-4a3c-a026-849dfaff9bff";"pf-avd-prd";"RG-PF-AVD-PRD-APP-PIN-001";"FRAAPIN-42";"Virtual Machine";"Windows Server VM";"westeurope";"Standard_D4as_v5";"2";"Windows_Client";"NON ACTIVÉ (Windows_Client)";"False";"0";"0";"28";"25.76";"40%";"⚡ Activer AHB → économiser ~28 USD/mois";"/subscriptions/40cd83e3-43d0-4a3c-a026-849dfaff9bff/resourceGroups/RG-PF-AVD-PRD-APP-PIN-001/providers/Microsoft.Compute/virtualMachines/FRAAPIN-42"
"40cd83e3-43d0-4a3c-a026-849dfaff9bff";"pf-avd-prd";"RG-PF-AVD-PRD-APP-PIN-001";"FRAAPIN-43";"Virtual Machine";"Windows Server VM";"westeurope";"Standard_D4as_v5";"2";"Windows_Client";"NON ACTIVÉ (Windows_Client)";"False";"0";"0";"28";"25.76";"40%";"⚡ Activer AHB → économiser ~28 USD/mois";"/subscriptions/40cd83e3-43d0-4a3c-a026-849dfaff9bff/resourceGroups/RG-PF-AVD-PRD-APP-PIN-001/providers/Microsoft.Compute/virtualMachines/FRAAPIN-43"
"40cd83e3-43d0-4a3c-a026-849dfaff9bff";"pf-avd-prd";"RG-PF-AVD-PRD-APP-PIN-001";"FRAAPIN-44";"Virtual Machine";"Windows Server VM";"westeurope";"Standard_D4as_v5";"2";"Windows_Client";"NON ACTIVÉ (Windows_Client)";"False";"0";"0";"28";"25.76";"40%";"⚡ Activer AHB → économiser ~28 USD/mois";"/subscriptions/40cd83e3-43d0-4a3c-a026-849dfaff9bff/resourceGroups/RG-PF-AVD-PRD-APP-PIN-001/providers/Microsoft.Compute/virtualMachines/FRAAPIN-44"
"40cd83e3-43d0-4a3c-a026-849dfaff9bff";"pf-avd-prd";"RG-PF-AVD-PRD-APP-PIN-001";"FRAAPIN-45";"Virtual Machine";"Windows Server VM";"westeurope";"Standard_D4as_v5";"2";"Windows_Client";"NON ACTIVÉ (Windows_Client)";"False";"0";"0";"28";"25.76";"40%";"⚡ Activer AHB → économiser ~28 USD/mois";"/subscriptions/40cd83e3-43d0-4a3c-a026-849dfaff9bff/resourceGroups/RG-PF-AVD-PRD-APP-PIN-001/providers/Microsoft.Compute/virtualMachines/FRAAPIN-45"
"40cd83e3-43d0-4a3c-a026-849dfaff9bff";"pf-avd-prd";"RG-PF-AVD-PRD-APP-PIN-001";"FRAAPIN-46";"Virtual Machine";"Windows Server VM";"westeurope";"Standard_D4as_v5";"2";"Windows_Client";"NON ACTIVÉ (Windows_Client)";"False";"0";"0";"28";"25.76";"40%";"⚡ Activer AHB → économiser ~28 USD/mois";"/subscriptions/40cd83e3-43d0-4a3c-a026-849dfaff9bff/resourceGroups/RG-PF-AVD-PRD-APP-PIN-001/providers/Microsoft.Compute/virtualMachines/FRAAPIN-46"
"40cd83e3-43d0-4a3c-a026-849dfaff9bff";"pf-avd-prd";"RG-PF-AVD-PRD-APP-PIN-001";"FRAAPIN-47";"Virtual Machine";"Windows Server VM";"westeurope";"Standard_D4as_v5";"2";"Windows_Client";"NON ACTIVÉ (Windows_Client)";"False";"0";"0";"28";"25.76";"40%";"⚡ Activer AHB → économiser ~28 USD/mois";"/subscriptions/40cd83e3-43d0-4a3c-a026-849dfaff9bff/resourceGroups/RG-PF-AVD-PRD-APP-PIN-001/providers/Microsoft.Compute/virtualMachines/FRAAPIN-47"
"40cd83e3-43d0-4a3c-a026-849dfaff9bff";"pf-avd-prd";"RG-PF-AVD-PRD-APP-PIN-001";"FRAAPIN-48";"Virtual Machine";"Windows Server VM";"westeurope";"Standard_D4as_v5";"2";"Windows_Client";"NON ACTIVÉ (Windows_Client)";"False";"0";"0";"28";"25.76";"40%";"⚡ Activer AHB → économiser ~28 USD/mois";"/subscriptions/40cd83e3-43d0-4a3c-a026-849dfaff9bff/resourceGroups/RG-PF-AVD-PRD-APP-PIN-001/providers/Microsoft.Compute/virtualMachines/FRAAPIN-48"
"40cd83e3-43d0-4a3c-a026-849dfaff9bff";"pf-avd-prd";"RG-PF-AVD-PRD-APP-PIN-001";"FRAAPIN-49";"Virtual Machine";"Windows Server VM";"westeurope";"Standard_D4as_v5";"2";"Windows_Client";"NON ACTIVÉ (Windows_Client)";"False";"0";"0";"28";"25.76";"40%";"⚡ Activer AHB → économiser ~28 USD/mois";"/subscriptions/40cd83e3-43d0-4a3c-a026-849dfaff9bff/resourceGroups/RG-PF-AVD-PRD-APP-PIN-001/providers/Microsoft.Compute/virtualMachines/FRAAPIN-49"
"40cd83e3-43d0-4a3c-a026-849dfaff9bff";"pf-avd-prd";"RG-PF-AVD-PRD-APP-PIN-001";"FRAAPIN-5";"Virtual Machine";"Windows Server VM";"westeurope";"Standard_D4as_v5";"2";"Windows_Client";"NON ACTIVÉ (Windows_Client)";"False";"0";"0";"28";"25.76";"40%";"⚡ Activer AHB → économiser ~28 USD/mois";"/subscriptions/40cd83e3-43d0-4a3c-a026-849dfaff9bff/resourceGroups/RG-PF-AVD-PRD-APP-PIN-001/providers/Microsoft.Compute/virtualMachines/FRAAPIN-5"
"40cd83e3-43d0-4a3c-a026-849dfaff9bff";"pf-avd-prd";"RG-PF-AVD-PRD-APP-PIN-001";"FRAAPIN-50";"Virtual Machine";"Windows Server VM";"westeurope";"Standard_D4as_v5";"2";"Windows_Client";"NON ACTIVÉ (Windows_Client)";"False";"0";"0";"28";"25.76";"40%";"⚡ Activer AHB → économiser ~28 USD/mois";"/subscriptions/40cd83e3-43d0-4a3c-a026-849dfaff9bff/resourceGroups/RG-PF-AVD-PRD-APP-PIN-001/providers/Microsoft.Compute/virtualMachines/FRAAPIN-50"
"40cd83e3-43d0-4a3c-a026-849dfaff9bff";"pf-avd-prd";"RG-PF-AVD-PRD-APP-PIN-001";"FRAAPIN-51";"Virtual Machine";"Windows Server VM";"westeurope";"Standard_D4as_v5";"2";"Windows_Client";"NON ACTIVÉ (Windows_Client)";"False";"0";"0";"28";"25.76";"40%";"⚡ Activer AHB → économiser ~28 USD/mois";"/subscriptions/40cd83e3-43d0-4a3c-a026-849dfaff9bff/resourceGroups/RG-PF-AVD-PRD-APP-PIN-001/providers/Microsoft.Compute/virtualMachines/FRAAPIN-51"
"40cd83e3-43d0-4a3c-a026-849dfaff9bff";"pf-avd-prd";"RG-PF-AVD-PRD-APP-PIN-001";"FRAAPIN-52";"Virtual Machine";"Windows Server VM";"westeurope";"Standard_D4as_v5";"2";"Windows_Client";"NON ACTIVÉ (Windows_Client)";"False";"0";"0";"28";"25.76";"40%";"⚡ Activer AHB → économiser ~28 USD/mois";"/subscriptions/40cd83e3-43d0-4a3c-a026-849dfaff9bff/resourceGroups/RG-PF-AVD-PRD-APP-PIN-001/providers/Microsoft.Compute/virtualMachines/FRAAPIN-52"
"40cd83e3-43d0-4a3c-a026-849dfaff9bff";"pf-avd-prd";"RG-PF-AVD-PRD-APP-PIN-001";"FRAAPIN-53";"Virtual Machine";"Windows Server VM";"westeurope";"Standard_D4as_v5";"2";"Windows_Client";"NON ACTIVÉ (Windows_Client)";"False";"0";"0";"28";"25.76";"40%";"⚡ Activer AHB → économiser ~28 USD/mois";"/subscriptions/40cd83e3-43d0-4a3c-a026-849dfaff9bff/resourceGroups/RG-PF-AVD-PRD-APP-PIN-001/providers/Microsoft.Compute/virtualMachines/FRAAPIN-53"
"40cd83e3-43d0-4a3c-a026-849dfaff9bff";"pf-avd-prd";"RG-PF-AVD-PRD-APP-PIN-001";"FRAAPIN-54";"Virtual Machine";"Windows Server VM";"westeurope";"Standard_D4as_v5";"2";"Windows_Client";"NON ACTIVÉ (Windows_Client)";"False";"0";"0";"28";"25.76";"40%";"⚡ Activer AHB → économiser ~28 USD/mois";"/subscriptions/40cd83e3-43d0-4a3c-a026-849dfaff9bff/resourceGroups/RG-PF-AVD-PRD-APP-PIN-001/providers/Microsoft.Compute/virtualMachines/FRAAPIN-54"
"40cd83e3-43d0-4a3c-a026-849dfaff9bff";"pf-avd-prd";"RG-PF-AVD-PRD-APP-PIN-001";"FRAAPIN-6";"Virtual Machine";"Windows Server VM";"westeurope";"Standard_D4as_v5";"2";"Windows_Client";"NON ACTIVÉ (Windows_Client)";"False";"0";"0";"28";"25.76";"40%";"⚡ Activer AHB → économiser ~28 USD/mois";"/subscriptions/40cd83e3-43d0-4a3c-a026-849dfaff9bff/resourceGroups/RG-PF-AVD-PRD-APP-PIN-001/providers/Microsoft.Compute/virtualMachines/FRAAPIN-6"
"40cd83e3-43d0-4a3c-a026-849dfaff9bff";"pf-avd-prd";"RG-PF-AVD-PRD-APP-PIN-001";"FRAAPIN-7";"Virtual Machine";"Windows Server VM";"westeurope";"Standard_D4as_v5";"2";"Windows_Client";"NON ACTIVÉ (Windows_Client)";"False";"0";"0";"28";"25.76";"40%";"⚡ Activer AHB → économiser ~28 USD/mois";"/subscriptions/40cd83e3-43d0-4a3c-a026-849dfaff9bff/resourceGroups/RG-PF-AVD-PRD-APP-PIN-001/providers/Microsoft.Compute/virtualMachines/FRAAPIN-7"
"40cd83e3-43d0-4a3c-a026-849dfaff9bff";"pf-avd-prd";"RG-PF-AVD-PRD-APP-PIN-001";"FRAAPIN-8";"Virtual Machine";"Windows Server VM";"westeurope";"Standard_D4as_v5";"2";"Windows_Client";"NON ACTIVÉ (Windows_Client)";"False";"0";"0";"28";"25.76";"40%";"⚡ Activer AHB → économiser ~28 USD/mois";"/subscriptions/40cd83e3-43d0-4a3c-a026-849dfaff9bff/resourceGroups/RG-PF-AVD-PRD-APP-PIN-001/providers/Microsoft.Compute/virtualMachines/FRAAPIN-8"
"40cd83e3-43d0-4a3c-a026-849dfaff9bff";"pf-avd-prd";"RG-PF-AVD-PRD-APP-PIN-001";"FRAAPIN-9";"Virtual Machine";"Windows Server VM";"westeurope";"Standard_D4as_v5";"2";"Windows_Client";"NON ACTIVÉ (Windows_Client)";"False";"0";"0";"28";"25.76";"40%";"⚡ Activer AHB → économiser ~28 USD/mois";"/subscriptions/40cd83e3-43d0-4a3c-a026-849dfaff9bff/resourceGroups/RG-PF-AVD-PRD-APP-PIN-001/providers/Microsoft.Compute/virtualMachines/FRAAPIN-9"
"40cd83e3-43d0-4a3c-a026-849dfaff9bff";"pf-avd-prd";"RG-PF-AVD-PRD-APP-POC-DEVOTEAM-001";"FRAAPOC-0";"Virtual Machine";"Windows Server VM";"westeurope";"Standard_D4ls_v5";"2";"Windows_Client";"NON ACTIVÉ (Windows_Client)";"False";"0";"0";"28";"25.76";"40%";"⚡ Activer AHB → économiser ~28 USD/mois";"/subscriptions/40cd83e3-43d0-4a3c-a026-849dfaff9bff/resourceGroups/RG-PF-AVD-PRD-APP-POC-DEVOTEAM-001/providers/Microsoft.Compute/virtualMachines/FRAAPOC-0"
"40cd83e3-43d0-4a3c-a026-849dfaff9bff";"pf-avd-prd";"RG-PF-AVD-PRD-APP-POC-DEVOTEAM-001";"FRAAPOC-1";"Virtual Machine";"Windows Server VM";"westeurope";"Standard_D4ls_v5";"2";"Windows_Client";"NON ACTIVÉ (Windows_Client)";"False";"0";"0";"28";"25.76";"40%";"⚡ Activer AHB → économiser ~28 USD/mois";"/subscriptions/40cd83e3-43d0-4a3c-a026-849dfaff9bff/resourceGroups/RG-PF-AVD-PRD-APP-POC-DEVOTEAM-001/providers/Microsoft.Compute/virtualMachines/FRAAPOC-1"
"40cd83e3-43d0-4a3c-a026-849dfaff9bff";"pf-avd-prd";"RG-PF-AVD-PRD-APP-POC-DEVOTEAM-001";"FRAAPOC-2";"Virtual Machine";"Windows Server VM";"westeurope";"Standard_D4ls_v5";"2";"Windows_Client";"NON ACTIVÉ (Windows_Client)";"False";"0";"0";"28";"25.76";"40%";"⚡ Activer AHB → économiser ~28 USD/mois";"/subscriptions/40cd83e3-43d0-4a3c-a026-849dfaff9bff/resourceGroups/RG-PF-AVD-PRD-APP-POC-DEVOTEAM-001/providers/Microsoft.Compute/virtualMachines/FRAAPOC-2"
"40cd83e3-43d0-4a3c-a026-849dfaff9bff";"pf-avd-prd";"RG-PF-AVD-PRD-APP-POC-DEVOTEAM-001";"FRAAPOC-3";"Virtual Machine";"Windows Server VM";"westeurope";"Standard_D4ls_v5";"2";"Windows_Client";"NON ACTIVÉ (Windows_Client)";"False";"0";"0";"28";"25.76";"40%";"⚡ Activer AHB → économiser ~28 USD/mois";"/subscriptions/40cd83e3-43d0-4a3c-a026-849dfaff9bff/resourceGroups/RG-PF-AVD-PRD-APP-POC-DEVOTEAM-001/providers/Microsoft.Compute/virtualMachines/FRAAPOC-3"
"40cd83e3-43d0-4a3c-a026-849dfaff9bff";"pf-avd-prd";"RG-PF-AVD-PRD-APP-POC-DEVOTEAM-001";"FRAAPOC-4";"Virtual Machine";"Windows Server VM";"westeurope";"Standard_D4ls_v5";"2";"Windows_Client";"NON ACTIVÉ (Windows_Client)";"False";"0";"0";"28";"25.76";"40%";"⚡ Activer AHB → économiser ~28 USD/mois";"/subscriptions/40cd83e3-43d0-4a3c-a026-849dfaff9bff/resourceGroups/RG-PF-AVD-PRD-APP-POC-DEVOTEAM-001/providers/Microsoft.Compute/virtualMachines/FRAAPOC-4"
"40cd83e3-43d0-4a3c-a026-849dfaff9bff";"pf-avd-prd";"RG-PF-AVD-PRD-APP-POC-DEVOTEAM-001";"FRAAPOC-5";"Virtual Machine";"Windows Server VM";"westeurope";"Standard_D4ls_v5";"2";"Windows_Client";"NON ACTIVÉ (Windows_Client)";"False";"0";"0";"28";"25.76";"40%";"⚡ Activer AHB → économiser ~28 USD/mois";"/subscriptions/40cd83e3-43d0-4a3c-a026-849dfaff9bff/resourceGroups/RG-PF-AVD-PRD-APP-POC-DEVOTEAM-001/providers/Microsoft.Compute/virtualMachines/FRAAPOC-5"
"40cd83e3-43d0-4a3c-a026-849dfaff9bff";"pf-avd-prd";"RG-PF-AVD-PRD-APP-POC-DEVOTEAM-001";"FRAAPOC-6";"Virtual Machine";"Windows Server VM";"westeurope";"Standard_D4ls_v5";"2";"Windows_Client";"NON ACTIVÉ (Windows_Client)";"False";"0";"0";"28";"25.76";"40%";"⚡ Activer AHB → économiser ~28 USD/mois";"/subscriptions/40cd83e3-43d0-4a3c-a026-849dfaff9bff/resourceGroups/RG-PF-AVD-PRD-APP-POC-DEVOTEAM-001/providers/Microsoft.Compute/virtualMachines/FRAAPOC-6"
"40cd83e3-43d0-4a3c-a026-849dfaff9bff";"pf-avd-prd";"RG-PF-AVD-PRD-APP-POC-DEVOTEAM-001";"FRAAPOC-7";"Virtual Machine";"Windows Server VM";"westeurope";"Standard_D4ls_v5";"2";"Windows_Client";"NON ACTIVÉ (Windows_Client)";"False";"0";"0";"28";"25.76";"40%";"⚡ Activer AHB → économiser ~28 USD/mois";"/subscriptions/40cd83e3-43d0-4a3c-a026-849dfaff9bff/resourceGroups/RG-PF-AVD-PRD-APP-POC-DEVOTEAM-001/providers/Microsoft.Compute/virtualMachines/FRAAPOC-7"
"40cd83e3-43d0-4a3c-a026-849dfaff9bff";"pf-avd-prd";"RG-PF-AVD-PRD-APP-RAW-001";"FRAARAW-0";"Virtual Machine";"Windows Server VM";"westeurope";"Standard_D2as_v5";"2";"Windows_Client";"NON ACTIVÉ (Windows_Client)";"False";"0";"0";"28";"25.76";"40%";"⚡ Activer AHB → économiser ~28 USD/mois";"/subscriptions/40cd83e3-43d0-4a3c-a026-849dfaff9bff/resourceGroups/RG-PF-AVD-PRD-APP-RAW-001/providers/Microsoft.Compute/virtualMachines/FRAARAW-0"
"40cd83e3-43d0-4a3c-a026-849dfaff9bff";"pf-avd-prd";"RG-PF-AVD-PRD-APP-RAW-001";"FRAARAW-1";"Virtual Machine";"Windows Server VM";"westeurope";"Standard_D2as_v5";"2";"Windows_Client";"NON ACTIVÉ (Windows_Client)";"False";"0";"0";"28";"25.76";"40%";"⚡ Activer AHB → économiser ~28 USD/mois";"/subscriptions/40cd83e3-43d0-4a3c-a026-849dfaff9bff/resourceGroups/RG-PF-AVD-PRD-APP-RAW-001/providers/Microsoft.Compute/virtualMachines/FRAARAW-1"
"40cd83e3-43d0-4a3c-a026-849dfaff9bff";"pf-avd-prd";"RG-PF-AVD-PRD-APP-RAW-001";"FRAARAW-2";"Virtual Machine";"Windows Server VM";"westeurope";"Standard_D2as_v5";"2";"Windows_Client";"NON ACTIVÉ (Windows_Client)";"False";"0";"0";"28";"25.76";"40%";"⚡ Activer AHB → économiser ~28 USD/mois";"/subscriptions/40cd83e3-43d0-4a3c-a026-849dfaff9bff/resourceGroups/RG-PF-AVD-PRD-APP-RAW-001/providers/Microsoft.Compute/virtualMachines/FRAARAW-2"
"40cd83e3-43d0-4a3c-a026-849dfaff9bff";"pf-avd-prd";"RG-PF-AVD-PRD-APP-SAP-001";"FRAASAP-0";"Virtual Machine";"Windows Server VM";"westeurope";"Standard_D4as_v5";"2";"Windows_Client";"NON ACTIVÉ (Windows_Client)";"False";"0";"0";"28";"25.76";"40%";"⚡ Activer AHB → économiser ~28 USD/mois";"/subscriptions/40cd83e3-43d0-4a3c-a026-849dfaff9bff/resourceGroups/RG-PF-AVD-PRD-APP-SAP-001/providers/Microsoft.Compute/virtualMachines/FRAASAP-0"
"40cd83e3-43d0-4a3c-a026-849dfaff9bff";"pf-avd-prd";"RG-PF-AVD-PRD-APP-SAP-001";"FRAASAP-1";"Virtual Machine";"Windows Server VM";"westeurope";"Standard_D4as_v5";"2";"Windows_Client";"NON ACTIVÉ (Windows_Client)";"False";"0";"0";"28";"25.76";"40%";"⚡ Activer AHB → économiser ~28 USD/mois";"/subscriptions/40cd83e3-43d0-4a3c-a026-849dfaff9bff/resourceGroups/RG-PF-AVD-PRD-APP-SAP-001/providers/Microsoft.Compute/virtualMachines/FRAASAP-1"
"40cd83e3-43d0-4a3c-a026-849dfaff9bff";"pf-avd-prd";"RG-PF-AVD-PRD-APP-SAP-001";"FRAASAP-2";"Virtual Machine";"Windows Server VM";"westeurope";"Standard_D4as_v5";"2";"Windows_Client";"NON ACTIVÉ (Windows_Client)";"False";"0";"0";"28";"25.76";"40%";"⚡ Activer AHB → économiser ~28 USD/mois";"/subscriptions/40cd83e3-43d0-4a3c-a026-849dfaff9bff/resourceGroups/RG-PF-AVD-PRD-APP-SAP-001/providers/Microsoft.Compute/virtualMachines/FRAASAP-2"
"40cd83e3-43d0-4a3c-a026-849dfaff9bff";"pf-avd-prd";"RG-PF-AVD-PRD-APP-SCG-001";"FRAASCG-2";"Virtual Machine";"Windows Server VM";"westeurope";"Standard_NV8ads_V710_v5";"2";"Windows_Client";"NON ACTIVÉ (Windows_Client)";"False";"0";"0";"28";"25.76";"40%";"⚡ Activer AHB → économiser ~28 USD/mois";"/subscriptions/40cd83e3-43d0-4a3c-a026-849dfaff9bff/resourceGroups/RG-PF-AVD-PRD-APP-SCG-001/providers/Microsoft.Compute/virtualMachines/FRAASCG-2"
"40cd83e3-43d0-4a3c-a026-849dfaff9bff";"pf-avd-prd";"RG-PF-AVD-PRD-APP-SCG-001";"FRAASCG-3";"Virtual Machine";"Windows Server VM";"westeurope";"Standard_NV8ads_V710_v5";"2";"Windows_Client";"NON ACTIVÉ (Windows_Client)";"False";"0";"0";"28";"25.76";"40%";"⚡ Activer AHB → économiser ~28 USD/mois";"/subscriptions/40cd83e3-43d0-4a3c-a026-849dfaff9bff/resourceGroups/RG-PF-AVD-PRD-APP-SCG-001/providers/Microsoft.Compute/virtualMachines/FRAASCG-3"
"40cd83e3-43d0-4a3c-a026-849dfaff9bff";"pf-avd-prd";"RG-PF-AVD-PRD-APP-SCG-001";"FRAASCG-4";"Virtual Machine";"Windows Server VM";"westeurope";"Standard_NV8ads_V710_v5";"2";"Windows_Client";"NON ACTIVÉ (Windows_Client)";"False";"0";"0";"28";"25.76";"40%";"⚡ Activer AHB → économiser ~28 USD/mois";"/subscriptions/40cd83e3-43d0-4a3c-a026-849dfaff9bff/resourceGroups/RG-PF-AVD-PRD-APP-SCG-001/providers/Microsoft.Compute/virtualMachines/FRAASCG-4"
"40cd83e3-43d0-4a3c-a026-849dfaff9bff";"pf-avd-prd";"RG-PF-AVD-PRD-APP-SMC-001";"FRAASMC-0";"Virtual Machine";"Windows Server VM";"westeurope";"Standard_D4ls_v5";"2";"Windows_Client";"NON ACTIVÉ (Windows_Client)";"False";"0";"0";"28";"25.76";"40%";"⚡ Activer AHB → économiser ~28 USD/mois";"/subscriptions/40cd83e3-43d0-4a3c-a026-849dfaff9bff/resourceGroups/RG-PF-AVD-PRD-APP-SMC-001/providers/Microsoft.Compute/virtualMachines/FRAASMC-0"
"40cd83e3-43d0-4a3c-a026-849dfaff9bff";"pf-avd-prd";"RG-PF-AVD-PRD-APP-SMC-001";"FRAASMC-1";"Virtual Machine";"Windows Server VM";"westeurope";"Standard_D4ls_v5";"2";"Windows_Client";"NON ACTIVÉ (Windows_Client)";"False";"0";"0";"28";"25.76";"40%";"⚡ Activer AHB → économiser ~28 USD/mois";"/subscriptions/40cd83e3-43d0-4a3c-a026-849dfaff9bff/resourceGroups/RG-PF-AVD-PRD-APP-SMC-001/providers/Microsoft.Compute/virtualMachines/FRAASMC-1"
"40cd83e3-43d0-4a3c-a026-849dfaff9bff";"pf-avd-prd";"RG-PF-AVD-PRD-APP-SMC-001";"FRAASMC-2";"Virtual Machine";"Windows Server VM";"westeurope";"Standard_D4ls_v5";"2";"Windows_Client";"NON ACTIVÉ (Windows_Client)";"False";"0";"0";"28";"25.76";"40%";"⚡ Activer AHB → économiser ~28 USD/mois";"/subscriptions/40cd83e3-43d0-4a3c-a026-849dfaff9bff/resourceGroups/RG-PF-AVD-PRD-APP-SMC-001/providers/Microsoft.Compute/virtualMachines/FRAASMC-2"
"40cd83e3-43d0-4a3c-a026-849dfaff9bff";"pf-avd-prd";"RG-PF-AVD-PRD-APP-SNW-001";"FRAASNW-0";"Virtual Machine";"Windows Server VM";"westeurope";"Standard_D4as_v5";"2";"Windows_Client";"NON ACTIVÉ (Windows_Client)";"False";"0";"0";"28";"25.76";"40%";"⚡ Activer AHB → économiser ~28 USD/mois";"/subscriptions/40cd83e3-43d0-4a3c-a026-849dfaff9bff/resourceGroups/RG-PF-AVD-PRD-APP-SNW-001/providers/Microsoft.Compute/virtualMachines/FRAASNW-0"
"40cd83e3-43d0-4a3c-a026-849dfaff9bff";"pf-avd-prd";"RG-PF-AVD-PRD-APP-SNW-001";"FRAASNW-1";"Virtual Machine";"Windows Server VM";"westeurope";"Standard_D4as_v5";"2";"Windows_Client";"NON ACTIVÉ (Windows_Client)";"False";"0";"0";"28";"25.76";"40%";"⚡ Activer AHB → économiser ~28 USD/mois";"/subscriptions/40cd83e3-43d0-4a3c-a026-849dfaff9bff/resourceGroups/RG-PF-AVD-PRD-APP-SNW-001/providers/Microsoft.Compute/virtualMachines/FRAASNW-1"
"40cd83e3-43d0-4a3c-a026-849dfaff9bff";"pf-avd-prd";"RG-PF-AVD-PRD-APP-STORAGE-EXPLORER-DATA-SANDBOX-001";"FRAASED-0";"Virtual Machine";"Windows Server VM";"westeurope";"Standard_D4as_v5";"2";"Windows_Client";"NON ACTIVÉ (Windows_Client)";"False";"0";"0";"28";"25.76";"40%";"⚡ Activer AHB → économiser ~28 USD/mois";"/subscriptions/40cd83e3-43d0-4a3c-a026-849dfaff9bff/resourceGroups/RG-PF-AVD-PRD-APP-STORAGE-EXPLORER-DATA-SANDBOX-001/providers/Microsoft.Compute/virtualMachines/FRAASED-0"
"40cd83e3-43d0-4a3c-a026-849dfaff9bff";"pf-avd-prd";"RG-PF-AVD-PRD-APP-STORAGE-EXPLORER-DATA-SANDBOX-001";"FRAASED-1";"Virtual Machine";"Windows Server VM";"westeurope";"Standard_D4as_v5";"2";"Windows_Client";"NON ACTIVÉ (Windows_Client)";"False";"0";"0";"28";"25.76";"40%";"⚡ Activer AHB → économiser ~28 USD/mois";"/subscriptions/40cd83e3-43d0-4a3c-a026-849dfaff9bff/resourceGroups/RG-PF-AVD-PRD-APP-STORAGE-EXPLORER-DATA-SANDBOX-001/providers/Microsoft.Compute/virtualMachines/FRAASED-1"
"40cd83e3-43d0-4a3c-a026-849dfaff9bff";"pf-avd-prd";"RG-PF-AVD-PRD-APP-WOG-001";"FRAAWOG-0";"Virtual Machine";"Windows Server VM";"westeurope";"Standard_D2as_v5";"2";"Windows_Client";"NON ACTIVÉ (Windows_Client)";"False";"0";"0";"28";"25.76";"40%";"⚡ Activer AHB → économiser ~28 USD/mois";"/subscriptions/40cd83e3-43d0-4a3c-a026-849dfaff9bff/resourceGroups/RG-PF-AVD-PRD-APP-WOG-001/providers/Microsoft.Compute/virtualMachines/FRAAWOG-0"
"40cd83e3-43d0-4a3c-a026-849dfaff9bff";"pf-avd-prd";"RG-PF-AVD-PRD-APP-WOG-001";"FRAAWOG-1";"Virtual Machine";"Windows Server VM";"westeurope";"Standard_D2as_v5";"2";"Windows_Client";"NON ACTIVÉ (Windows_Client)";"False";"0";"0";"28";"25.76";"40%";"⚡ Activer AHB → économiser ~28 USD/mois";"/subscriptions/40cd83e3-43d0-4a3c-a026-849dfaff9bff/resourceGroups/RG-PF-AVD-PRD-APP-WOG-001/providers/Microsoft.Compute/virtualMachines/FRAAWOG-1"
"633be0c2-c99b-4c04-8cc2-99794f566935";"pf-das-prd";"RG-PF-DAS-PRD";"vmpfgdaswautp01";"Virtual Machine";"Windows Server VM";"westeurope";"Standard_D4s_v3";"4";"Windows_Server";"ACTIVÉ";"True";"56";"51.52";"0";"0";"40%";"AHB actif — économie en cours";"/subscriptions/633be0c2-c99b-4c04-8cc2-99794f566935/resourceGroups/RG-PF-DAS-PRD/providers/Microsoft.Compute/virtualMachines/vmpfgdaswautp01"
"633be0c2-c99b-4c04-8cc2-99794f566935";"pf-das-prd";"RG-PF-DAS-PRD";"vmpfgdaswspfp01";"Virtual Machine";"Windows Server VM";"westeurope";"Standard_D4s_v3";"4";"Windows_Server";"ACTIVÉ";"True";"56";"51.52";"0";"0";"40%";"AHB actif — économie en cours";"/subscriptions/633be0c2-c99b-4c04-8cc2-99794f566935/resourceGroups/RG-PF-DAS-PRD/providers/Microsoft.Compute/virtualMachines/vmpfgdaswspfp01"
"633be0c2-c99b-4c04-8cc2-99794f566935";"pf-das-prd";"RG-PF-DAS-PRD";"vmpfgdaswstap01";"Virtual Machine";"Windows Server VM";"westeurope";"Standard_E2s_v3";"2";"Windows_Server";"ACTIVÉ";"True";"28";"25.76";"0";"0";"40%";"AHB actif — économie en cours";"/subscriptions/633be0c2-c99b-4c04-8cc2-99794f566935/resourceGroups/RG-PF-DAS-PRD/providers/Microsoft.Compute/virtualMachines/vmpfgdaswstap01"
"633be0c2-c99b-4c04-8cc2-99794f566935";"pf-das-prd";"RG-PF-DAS-PRD";"vmpfgdaswwebp01";"Virtual Machine";"Windows Server VM";"westeurope";"Standard_D8s_v3";"8";"Windows_Server";"ACTIVÉ";"True";"112";"103.04";"0";"0";"40%";"AHB actif — économie en cours";"/subscriptions/633be0c2-c99b-4c04-8cc2-99794f566935/resourceGroups/RG-PF-DAS-PRD/providers/Microsoft.Compute/virtualMachines/vmpfgdaswwebp01"
"1fd75d0f-1229-4b8f-a9ee-235b1fd8ac60";"pf-das-stg";"RG-PF-DAS-STG";"vmpfgdaswauts01";"Virtual Machine";"Windows Server VM";"westeurope";"Standard_D4s_v3";"4";"Windows_Server";"ACTIVÉ";"True";"56";"51.52";"0";"0";"40%";"AHB actif — économie en cours";"/subscriptions/1fd75d0f-1229-4b8f-a9ee-235b1fd8ac60/resourceGroups/RG-PF-DAS-STG/providers/Microsoft.Compute/virtualMachines/vmpfgdaswauts01"
"1fd75d0f-1229-4b8f-a9ee-235b1fd8ac60";"pf-das-stg";"RG-PF-DAS-STG";"vmpfgdaswspfs01";"Virtual Machine";"Windows Server VM";"westeurope";"Standard_D4s_v3";"4";"Windows_Server";"ACTIVÉ";"True";"56";"51.52";"0";"0";"40%";"AHB actif — économie en cours";"/subscriptions/1fd75d0f-1229-4b8f-a9ee-235b1fd8ac60/resourceGroups/RG-PF-DAS-STG/providers/Microsoft.Compute/virtualMachines/vmpfgdaswspfs01"
"1fd75d0f-1229-4b8f-a9ee-235b1fd8ac60";"pf-das-stg";"RG-PF-DAS-STG";"vmpfgdaswstas01";"Virtual Machine";"Windows Server VM";"westeurope";"Standard_E2s_v3";"2";"Windows_Server";"ACTIVÉ";"True";"28";"25.76";"0";"0";"40%";"AHB actif — économie en cours";"/subscriptions/1fd75d0f-1229-4b8f-a9ee-235b1fd8ac60/resourceGroups/RG-PF-DAS-STG/providers/Microsoft.Compute/virtualMachines/vmpfgdaswstas01"
"1fd75d0f-1229-4b8f-a9ee-235b1fd8ac60";"pf-das-stg";"RG-PF-DAS-STG";"vmpfgdaswwebs01";"Virtual Machine";"Windows Server VM";"westeurope";"Standard_D8s_v3";"8";"Windows_Server";"ACTIVÉ";"True";"112";"103.04";"0";"0";"40%";"AHB actif — économie en cours";"/subscriptions/1fd75d0f-1229-4b8f-a9ee-235b1fd8ac60/resourceGroups/RG-PF-DAS-STG/providers/Microsoft.Compute/virtualMachines/vmpfgdaswwebs01"
"88d31c1e-b608-4e9b-af95-dae0c470cc77";"pf-dfs-prd";"PFA-DFS1-P-RSG-SPOKE-PRD";"vmpfgdfspadm01";"Virtual Machine";"Windows Server VM";"westeurope";"Standard_D4s_v3";"4";"null";"NON ACTIVÉ";"False";"0";"0";"56";"51.52";"40%";"⚡ Activer AHB → économiser ~56 USD/mois";"/subscriptions/88d31c1e-b608-4e9b-af95-dae0c470cc77/resourceGroups/PFA-DFS1-P-RSG-SPOKE-PRD/providers/Microsoft.Compute/virtualMachines/vmpfgdfspadm01"
"6e48fce0-a84a-4f65-b020-7c16e5a28768";"pf-dmp-dev";"RG-PF-ALT-POC";"PFAZRVDALTAPP02";"Virtual Machine";"Windows Server VM";"westeurope";"Standard_D4s_v3";"4";"null";"NON ACTIVÉ";"False";"0";"0";"56";"51.52";"40%";"⚡ Activer AHB → économiser ~56 USD/mois";"/subscriptions/6e48fce0-a84a-4f65-b020-7c16e5a28768/resourceGroups/RG-PF-ALT-POC/providers/Microsoft.Compute/virtualMachines/PFAZRVDALTAPP02"
"6e48fce0-a84a-4f65-b020-7c16e5a28768";"pf-dmp-dev";"RG-PF-DMP-DEV";"vm-win-dev-aks";"Virtual Machine";"Windows Server VM";"westeurope";"Standard_F4s_v2";"4";"Windows_Client";"NON ACTIVÉ (Windows_Client)";"False";"0";"0";"56";"51.52";"40%";"⚡ Activer AHB → économiser ~56 USD/mois";"/subscriptions/6e48fce0-a84a-4f65-b020-7c16e5a28768/resourceGroups/RG-PF-DMP-DEV/providers/Microsoft.Compute/virtualMachines/vm-win-dev-aks"
"6e48fce0-a84a-4f65-b020-7c16e5a28768";"pf-dmp-dev";"RG-PF-DMP-DEV";"vm-win-dmp-d-shir";"Virtual Machine";"Windows Server VM";"westeurope";"Standard_F4s_v2";"4";"null";"NON ACTIVÉ";"False";"0";"0";"56";"51.52";"40%";"⚡ Activer AHB → économiser ~56 USD/mois";"/subscriptions/6e48fce0-a84a-4f65-b020-7c16e5a28768/resourceGroups/RG-PF-DMP-DEV/providers/Microsoft.Compute/virtualMachines/vm-win-dmp-d-shir"
"6e48fce0-a84a-4f65-b020-7c16e5a28768";"pf-dmp-dev";"RG-PF-DMP-DEV";"vmpfgdmpwtanium01";"Virtual Machine";"Windows Server VM";"westeurope";"Standard_DS1_v2";"2";"Windows_Server";"ACTIVÉ";"True";"28";"25.76";"0";"0";"40%";"AHB actif — économie en cours";"/subscriptions/6e48fce0-a84a-4f65-b020-7c16e5a28768/resourceGroups/RG-PF-DMP-DEV/providers/Microsoft.Compute/virtualMachines/vmpfgdmpwtanium01"
"6e48fce0-a84a-4f65-b020-7c16e5a28768";"pf-dmp-dev";"RG-PF-DMP-DEV";"vmpfgfacsdpoc";"Virtual Machine";"Windows Server VM";"westeurope";"Standard_D2s_v3";"2";"Windows_Client";"NON ACTIVÉ (Windows_Client)";"False";"0";"0";"28";"25.76";"40%";"⚡ Activer AHB → économiser ~28 USD/mois";"/subscriptions/6e48fce0-a84a-4f65-b020-7c16e5a28768/resourceGroups/RG-PF-DMP-DEV/providers/Microsoft.Compute/virtualMachines/vmpfgfacsdpoc"
"6e48fce0-a84a-4f65-b020-7c16e5a28768";"pf-dmp-dev";"VMPFGDMPWTABD01_GROUP";"vmpfgdmpwtabd01";"Virtual Machine";"Windows Server VM";"westeurope";"Standard_D16s_v3";"16";"Windows_Server";"ACTIVÉ";"True";"224";"206.08";"0";"0";"40%";"AHB actif — économie en cours";"/subscriptions/6e48fce0-a84a-4f65-b020-7c16e5a28768/resourceGroups/VMPFGDMPWTABD01_GROUP/providers/Microsoft.Compute/virtualMachines/vmpfgdmpwtabd01"
"6e48fce0-a84a-4f65-b020-7c16e5a28768";"pf-dmp-dev";"rg-pf-dmp-dev";"sqlpfgdmpddenodo/sqldbpfgdmpdlogs";"Azure SQL Database";"SQL Database (Standard)";"westeurope";"Standard Standard";"10";"DTU-model (non éligible vCore)";"NON ACTIVÉ";"False";"0";"0";"555";"510.6";"30%";"ℹ Modèle DTU — passer en vCore pour activer AHB";"/subscriptions/6e48fce0-a84a-4f65-b020-7c16e5a28768/resourceGroups/rg-pf-dmp-dev/providers/Microsoft.Sql/servers/sqlpfgdmpddenodo/databases/sqldbpfgdmpdlogs"
"6e48fce0-a84a-4f65-b020-7c16e5a28768";"pf-dmp-dev";"rg-pf-dmp-dev";"sqlpfgdmpddenodo/sqldbpfgdmpddatacatalog";"Azure SQL Database";"SQL Database (Standard)";"westeurope";"Standard Standard";"10";"DTU-model (non éligible vCore)";"NON ACTIVÉ";"False";"0";"0";"555";"510.6";"30%";"ℹ Modèle DTU — passer en vCore pour activer AHB";"/subscriptions/6e48fce0-a84a-4f65-b020-7c16e5a28768/resourceGroups/rg-pf-dmp-dev/providers/Microsoft.Sql/servers/sqlpfgdmpddenodo/databases/sqldbpfgdmpddatacatalog"
"6e48fce0-a84a-4f65-b020-7c16e5a28768";"pf-dmp-dev";"rg-pf-dmp-dev";"sqlpfgdmpddenodo/sqldbpfgdmpdquerylog";"Azure SQL Database";"SQL Database (Standard)";"westeurope";"Standard Standard";"10";"DTU-model (non éligible vCore)";"NON ACTIVÉ";"False";"0";"0";"555";"510.6";"30%";"ℹ Modèle DTU — passer en vCore pour activer AHB";"/subscriptions/6e48fce0-a84a-4f65-b020-7c16e5a28768/resourceGroups/rg-pf-dmp-dev/providers/Microsoft.Sql/servers/sqlpfgdmpddenodo/databases/sqldbpfgdmpdquerylog"
"6e48fce0-a84a-4f65-b020-7c16e5a28768";"pf-dmp-dev";"rg-pf-dmp-dev";"sqlpfgdmpddenodo/sqldbpfgdmpdscheduler";"Azure SQL Database";"SQL Database (Standard)";"westeurope";"Standard Standard";"10";"DTU-model (non éligible vCore)";"NON ACTIVÉ";"False";"0";"0";"555";"510.6";"30%";"ℹ Modèle DTU — passer en vCore pour activer AHB";"/subscriptions/6e48fce0-a84a-4f65-b020-7c16e5a28768/resourceGroups/rg-pf-dmp-dev/providers/Microsoft.Sql/servers/sqlpfgdmpddenodo/databases/sqldbpfgdmpdscheduler"
"6e48fce0-a84a-4f65-b020-7c16e5a28768";"pf-dmp-dev";"rg-pf-dmp-dev";"sqlpfgdmpddenodo/sqldbpfgdmpdvdp";"Azure SQL Database";"SQL Database (Standard)";"westeurope";"Standard Standard";"20";"DTU-model (non éligible vCore)";"NON ACTIVÉ";"False";"0";"0";"1110";"1021.2";"30%";"ℹ Modèle DTU — passer en vCore pour activer AHB";"/subscriptions/6e48fce0-a84a-4f65-b020-7c16e5a28768/resourceGroups/rg-pf-dmp-dev/providers/Microsoft.Sql/servers/sqlpfgdmpddenodo/databases/sqldbpfgdmpdvdp"
"b6378144-1a63-4fd6-a654-5f1c3c424555";"pf-dmp-prd";"RG-PF-DMP-PRD-TABLEAU";"vmpfgdmppwintab";"Virtual Machine";"Windows Server VM";"westeurope";"Standard_E16s_v3";"16";"null";"NON ACTIVÉ";"False";"0";"0";"224";"206.08";"40%";"⚡ Activer AHB → économiser ~224 USD/mois";"/subscriptions/b6378144-1a63-4fd6-a654-5f1c3c424555/resourceGroups/RG-PF-DMP-PRD-TABLEAU/providers/Microsoft.Compute/virtualMachines/vmpfgdmppwintab"
"b6378144-1a63-4fd6-a654-5f1c3c424555";"pf-dmp-prd";"RG-PF-DMP-PRD";"vm-win-dmp-p-shir";"Virtual Machine";"Windows Server VM";"westeurope";"Standard_F4s_v2";"4";"null";"NON ACTIVÉ";"False";"0";"0";"56";"51.52";"40%";"⚡ Activer AHB → économiser ~56 USD/mois";"/subscriptions/b6378144-1a63-4fd6-a654-5f1c3c424555/resourceGroups/RG-PF-DMP-PRD/providers/Microsoft.Compute/virtualMachines/vm-win-dmp-p-shir"
"b6378144-1a63-4fd6-a654-5f1c3c424555";"pf-dmp-prd";"rg-pf-dmp-prd";"sqlpfgdmppdenodo/sqldbpfgdmppscheduler";"Azure SQL Database";"SQL Database (Standard)";"westeurope";"Standard Standard";"10";"DTU-model (non éligible vCore)";"NON ACTIVÉ";"False";"0";"0";"555";"510.6";"30%";"ℹ Modèle DTU — passer en vCore pour activer AHB";"/subscriptions/b6378144-1a63-4fd6-a654-5f1c3c424555/resourceGroups/rg-pf-dmp-prd/providers/Microsoft.Sql/servers/sqlpfgdmppdenodo/databases/sqldbpfgdmppscheduler"
"b6378144-1a63-4fd6-a654-5f1c3c424555";"pf-dmp-prd";"rg-pf-dmp-prd";"sqlpfgdmppdenodo/sqldbpfgdmppvdp";"Azure SQL Database";"SQL Database (Standard)";"westeurope";"Standard Standard";"20";"DTU-model (non éligible vCore)";"NON ACTIVÉ";"False";"0";"0";"1110";"1021.2";"30%";"ℹ Modèle DTU — passer en vCore pour activer AHB";"/subscriptions/b6378144-1a63-4fd6-a654-5f1c3c424555/resourceGroups/rg-pf-dmp-prd/providers/Microsoft.Sql/servers/sqlpfgdmppdenodo/databases/sqldbpfgdmppvdp"
"b6378144-1a63-4fd6-a654-5f1c3c424555";"pf-dmp-prd";"rg-pf-dmp-prd";"sqlpfgdmppdenodo/sqldbpfgdmpplogs";"Azure SQL Database";"SQL Database (Standard)";"westeurope";"Standard Standard";"20";"DTU-model (non éligible vCore)";"NON ACTIVÉ";"False";"0";"0";"1110";"1021.2";"30%";"ℹ Modèle DTU — passer en vCore pour activer AHB";"/subscriptions/b6378144-1a63-4fd6-a654-5f1c3c424555/resourceGroups/rg-pf-dmp-prd/providers/Microsoft.Sql/servers/sqlpfgdmppdenodo/databases/sqldbpfgdmpplogs"
"b6378144-1a63-4fd6-a654-5f1c3c424555";"pf-dmp-prd";"rg-pf-dmp-prd";"sqlpfgdmppdenodo/sqldbpfgdmppsolutionmanager";"Azure SQL Database";"SQL Database (Standard)";"westeurope";"Standard Standard";"10";"DTU-model (non éligible vCore)";"NON ACTIVÉ";"False";"0";"0";"555";"510.6";"30%";"ℹ Modèle DTU — passer en vCore pour activer AHB";"/subscriptions/b6378144-1a63-4fd6-a654-5f1c3c424555/resourceGroups/rg-pf-dmp-prd/providers/Microsoft.Sql/servers/sqlpfgdmppdenodo/databases/sqldbpfgdmppsolutionmanager"
"b6378144-1a63-4fd6-a654-5f1c3c424555";"pf-dmp-prd";"rg-pf-dmp-prd";"sqlpfgdmppdenodo/sqldbpfgdmppdatacatalog";"Azure SQL Database";"SQL Database (Standard)";"westeurope";"Standard Standard";"10";"DTU-model (non éligible vCore)";"NON ACTIVÉ";"False";"0";"0";"555";"510.6";"30%";"ℹ Modèle DTU — passer en vCore pour activer AHB";"/subscriptions/b6378144-1a63-4fd6-a654-5f1c3c424555/resourceGroups/rg-pf-dmp-prd/providers/Microsoft.Sql/servers/sqlpfgdmppdenodo/databases/sqldbpfgdmppdatacatalog"
"b6378144-1a63-4fd6-a654-5f1c3c424555";"pf-dmp-prd";"rg-pf-dmp-prd";"sqlpfgdmppdenodo/sqldbpfgdmppquerylog";"Azure SQL Database";"SQL Database (Standard)";"westeurope";"Standard Standard";"10";"DTU-model (non éligible vCore)";"NON ACTIVÉ";"False";"0";"0";"555";"510.6";"30%";"ℹ Modèle DTU — passer en vCore pour activer AHB";"/subscriptions/b6378144-1a63-4fd6-a654-5f1c3c424555/resourceGroups/rg-pf-dmp-prd/providers/Microsoft.Sql/servers/sqlpfgdmppdenodo/databases/sqldbpfgdmppquerylog"
"feb562f1-c7cd-4b53-9e1b-ad4a3eafcf62";"pf-dmp-stg";"RG-PF-DMP-STG";"vm-win-dmp-s-shir";"Virtual Machine";"Windows Server VM";"westeurope";"Standard_F4s_v2";"4";"null";"NON ACTIVÉ";"False";"0";"0";"56";"51.52";"40%";"⚡ Activer AHB → économiser ~56 USD/mois";"/subscriptions/feb562f1-c7cd-4b53-9e1b-ad4a3eafcf62/resourceGroups/RG-PF-DMP-STG/providers/Microsoft.Compute/virtualMachines/vm-win-dmp-s-shir"
"feb562f1-c7cd-4b53-9e1b-ad4a3eafcf62";"pf-dmp-stg";"rg-pf-dmp-stg";"sqlpfgdmpsdenodo/sqldbpfgdmpsdatacatalog";"Azure SQL Database";"SQL Database (Standard)";"westeurope";"Standard Standard";"10";"DTU-model (non éligible vCore)";"NON ACTIVÉ";"False";"0";"0";"555";"510.6";"30%";"ℹ Modèle DTU — passer en vCore pour activer AHB";"/subscriptions/feb562f1-c7cd-4b53-9e1b-ad4a3eafcf62/resourceGroups/rg-pf-dmp-stg/providers/Microsoft.Sql/servers/sqlpfgdmpsdenodo/databases/sqldbpfgdmpsdatacatalog"
"feb562f1-c7cd-4b53-9e1b-ad4a3eafcf62";"pf-dmp-stg";"rg-pf-dmp-stg";"sqlpfgdmpsdenodo/sqldbpfgdmpsscheduler";"Azure SQL Database";"SQL Database (Standard)";"westeurope";"Standard Standard";"10";"DTU-model (non éligible vCore)";"NON ACTIVÉ";"False";"0";"0";"555";"510.6";"30%";"ℹ Modèle DTU — passer en vCore pour activer AHB";"/subscriptions/feb562f1-c7cd-4b53-9e1b-ad4a3eafcf62/resourceGroups/rg-pf-dmp-stg/providers/Microsoft.Sql/servers/sqlpfgdmpsdenodo/databases/sqldbpfgdmpsscheduler"
"feb562f1-c7cd-4b53-9e1b-ad4a3eafcf62";"pf-dmp-stg";"rg-pf-dmp-stg";"sqlpfgdmpsdenodo/sqldbpfgdmpsvdp";"Azure SQL Database";"SQL Database (Standard)";"westeurope";"Standard Standard";"20";"DTU-model (non éligible vCore)";"NON ACTIVÉ";"False";"0";"0";"1110";"1021.2";"30%";"ℹ Modèle DTU — passer en vCore pour activer AHB";"/subscriptions/feb562f1-c7cd-4b53-9e1b-ad4a3eafcf62/resourceGroups/rg-pf-dmp-stg/providers/Microsoft.Sql/servers/sqlpfgdmpsdenodo/databases/sqldbpfgdmpsvdp"
"feb562f1-c7cd-4b53-9e1b-ad4a3eafcf62";"pf-dmp-stg";"rg-pf-dmp-stg";"sqlpfgdmpsdenodo/sqldbpfgdmpsquerylog";"Azure SQL Database";"SQL Database (Standard)";"westeurope";"Standard Standard";"10";"DTU-model (non éligible vCore)";"NON ACTIVÉ";"False";"0";"0";"555";"510.6";"30%";"ℹ Modèle DTU — passer en vCore pour activer AHB";"/subscriptions/feb562f1-c7cd-4b53-9e1b-ad4a3eafcf62/resourceGroups/rg-pf-dmp-stg/providers/Microsoft.Sql/servers/sqlpfgdmpsdenodo/databases/sqldbpfgdmpsquerylog"
"feb562f1-c7cd-4b53-9e1b-ad4a3eafcf62";"pf-dmp-stg";"rg-pf-dmp-stg";"sqlpfgdmpsdenodo/sqldbpfgdmpslogs";"Azure SQL Database";"SQL Database (Standard)";"westeurope";"Standard Standard";"10";"DTU-model (non éligible vCore)";"NON ACTIVÉ";"False";"0";"0";"555";"510.6";"30%";"ℹ Modèle DTU — passer en vCore pour activer AHB";"/subscriptions/feb562f1-c7cd-4b53-9e1b-ad4a3eafcf62/resourceGroups/rg-pf-dmp-stg/providers/Microsoft.Sql/servers/sqlpfgdmpsdenodo/databases/sqldbpfgdmpslogs"
"5d8c447a-1830-4603-be58-d6aab95700ec";"pf-hds-sas-dev";"RG-PF-HDS-SAS-DEV-COMPUTE-001";"pfazrvdsasapp01";"Virtual Machine";"Windows Server VM";"francecentral";"Standard_D16as_v5";"2";"null";"NON ACTIVÉ";"False";"0";"0";"28";"25.76";"40%";"⚡ Activer AHB → économiser ~28 USD/mois";"/subscriptions/5d8c447a-1830-4603-be58-d6aab95700ec/resourceGroups/RG-PF-HDS-SAS-DEV-COMPUTE-001/providers/Microsoft.Compute/virtualMachines/pfazrvdsasapp01"
"5d8c447a-1830-4603-be58-d6aab95700ec";"pf-hds-sas-dev";"RG-PF-HDS-SAS-DEV-COMPUTE-001";"pfazrvdsasbdd01";"Virtual Machine";"Windows Server VM";"francecentral";"Standard_E2as_v5";"2";"null";"NON ACTIVÉ";"False";"0";"0";"28";"25.76";"40%";"⚡ Activer AHB → économiser ~28 USD/mois";"/subscriptions/5d8c447a-1830-4603-be58-d6aab95700ec/resourceGroups/RG-PF-HDS-SAS-DEV-COMPUTE-001/providers/Microsoft.Compute/virtualMachines/pfazrvdsasbdd01"
"5d8c447a-1830-4603-be58-d6aab95700ec";"pf-hds-sas-dev";"RG-PF-HDS-SAS-DEV-COMPUTE-001";"pfazrvdsasmid01";"Virtual Machine";"Windows Server VM";"francecentral";"Standard_E4-2as_v5";"2";"null";"NON ACTIVÉ";"False";"0";"0";"28";"25.76";"40%";"⚡ Activer AHB → économiser ~28 USD/mois";"/subscriptions/5d8c447a-1830-4603-be58-d6aab95700ec/resourceGroups/RG-PF-HDS-SAS-DEV-COMPUTE-001/providers/Microsoft.Compute/virtualMachines/pfazrvdsasmid01"
"bce7347a-f4df-4df7-bea7-56ec4e1148c9";"pf-hds-sas-prd";"RG-PF-HDS-SAS-PRD-COMPUTE-001";"pfazrvpsasapp01";"Virtual Machine";"Windows Server VM";"francecentral";"Standard_E32-16as_v5";"2";"null";"NON ACTIVÉ";"False";"0";"0";"28";"25.76";"40%";"⚡ Activer AHB → économiser ~28 USD/mois";"/subscriptions/bce7347a-f4df-4df7-bea7-56ec4e1148c9/resourceGroups/RG-PF-HDS-SAS-PRD-COMPUTE-001/providers/Microsoft.Compute/virtualMachines/pfazrvpsasapp01"
"bce7347a-f4df-4df7-bea7-56ec4e1148c9";"pf-hds-sas-prd";"RG-PF-HDS-SAS-PRD-COMPUTE-001";"pfazrvpsasbdd01";"Virtual Machine";"Windows Server VM";"francecentral";"Standard_E2as_v5";"2";"null";"NON ACTIVÉ";"False";"0";"0";"28";"25.76";"40%";"⚡ Activer AHB → économiser ~28 USD/mois";"/subscriptions/bce7347a-f4df-4df7-bea7-56ec4e1148c9/resourceGroups/RG-PF-HDS-SAS-PRD-COMPUTE-001/providers/Microsoft.Compute/virtualMachines/pfazrvpsasbdd01"
"bce7347a-f4df-4df7-bea7-56ec4e1148c9";"pf-hds-sas-prd";"RG-PF-HDS-SAS-PRD-COMPUTE-001";"pfazrvpsasmid01";"Virtual Machine";"Windows Server VM";"francecentral";"Standard_E4-2as_v5";"2";"null";"NON ACTIVÉ";"False";"0";"0";"28";"25.76";"40%";"⚡ Activer AHB → économiser ~28 USD/mois";"/subscriptions/bce7347a-f4df-4df7-bea7-56ec4e1148c9/resourceGroups/RG-PF-HDS-SAS-PRD-COMPUTE-001/providers/Microsoft.Compute/virtualMachines/pfazrvpsasmid01"
"513ad47c-251f-4a6c-8c8d-0e6cd964883c";"pf-hds-sas-sandbox";"RG-PF-HDS-SAS-SANDBOX-COMPUTE-001";"pfazrvxsasapp01";"Virtual Machine";"Windows Server VM";"francecentral";"Standard_D16as_v5";"2";"null";"NON ACTIVÉ";"False";"0";"0";"28";"25.76";"40%";"⚡ Activer AHB → économiser ~28 USD/mois";"/subscriptions/513ad47c-251f-4a6c-8c8d-0e6cd964883c/resourceGroups/RG-PF-HDS-SAS-SANDBOX-COMPUTE-001/providers/Microsoft.Compute/virtualMachines/pfazrvxsasapp01"
"513ad47c-251f-4a6c-8c8d-0e6cd964883c";"pf-hds-sas-sandbox";"RG-PF-HDS-SAS-SANDBOX-COMPUTE-001";"pfazrvxsasbdd01";"Virtual Machine";"Windows Server VM";"francecentral";"Standard_E2as_v5";"2";"null";"NON ACTIVÉ";"False";"0";"0";"28";"25.76";"40%";"⚡ Activer AHB → économiser ~28 USD/mois";"/subscriptions/513ad47c-251f-4a6c-8c8d-0e6cd964883c/resourceGroups/RG-PF-HDS-SAS-SANDBOX-COMPUTE-001/providers/Microsoft.Compute/virtualMachines/pfazrvxsasbdd01"
"513ad47c-251f-4a6c-8c8d-0e6cd964883c";"pf-hds-sas-sandbox";"RG-PF-HDS-SAS-SANDBOX-COMPUTE-001";"pfazrvxsasmid01";"Virtual Machine";"Windows Server VM";"francecentral";"Standard_E4-2as_v5";"2";"null";"NON ACTIVÉ";"False";"0";"0";"28";"25.76";"40%";"⚡ Activer AHB → économiser ~28 USD/mois";"/subscriptions/513ad47c-251f-4a6c-8c8d-0e6cd964883c/resourceGroups/RG-PF-HDS-SAS-SANDBOX-COMPUTE-001/providers/Microsoft.Compute/virtualMachines/pfazrvxsasmid01"
"b9ec9c87-934f-468e-897c-34ac0998bd91";"pf-hds-sas-stg";"RG-PF-HDS-SAS-STG-COMPUTE-001";"pfazrvrsasapp01";"Virtual Machine";"Windows Server VM";"francecentral";"Standard_E32-16as_v5";"2";"null";"NON ACTIVÉ";"False";"0";"0";"28";"25.76";"40%";"⚡ Activer AHB → économiser ~28 USD/mois";"/subscriptions/b9ec9c87-934f-468e-897c-34ac0998bd91/resourceGroups/RG-PF-HDS-SAS-STG-COMPUTE-001/providers/Microsoft.Compute/virtualMachines/pfazrvrsasapp01"
"b9ec9c87-934f-468e-897c-34ac0998bd91";"pf-hds-sas-stg";"RG-PF-HDS-SAS-STG-COMPUTE-001";"pfazrvrsasbdd01";"Virtual Machine";"Windows Server VM";"francecentral";"Standard_E2as_v5";"2";"null";"NON ACTIVÉ";"False";"0";"0";"28";"25.76";"40%";"⚡ Activer AHB → économiser ~28 USD/mois";"/subscriptions/b9ec9c87-934f-468e-897c-34ac0998bd91/resourceGroups/RG-PF-HDS-SAS-STG-COMPUTE-001/providers/Microsoft.Compute/virtualMachines/pfazrvrsasbdd01"
"b9ec9c87-934f-468e-897c-34ac0998bd91";"pf-hds-sas-stg";"RG-PF-HDS-SAS-STG-COMPUTE-001";"pfazrvrsasmid01";"Virtual Machine";"Windows Server VM";"francecentral";"Standard_E4-2as_v5";"2";"null";"NON ACTIVÉ";"False";"0";"0";"28";"25.76";"40%";"⚡ Activer AHB → économiser ~28 USD/mois";"/subscriptions/b9ec9c87-934f-468e-897c-34ac0998bd91/resourceGroups/RG-PF-HDS-SAS-STG-COMPUTE-001/providers/Microsoft.Compute/virtualMachines/pfazrvrsasmid01"
"b9ec9c87-934f-468e-897c-34ac0998bd91";"pf-hds-sas-stg";"RG-PF-HDS-SAS-STG-COMPUTE-001";"restoredpfazrvrsasapp01";"Virtual Machine";"Windows Server VM";"francecentral";"Standard_E32-16as_v5";"2";"null";"NON ACTIVÉ";"False";"0";"0";"28";"25.76";"40%";"⚡ Activer AHB → économiser ~28 USD/mois";"/subscriptions/b9ec9c87-934f-468e-897c-34ac0998bd91/resourceGroups/RG-PF-HDS-SAS-STG-COMPUTE-001/providers/Microsoft.Compute/virtualMachines/restoredpfazrvrsasapp01"
"b9ec9c87-934f-468e-897c-34ac0998bd91";"pf-hds-sas-stg";"RG-PF-HDS-SAS-STG-COMPUTE-001";"restoredpfazrvrsasbdd01";"Virtual Machine";"Windows Server VM";"francecentral";"Standard_E2as_v5";"2";"null";"NON ACTIVÉ";"False";"0";"0";"28";"25.76";"40%";"⚡ Activer AHB → économiser ~28 USD/mois";"/subscriptions/b9ec9c87-934f-468e-897c-34ac0998bd91/resourceGroups/RG-PF-HDS-SAS-STG-COMPUTE-001/providers/Microsoft.Compute/virtualMachines/restoredpfazrvrsasbdd01"
"b9ec9c87-934f-468e-897c-34ac0998bd91";"pf-hds-sas-stg";"RG-PF-HDS-SAS-STG-COMPUTE-001";"restoredpfazrvrsasmid01";"Virtual Machine";"Windows Server VM";"francecentral";"Standard_E4-2as_v5";"2";"null";"NON ACTIVÉ";"False";"0";"0";"28";"25.76";"40%";"⚡ Activer AHB → économiser ~28 USD/mois";"/subscriptions/b9ec9c87-934f-468e-897c-34ac0998bd91/resourceGroups/RG-PF-HDS-SAS-STG-COMPUTE-001/providers/Microsoft.Compute/virtualMachines/restoredpfazrvrsasmid01"
"6c13228a-8385-4a91-af25-d051ad335ca8";"pf-hlo-prd";"RG-PF-HLO-PRD-CLONE";"vmpfghlowhiap01-Clone";"Virtual Machine";"Windows Server VM";"westeurope";"Standard_NC40ads_H100_v5";"2";"null";"NON ACTIVÉ";"False";"0";"0";"28";"25.76";"40%";"⚡ Activer AHB → économiser ~28 USD/mois";"/subscriptions/6c13228a-8385-4a91-af25-d051ad335ca8/resourceGroups/RG-PF-HLO-PRD-CLONE/providers/Microsoft.Compute/virtualMachines/vmpfghlowhiap01-Clone"
"6c13228a-8385-4a91-af25-d051ad335ca8";"pf-hlo-prd";"RG-PF-HLO-PRD";"vmpfghlowhiap01";"Virtual Machine";"Windows Server VM";"westeurope";"Standard_NV36ads_A10_v5";"2";"Windows_Server";"ACTIVÉ";"True";"28";"25.76";"0";"0";"40%";"AHB actif — économie en cours";"/subscriptions/6c13228a-8385-4a91-af25-d051ad335ca8/resourceGroups/RG-PF-HLO-PRD/providers/Microsoft.Compute/virtualMachines/vmpfghlowhiap01"
"5e4b1a67-acea-4f2c-a456-4383cccff311";"pf-hub-connectivity";"PFA-DCSA-P-RSG-HUB-NETWORK";"pfazrvtpocer01";"Virtual Machine";"Windows Server VM";"westeurope";"Standard_E2s_v3";"2";"Windows_Server";"ACTIVÉ";"True";"28";"25.76";"0";"0";"40%";"AHB actif — économie en cours";"/subscriptions/5e4b1a67-acea-4f2c-a456-4383cccff311/resourceGroups/PFA-DCSA-P-RSG-HUB-NETWORK/providers/Microsoft.Compute/virtualMachines/pfazrvtpocer01"
"5e4b1a67-acea-4f2c-a456-4383cccff311";"pf-hub-connectivity";"RG-DMP-CNX";"vm-win-admin-run";"Virtual Machine";"Windows Server VM";"westeurope";"Standard_E2s_v3";"2";"Windows_Server";"ACTIVÉ";"True";"28";"25.76";"0";"0";"40%";"AHB actif — économie en cours";"/subscriptions/5e4b1a67-acea-4f2c-a456-4383cccff311/resourceGroups/RG-DMP-CNX/providers/Microsoft.Compute/virtualMachines/vm-win-admin-run"
"5e4b1a67-acea-4f2c-a456-4383cccff311";"pf-hub-connectivity";"RG-DMP-CNX";"vm-win-dmp-admin";"Virtual Machine";"Windows Server VM";"westeurope";"Standard_D4s_v3";"4";"Windows_Server";"ACTIVÉ";"True";"56";"51.52";"0";"0";"40%";"AHB actif — économie en cours";"/subscriptions/5e4b1a67-acea-4f2c-a456-4383cccff311/resourceGroups/RG-DMP-CNX/providers/Microsoft.Compute/virtualMachines/vm-win-dmp-admin"
"5e4b1a67-acea-4f2c-a456-4383cccff311";"pf-hub-connectivity";"RG-DMP-CNX";"vm-win-dmp-admin-bis";"Virtual Machine";"Windows Server VM";"westeurope";"Standard_D2s_v3";"2";"Windows_Server";"ACTIVÉ";"True";"28";"25.76";"0";"0";"40%";"AHB actif — économie en cours";"/subscriptions/5e4b1a67-acea-4f2c-a456-4383cccff311/resourceGroups/RG-DMP-CNX/providers/Microsoft.Compute/virtualMachines/vm-win-dmp-admin-bis"
"5e4b1a67-acea-4f2c-a456-4383cccff311";"pf-hub-connectivity";"RG-PF-HUB-CONNECTIVITY-ADDS-EUWE";"AZRVPDCRW11";"Virtual Machine";"Windows Server VM";"westeurope";"Standard_E2ads_v5";"2";"null";"NON ACTIVÉ";"False";"0";"0";"28";"25.76";"40%";"⚡ Activer AHB → économiser ~28 USD/mois";"/subscriptions/5e4b1a67-acea-4f2c-a456-4383cccff311/resourceGroups/RG-PF-HUB-CONNECTIVITY-ADDS-EUWE/providers/Microsoft.Compute/virtualMachines/AZRVPDCRW11"
"5e4b1a67-acea-4f2c-a456-4383cccff311";"pf-hub-connectivity";"RG-PF-HUB-CONNECTIVITY-ADMIN";"PFAZRVPINFEXT01";"Virtual Machine";"Windows Server VM";"westeurope";"Standard_D2s_v3";"2";"null";"NON ACTIVÉ";"False";"0";"0";"28";"25.76";"40%";"⚡ Activer AHB → économiser ~28 USD/mois";"/subscriptions/5e4b1a67-acea-4f2c-a456-4383cccff311/resourceGroups/RG-PF-HUB-CONNECTIVITY-ADMIN/providers/Microsoft.Compute/virtualMachines/PFAZRVPINFEXT01"
"5e4b1a67-acea-4f2c-a456-4383cccff311";"pf-hub-connectivity";"RG-PF-HUB-CONNECTIVITY-HDS-SAS";"PFAZRVPHDSAPP01";"Virtual Machine";"Windows Server VM";"westeurope";"Standard_B2s";"2";"null";"NON ACTIVÉ";"False";"0";"0";"28";"25.76";"40%";"⚡ Activer AHB → économiser ~28 USD/mois";"/subscriptions/5e4b1a67-acea-4f2c-a456-4383cccff311/resourceGroups/RG-PF-HUB-CONNECTIVITY-HDS-SAS/providers/Microsoft.Compute/virtualMachines/PFAZRVPHDSAPP01"
"5e4b1a67-acea-4f2c-a456-4383cccff311";"pf-hub-connectivity";"RG-PF-HUB-CONNECTIVITY-MANAGEMENT";"pfazrvdazrtest01";"Virtual Machine";"Windows Server VM";"westeurope";"Standard_B2s";"2";"null";"NON ACTIVÉ";"False";"0";"0";"28";"25.76";"40%";"⚡ Activer AHB → économiser ~28 USD/mois";"/subscriptions/5e4b1a67-acea-4f2c-a456-4383cccff311/resourceGroups/RG-PF-HUB-CONNECTIVITY-MANAGEMENT/providers/Microsoft.Compute/virtualMachines/pfazrvdazrtest01"
"5e4b1a67-acea-4f2c-a456-4383cccff311";"pf-hub-connectivity";"RG-PF-HUB-CONNECTIVITY-VWAN-TEST-SPOKE";"pfazrvdinftst01";"Virtual Machine";"Windows Server VM";"westeurope";"Standard_B2ms";"2";"null";"NON ACTIVÉ";"False";"0";"0";"28";"25.76";"40%";"⚡ Activer AHB → économiser ~28 USD/mois";"/subscriptions/5e4b1a67-acea-4f2c-a456-4383cccff311/resourceGroups/RG-PF-HUB-CONNECTIVITY-VWAN-TEST-SPOKE/providers/Microsoft.Compute/virtualMachines/pfazrvdinftst01"
"5e4b1a67-acea-4f2c-a456-4383cccff311";"pf-hub-connectivity";"RG-PF-HUB-CONNECTIVITY-VWAN-TEST-SPOKE";"pfazrvdinftst02";"Virtual Machine";"Windows Server VM";"westeurope";"Standard_B2ms";"2";"null";"NON ACTIVÉ";"False";"0";"0";"28";"25.76";"40%";"⚡ Activer AHB → économiser ~28 USD/mois";"/subscriptions/5e4b1a67-acea-4f2c-a456-4383cccff311/resourceGroups/RG-PF-HUB-CONNECTIVITY-VWAN-TEST-SPOKE/providers/Microsoft.Compute/virtualMachines/pfazrvdinftst02"
"5e4b1a67-acea-4f2c-a456-4383cccff311";"pf-hub-connectivity";"RG-PF-HUB-CONNECTIVITY-VWAN-TEST-SPOKE";"pfazrvdinftst03";"Virtual Machine";"Windows Server VM";"westeurope";"Standard_B2ms";"2";"null";"NON ACTIVÉ";"False";"0";"0";"28";"25.76";"40%";"⚡ Activer AHB → économiser ~28 USD/mois";"/subscriptions/5e4b1a67-acea-4f2c-a456-4383cccff311/resourceGroups/RG-PF-HUB-CONNECTIVITY-VWAN-TEST-SPOKE/providers/Microsoft.Compute/virtualMachines/pfazrvdinftst03"
"5e4b1a67-acea-4f2c-a456-4383cccff311";"pf-hub-connectivity";"RG-PF-HUB-DNS";"testdnsAD";"Virtual Machine";"Windows Server VM";"westeurope";"Standard_B2s";"2";"null";"NON ACTIVÉ";"False";"0";"0";"28";"25.76";"40%";"⚡ Activer AHB → économiser ~28 USD/mois";"/subscriptions/5e4b1a67-acea-4f2c-a456-4383cccff311/resourceGroups/RG-PF-HUB-DNS/providers/Microsoft.Compute/virtualMachines/testdnsAD"
"5e4b1a67-acea-4f2c-a456-4383cccff311";"pf-hub-connectivity";"RG-PF-HUB-CONNECTIVITY-VWAN-TEST-SPOKE";"pfazrvdinftst04";"Virtual Machine";"Windows Server VM";"francecentral";"Standard_B2ms";"2";"null";"NON ACTIVÉ";"False";"0";"0";"28";"25.76";"40%";"⚡ Activer AHB → économiser ~28 USD/mois";"/subscriptions/5e4b1a67-acea-4f2c-a456-4383cccff311/resourceGroups/RG-PF-HUB-CONNECTIVITY-VWAN-TEST-SPOKE/providers/Microsoft.Compute/virtualMachines/pfazrvdinftst04"
"c664c897-9cf2-4584-b065-b502d3b80fa7";"pf-hub-hds-mgmt";"RG-PF-HUB-HDS-MGMT-ADF-HPROD";"PFAZRVRHDSAPP01";"Virtual Machine";"Windows Server VM";"francecentral";"Standard_F4s_v2";"4";"null";"NON ACTIVÉ";"False";"0";"0";"56";"51.52";"40%";"⚡ Activer AHB → économiser ~56 USD/mois";"/subscriptions/c664c897-9cf2-4584-b065-b502d3b80fa7/resourceGroups/RG-PF-HUB-HDS-MGMT-ADF-HPROD/providers/Microsoft.Compute/virtualMachines/PFAZRVRHDSAPP01"
"c664c897-9cf2-4584-b065-b502d3b80fa7";"pf-hub-hds-mgmt";"RG-PF-HUB-HDS-MGMT-ADF-PROD";"PFAZRVPHDSAPP01";"Virtual Machine";"Windows Server VM";"francecentral";"Standard_F4s_v2";"4";"null";"NON ACTIVÉ";"False";"0";"0";"56";"51.52";"40%";"⚡ Activer AHB → économiser ~56 USD/mois";"/subscriptions/c664c897-9cf2-4584-b065-b502d3b80fa7/resourceGroups/RG-PF-HUB-HDS-MGMT-ADF-PROD/providers/Microsoft.Compute/virtualMachines/PFAZRVPHDSAPP01"
"c664c897-9cf2-4584-b065-b502d3b80fa7";"pf-hub-hds-mgmt";"RG-PF-HUB-HDS-MGMT-ADF-PROD";"PFAZRVPHDSSHIR";"Virtual Machine";"Windows Server VM";"francecentral";"Standard_F4s_v2";"4";"null";"NON ACTIVÉ";"False";"0";"0";"56";"51.52";"40%";"⚡ Activer AHB → économiser ~56 USD/mois";"/subscriptions/c664c897-9cf2-4584-b065-b502d3b80fa7/resourceGroups/RG-PF-HUB-HDS-MGMT-ADF-PROD/providers/Microsoft.Compute/virtualMachines/PFAZRVPHDSSHIR"
"c664c897-9cf2-4584-b065-b502d3b80fa7";"pf-hub-hds-mgmt";"RG-PF-HUB-HDS-MGMT-SYNCEXTERNAL-PROD";"PFAZRVPHDSATA01";"Virtual Machine";"Windows Server VM";"francecentral";"Standard_D4as_v5";"2";"null";"NON ACTIVÉ";"False";"0";"0";"28";"25.76";"40%";"⚡ Activer AHB → économiser ~28 USD/mois";"/subscriptions/c664c897-9cf2-4584-b065-b502d3b80fa7/resourceGroups/RG-PF-HUB-HDS-MGMT-SYNCEXTERNAL-PROD/providers/Microsoft.Compute/virtualMachines/PFAZRVPHDSATA01"
"9fd15a8e-f3d7-472a-adcd-b2900a374b0d";"pf-hub-management";"RG-PF-HUB-MANAGEMENT-GRAVITEE-ADMIN";"PFAZRVPINFAPI01";"Virtual Machine";"Windows Server VM";"westeurope";"Standard_D2s_v6";"2";"null";"NON ACTIVÉ";"False";"0";"0";"28";"25.76";"40%";"⚡ Activer AHB → économiser ~28 USD/mois";"/subscriptions/9fd15a8e-f3d7-472a-adcd-b2900a374b0d/resourceGroups/RG-PF-HUB-MANAGEMENT-GRAVITEE-ADMIN/providers/Microsoft.Compute/virtualMachines/PFAZRVPINFAPI01"
"7a62c104-5d83-45f0-95d8-83824c287717";"pf-pbi-prd";"RG-PF-PBI-PRD-DATAGATEWAY";"PFAZRVPPBIAPP01";"Virtual Machine";"Windows Server VM";"westeurope";"Standard_D8ds_v5";"2";"null";"NON ACTIVÉ";"False";"0";"0";"28";"25.76";"40%";"⚡ Activer AHB → économiser ~28 USD/mois";"/subscriptions/7a62c104-5d83-45f0-95d8-83824c287717/resourceGroups/RG-PF-PBI-PRD-DATAGATEWAY/providers/Microsoft.Compute/virtualMachines/PFAZRVPPBIAPP01"
"2aefe686-1176-4da6-85ae-493b3558ee79";"pf-sap-prd";"RG-PF-SAP1-PRD-ERF-CONTENTSERVER";"PFAZRVPERFIES01";"Virtual Machine";"Windows Server VM";"westeurope";"Standard_D8s_v5";"8";"null";"NON ACTIVÉ";"False";"0";"0";"112";"103.04";"40%";"⚡ Activer AHB → économiser ~112 USD/mois";"/subscriptions/2aefe686-1176-4da6-85ae-493b3558ee79/resourceGroups/RG-PF-SAP1-PRD-ERF-CONTENTSERVER/providers/Microsoft.Compute/virtualMachines/PFAZRVPERFIES01"
"2aefe686-1176-4da6-85ae-493b3558ee79";"pf-sap-prd";"RG-PF-SAP1-PRD-ERF-CONTENTSERVER";"PFAZRVPERFOAS01";"Virtual Machine";"Windows Server VM";"westeurope";"Standard_D8s_v5";"8";"null";"NON ACTIVÉ";"False";"0";"0";"112";"103.04";"40%";"⚡ Activer AHB → économiser ~112 USD/mois";"/subscriptions/2aefe686-1176-4da6-85ae-493b3558ee79/resourceGroups/RG-PF-SAP1-PRD-ERF-CONTENTSERVER/providers/Microsoft.Compute/virtualMachines/PFAZRVPERFOAS01"
"2aefe686-1176-4da6-85ae-493b3558ee79";"pf-sap-prd";"rg-pf-sap1-prd-data-001";"sqldbpfg-sap1-p-contentserver/Sqldbpfgsappcontentserver";"Azure SQL Database";"SQL Database (GeneralPurpose)";"westeurope";"GP_S_Gen5 GeneralPurpose";"6";"DTU-model (non éligible vCore)";"NON ACTIVÉ";"False";"0";"0";"333";"306.36";"30%";"ℹ Modèle DTU — passer en vCore pour activer AHB";"/subscriptions/2aefe686-1176-4da6-85ae-493b3558ee79/resourceGroups/rg-pf-sap1-prd-data-001/providers/Microsoft.Sql/servers/sqldbpfg-sap1-p-contentserver/databases/Sqldbpfgsappcontentserver"
"2360e410-6753-4843-86e9-ea90a885ad33";"pf-sap-stg";"RG-PF-SAP1-STG-ERF-CONTENTSERVER";"PFAZRVRERFIES01";"Virtual Machine";"Windows Server VM";"westeurope";"Standard_D8s_v5";"8";"null";"NON ACTIVÉ";"False";"0";"0";"112";"103.04";"40%";"⚡ Activer AHB → économiser ~112 USD/mois";"/subscriptions/2360e410-6753-4843-86e9-ea90a885ad33/resourceGroups/RG-PF-SAP1-STG-ERF-CONTENTSERVER/providers/Microsoft.Compute/virtualMachines/PFAZRVRERFIES01"
"2360e410-6753-4843-86e9-ea90a885ad33";"pf-sap-stg";"RG-PF-SAP1-STG-ERF-CONTENTSERVER";"PFAZRVRERFOAS01";"Virtual Machine";"Windows Server VM";"westeurope";"Standard_D4s_v5";"4";"null";"NON ACTIVÉ";"False";"0";"0";"56";"51.52";"40%";"⚡ Activer AHB → économiser ~56 USD/mois";"/subscriptions/2360e410-6753-4843-86e9-ea90a885ad33/resourceGroups/RG-PF-SAP1-STG-ERF-CONTENTSERVER/providers/Microsoft.Compute/virtualMachines/PFAZRVRERFOAS01"
"2360e410-6753-4843-86e9-ea90a885ad33";"pf-sap-stg";"rg-pf-sap1-stg-data-001";"sqldbpfg-sap1-s-contentserver/sqldbpfgsapscontentserver";"Azure SQL Database";"SQL Database (GeneralPurpose)";"westeurope";"GP_S_Gen5 GeneralPurpose";"6";"DTU-model (non éligible vCore)";"NON ACTIVÉ";"False";"0";"0";"333";"306.36";"30%";"ℹ Modèle DTU — passer en vCore pour activer AHB";"/subscriptions/2360e410-6753-4843-86e9-ea90a885ad33/resourceGroups/rg-pf-sap1-stg-data-001/providers/Microsoft.Sql/servers/sqldbpfg-sap1-s-contentserver/databases/sqldbpfgsapscontentserver"
"cc96283d-9240-4179-a275-8c4044cb2798";"PL Storage Azure Enterprise";"PFPL";"pfpl-pfm-bi/PFPL_PFM_BI";"Azure SQL Database";"SQL Database (Basic)";"northeurope";"Basic Basic";"5";"DTU-model (non éligible vCore)";"NON ACTIVÉ";"False";"0";"0";"277.5";"255.3";"30%";"ℹ Modèle DTU — passer en vCore pour activer AHB";"/subscriptions/cc96283d-9240-4179-a275-8c4044cb2798/resourceGroups/PFPL/providers/Microsoft.Sql/servers/pfpl-pfm-bi/databases/PFPL_PFM_BI"
