"SubscriptionId","SubscriptionName","DefenderPlan","FriendlyPlanName","CriticalityLevel","PricingTier","ResourceId","ResourceName","ResourceType","ResourceGroup","Location","Tags","NonComplianceReason","AuditedAt"
"7444afba-8425-409c-9cf4-6e1de6aeff9d","AT Storage Azure Enterprise","StorageAccounts","Defender for Storage","HIGH","Free","/subscriptions/ae84e67e-d14a-4733-b672-9f5e490f04ae/resourceGroups/SOO/providers/Microsoft.Storage/storageAccounts/sofia","sofia","Microsoft.Storage/storageAccounts","SOO","eastus","BUPF=BU03903U;PF_POLE=DT;PF_APPLI=Stockage Filiale;PF_ENV=production;PF_COMPOSANT=mutualise","PlanDisabled|Free","2026-04-14 16:15:00"
"7444afba-8425-409c-9cf4-6e1de6aeff9d","AT Storage Azure Enterprise","Arm","Defender for Resource Manager","MEDIUM","Free","SubscriptionLevel","N/A","N/A","N/A","N/A","","PlanDisabled|Free","2026-04-14 16:15:00"
"b24fc1cd-c185-4f96-87f1-4ad94a40a59e","AU Microsoft Azure Enterprise","StorageAccounts","Defender for Storage","HIGH","Free","/subscriptions/ae84e67e-d14a-4733-b672-9f5e490f04ae/resourceGroups/SOO/providers/Microsoft.Storage/storageAccounts/sofia","sofia","Microsoft.Storage/storageAccounts","SOO","eastus","BUPF=BU03903U;PF_POLE=DT;PF_APPLI=Stockage Filiale;PF_ENV=production;PF_COMPOSANT=mutualise","PlanDisabled|Free","2026-04-14 16:15:00"
"b24fc1cd-c185-4f96-87f1-4ad94a40a59e","AU Microsoft Azure Enterprise","Arm","Defender for Resource Manager","MEDIUM","Free","SubscriptionLevel","N/A","N/A","N/A","N/A","","PlanDisabled|Free","2026-04-14 16:15:00"
"3128a48b-402c-438b-a90d-47e2ae66f8f6","BE Storage Azure Enterprise","StorageAccounts","Defender for Storage","HIGH","Free","/subscriptions/ae84e67e-d14a-4733-b672-9f5e490f04ae/resourceGroups/SOO/providers/Microsoft.Storage/storageAccounts/sofia","sofia","Microsoft.Storage/storageAccounts","SOO","eastus","BUPF=BU03903U;PF_POLE=DT;PF_APPLI=Stockage Filiale;PF_ENV=production;PF_COMPOSANT=mutualise","PlanDisabled|Free","2026-04-14 16:15:00"
"3128a48b-402c-438b-a90d-47e2ae66f8f6","BE Storage Azure Enterprise","Arm","Defender for Resource Manager","MEDIUM","Free","SubscriptionLevel","N/A","N/A","N/A","N/A","","PlanDisabled|Free","2026-04-14 16:15:00"
"ae84e67e-d14a-4733-b672-9f5e490f04ae","BG Storage Azure Enterprise","StorageAccounts","Defender for Storage","HIGH","Free","/subscriptions/faffb1af-ed72-4366-8046-e64526b3caa1/resourceGroups/BR_SRV_BACKUP/providers/Microsoft.Storage/storageAccounts/brstoragehypervbkp","brstoragehypervbkp","Microsoft.Storage/storageAccounts","BR_SRV_BACKUP","brazilsouth","BUPF=BU03903U;PF_POLE=DT;PF_APPLI=Stockage Filiale;PF_ENV=production;PF_COMPOSANT=mutualise","PlanDisabled|Free","2026-04-14 16:15:01"
"ae84e67e-d14a-4733-b672-9f5e490f04ae","BG Storage Azure Enterprise","StorageAccounts","Defender for Storage","HIGH","Free","/subscriptions/faffb1af-ed72-4366-8046-e64526b3caa1/resourceGroups/BR_SRV_BACKUP/providers/Microsoft.Storage/storageAccounts/snowflakepfb","snowflakepfb","Microsoft.Storage/storageAccounts","BR_SRV_BACKUP","westeurope","BUPF=BU03903U;PF_APPLI=Stockage Filiale;PF_COMPOSANT=mutualise;PF_ENV=production;PF_POLE=DT","PlanDisabled|Free","2026-04-14 16:15:01"
"ae84e67e-d14a-4733-b672-9f5e490f04ae","BG Storage Azure Enterprise","KeyVaults","Defender for Key Vault","HIGH","Free","/subscriptions/faffb1af-ed72-4366-8046-e64526b3caa1/resourceGroups/BR_SRV_BACKUP/providers/Microsoft.KeyVault/vaults/KVBRStorage","KVBRStorage","Microsoft.KeyVault/vaults","BR_SRV_BACKUP","brazilsouth","BUPF=BU03903U;PF_POLE=DT;PF_APPLI=Stockage Filiale;PF_ENV=production;PF_COMPOSANT=mutualise","PlanDisabled|Free","2026-04-14 16:15:01"
"ae84e67e-d14a-4733-b672-9f5e490f04ae","BG Storage Azure Enterprise","Arm","Defender for Resource Manager","MEDIUM","Free","SubscriptionLevel","N/A","N/A","N/A","N/A","","PlanDisabled|Free","2026-04-14 16:15:01"
"faffb1af-ed72-4366-8046-e64526b3caa1","BR Storage Azure Enterprise","Arm","Defender for Resource Manager","MEDIUM","Free","SubscriptionLevel","N/A","N/A","N/A","N/A","","PlanDisabled|Free","2026-04-14 16:15:02"
"e784bae2-a9f8-4796-9049-36d925d1bf5d","CA Storage Azure Enterprise","Arm","Defender for Resource Manager","MEDIUM","Free","SubscriptionLevel","N/A","N/A","N/A","N/A","","PlanDisabled|Free","2026-04-14 16:15:03"
"c488edeb-57c8-432c-913a-8406d1d4e1e3","CH Storage Azure Enterprise","Arm","Defender for Resource Manager","MEDIUM","Free","SubscriptionLevel","N/A","N/A","N/A","N/A","","PlanDisabled|Free","2026-04-14 16:15:04"
"ea8c34c2-16e2-4f9b-a3ba-1e649e57c99e","CL Storage Azure Enterprise","Arm","Defender for Resource Manager","MEDIUM","Free","SubscriptionLevel","N/A","N/A","N/A","N/A","","PlanDisabled|Free","2026-04-14 16:15:04"
"5ba8d920-a52a-4f6b-ad9f-e90210573281","Cloud Subscription","Arm","Defender for Resource Manager","MEDIUM","Free","SubscriptionLevel","N/A","N/A","N/A","N/A","","PlanDisabled|Free","2026-04-14 16:15:05"
"2337966a-1865-4fba-934f-d4082b8b2a6d","CN Storage Azure Enterprise","Arm","Defender for Resource Manager","MEDIUM","Free","SubscriptionLevel","N/A","N/A","N/A","N/A","","PlanDisabled|Free","2026-04-14 16:15:07"
"82415abf-f1c5-4972-bb63-534ce1451656","CZ Storage Azure Enterprise","Arm","Defender for Resource Manager","MEDIUM","Free","SubscriptionLevel","N/A","N/A","N/A","N/A","","PlanDisabled|Free","2026-04-14 16:15:07"
"777d4dae-f4db-4e40-af7f-ab03d04b152e","DE Storage Azure Entreprise","Arm","Defender for Resource Manager","MEDIUM","Free","SubscriptionLevel","N/A","N/A","N/A","N/A","","PlanDisabled|Free","2026-04-14 16:15:08"
"d66f2ffb-7a65-449e-8c4c-5245b1508366","DK Storage Azure Entreprise","VirtualMachines","Defender for Servers","CRITICAL","Free","/subscriptions/2e2a6511-b975-4cc4-869f-fa9f0a45d413/resourceGroups/ProjetDataScientist/providers/Microsoft.Compute/virtualMachines/azudatascien01p","azudatascien01p","Microsoft.Compute/virtualMachines","ProjetDataScientist","northeurope","PROJETPF=DAIS_DT;BUPF=BU03903U;PF_POLE=DT;PF_APPLI=A DERTERMINER;PF_ENV=production;PF_COMPOSANT=mutualise","PlanDisabled|Free","2026-04-14 16:15:08"
"d66f2ffb-7a65-449e-8c4c-5245b1508366","DK Storage Azure Entreprise","StorageAccounts","Defender for Storage","HIGH","Free","/subscriptions/2e2a6511-b975-4cc4-869f-fa9f0a45d413/resourceGroups/cloud-shell-storage-westeurope/providers/Microsoft.Storage/storageAccounts/csb100320012af3401d","csb100320012af3401d","Microsoft.Storage/storageAccounts","cloud-shell-storage-westeurope","westeurope","ms-resource-usage=azure-cloud-shell;PROJETPF=DAIS_DT;BUPF=BU03903U;PF_POLE=DT;PF_APPLI=A DERTERMINER;PF_ENV=production;PF_COMPOSANT=mutualise","PlanDisabled|Free","2026-04-14 16:15:08"
"d66f2ffb-7a65-449e-8c4c-5245b1508366","DK Storage Azure Entreprise","StorageAccounts","Defender for Storage","HIGH","Free","/subscriptions/2e2a6511-b975-4cc4-869f-fa9f0a45d413/resourceGroups/cloud-shell-storage-westeurope/providers/Microsoft.Storage/storageAccounts/csb100320012b850aea","csb100320012b850aea","Microsoft.Storage/storageAccounts","cloud-shell-storage-westeurope","westeurope","ms-resource-usage=azure-cloud-shell;PROJETPF=DAIS_DT;BUPF=BU03903U;PF_POLE=DT;PF_APPLI=A DERTERMINER;PF_ENV=production;PF_COMPOSANT=mutualise","PlanDisabled|Free","2026-04-14 16:15:08"
"d66f2ffb-7a65-449e-8c4c-5245b1508366","DK Storage Azure Entreprise","StorageAccounts","Defender for Storage","HIGH","Free","/subscriptions/2e2a6511-b975-4cc4-869f-fa9f0a45d413/resourceGroups/cloud-shell-storage-westeurope/providers/Microsoft.Storage/storageAccounts/csb2e2a6511b975x4cc4x869","csb2e2a6511b975x4cc4x869","Microsoft.Storage/storageAccounts","cloud-shell-storage-westeurope","westeurope","ms-resource-usage=azure-cloud-shell;PROJETPF=DAIS_DT;BUPF=BU03903U;PF_POLE=DT;PF_APPLI=A DERTERMINER;PF_ENV=production;PF_COMPOSANT=mutualise","PlanDisabled|Free","2026-04-14 16:15:08"
"d66f2ffb-7a65-449e-8c4c-5245b1508366","DK Storage Azure Entreprise","StorageAccounts","Defender for Storage","HIGH","Free","/subscriptions/2e2a6511-b975-4cc4-869f-fa9f0a45d413/resourceGroups/cloud-shell-storage-westeurope/providers/Microsoft.Storage/storageAccounts/csb100320012b8b54f2","csb100320012b8b54f2","Microsoft.Storage/storageAccounts","cloud-shell-storage-westeurope","westeurope","ms-resource-usage=azure-cloud-shell;PROJETPF=DAIS_DT;BUPF=BU03903U;PF_POLE=DT;PF_APPLI=A DERTERMINER;PF_ENV=production;PF_COMPOSANT=mutualise","PlanDisabled|Free","2026-04-14 16:15:08"
"d66f2ffb-7a65-449e-8c4c-5245b1508366","DK Storage Azure Entreprise","StorageAccounts","Defender for Storage","HIGH","Free","/subscriptions/2e2a6511-b975-4cc4-869f-fa9f0a45d413/resourceGroups/RG_ELIOS/providers/Microsoft.Storage/storageAccounts/eliosstoragepf","eliosstoragepf","Microsoft.Storage/storageAccounts","RG_ELIOS","centralus","PROJETPF=DAIS_DT;BUPF=BU03903U;PF_POLE=DT;PF_APPLI=GENERATEUR DE TEMPLATES DE SITE SHAREPOINT;PF_ENV=production;PF_COMPOSANT=mutualise","PlanDisabled|Free","2026-04-14 16:15:08"
"d66f2ffb-7a65-449e-8c4c-5245b1508366","DK Storage Azure Entreprise","StorageAccounts","Defender for Storage","HIGH","Free","/subscriptions/2e2a6511-b975-4cc4-869f-fa9f0a45d413/resourceGroups/dsi-sa-web-faas/providers/Microsoft.Storage/storageAccounts/storageaccountdsisaa0f6","storageaccountdsisaa0f6","Microsoft.Storage/storageAccounts","dsi-sa-web-faas","francecentral","PROJETPF=DAIS_DT;BUPF=BU03903U;PF_POLE=DT;PF_APPLI=A DERTERMINER;PF_ENV=production;PF_COMPOSANT=mutualise","PlanDisabled|Free","2026-04-14 16:15:08"
"d66f2ffb-7a65-449e-8c4c-5245b1508366","DK Storage Azure Entreprise","StorageAccounts","Defender for Storage","HIGH","Free","/subscriptions/2e2a6511-b975-4cc4-869f-fa9f0a45d413/resourceGroups/Team_O365/providers/Microsoft.Storage/storageAccounts/reportingoffice365","reportingoffice365","Microsoft.Storage/storageAccounts","Team_O365","francecentral","PROJETPF=DAIS_DT;BUPF=BU03903U;PF_POLE=DT;PF_APPLI=A DERTERMINER;PF_ENV=production;PF_COMPOSANT=mutualise","PlanDisabled|Free","2026-04-14 16:15:08"
"d66f2ffb-7a65-449e-8c4c-5245b1508366","DK Storage Azure Entreprise","StorageAccounts","Defender for Storage","HIGH","Free","/subscriptions/2e2a6511-b975-4cc4-869f-fa9f0a45d413/resourceGroups/TEAM_SOC/providers/Microsoft.Storage/storageAccounts/storagesocaccount","storagesocaccount","Microsoft.Storage/storageAccounts","TEAM_SOC","francecentral","BUPF=BU03903U;PF_APPLI=Stockage Filiale;PF_COMPOSANT=mutualise;PF_ENV=production;PF_POLE=DT","PlanDisabled|Free","2026-04-14 16:15:08"
"d66f2ffb-7a65-449e-8c4c-5245b1508366","DK Storage Azure Entreprise","StorageAccounts","Defender for Storage","HIGH","Free","/subscriptions/2e2a6511-b975-4cc4-869f-fa9f0a45d413/resourceGroups/TEAM_SOC/providers/Microsoft.Storage/storageAccounts/teamsoc8b8f","teamsoc8b8f","Microsoft.Storage/storageAccounts","TEAM_SOC","francecentral","BUPF=BU03903U;PF_APPLI=Stockage Filiale;PF_COMPOSANT=mutualise;PF_ENV=production;PF_POLE=DT","PlanDisabled|Free","2026-04-14 16:15:08"
"d66f2ffb-7a65-449e-8c4c-5245b1508366","DK Storage Azure Entreprise","StorageAccounts","Defender for Storage","HIGH","Free","/subscriptions/2e2a6511-b975-4cc4-869f-fa9f0a45d413/resourceGroups/DSI-DT-TESTING/providers/Microsoft.Storage/storageAccounts/storageaccountdsidt913d","storageaccountdsidt913d","Microsoft.Storage/storageAccounts","DSI-DT-TESTING","francecentral","PROJETPF=DAIS_DT;BUPF=BU03903U;PF_POLE=DT;PF_APPLI=A DERTERMINER;PF_ENV=production;PF_COMPOSANT=mutualise","PlanDisabled|Free","2026-04-14 16:15:08"
"d66f2ffb-7a65-449e-8c4c-5245b1508366","DK Storage Azure Entreprise","StorageAccounts","Defender for Storage","HIGH","Free","/subscriptions/2e2a6511-b975-4cc4-869f-fa9f0a45d413/resourceGroups/ProjetDataScientist/providers/Microsoft.Storage/storageAccounts/bootdiagsfexezg2xw4kwg","bootdiagsfexezg2xw4kwg","Microsoft.Storage/storageAccounts","ProjetDataScientist","northeurope","PROJETPF=DAIS_DT;BUPF=BU03903U;PF_POLE=DT;PF_APPLI=A DERTERMINER;PF_ENV=production;PF_COMPOSANT=mutualise","PlanDisabled|Free","2026-04-14 16:15:08"
"d66f2ffb-7a65-449e-8c4c-5245b1508366","DK Storage Azure Entreprise","AppServices","Defender for App Service","HIGH","Free","/subscriptions/2e2a6511-b975-4cc4-869f-fa9f0a45d413/resourceGroups/dsi-sa-web-faas/providers/Microsoft.Web/sites/pf-devops","pf-devops","Microsoft.Web/sites","dsi-sa-web-faas","francecentral","PROJETPF=DAIS_DT;BUPF=BU03903U;PF_POLE=DT;PF_APPLI=A DERTERMINER;PF_ENV=production;PF_COMPOSANT=mutualise","PlanDisabled|Free","2026-04-14 16:15:08"
"d66f2ffb-7a65-449e-8c4c-5245b1508366","DK Storage Azure Entreprise","AppServices","Defender for App Service","HIGH","Free","/subscriptions/2e2a6511-b975-4cc4-869f-fa9f0a45d413/resourceGroups/dsi-sa-web-faas/providers/Microsoft.Web/sites/pf-one","pf-one","Microsoft.Web/sites","dsi-sa-web-faas","francecentral","hidden-link: /app-insights-resource-id=/subscriptions/2e2a6511-b975-4cc4-869f-fa9f0a45d413/resourceGroups/dsi-sa-web-faas/providers/microsoft.insights/components/pf-one;hidden-link: /app-insights-instrumentation-key=2bccb33b-e10a-4785-bf16-74ab57d1d618;PROJETPF=DAIS_DT;BUPF=BU03903U;PF_POLE=DT;PF_APPLI=A DERTERMINER;PF_ENV=production;PF_COMPOSANT=mutualise;hidden-link: /app-insights-conn-string=InstrumentationKey=2bccb33b-e10a-4785-bf16-74ab57d1d618;IngestionEndpoint=https://francecentral-0.in.applicationinsights.azure.com/;LiveEndpoint=https://francecentral.livediagnostics.monitor.azure.com/;ApplicationId=430b9d9d-5e1d-4458-ae3c-3d2fab950419","PlanDisabled|Free","2026-04-14 16:15:08"
"d66f2ffb-7a65-449e-8c4c-5245b1508366","DK Storage Azure Entreprise","AppServices","Defender for App Service","HIGH","Free","/subscriptions/2e2a6511-b975-4cc4-869f-fa9f0a45d413/resourceGroups/RG_ELIOS/providers/Microsoft.Web/sites/eliosautomatingapp-rec","eliosautomatingapp-rec","Microsoft.Web/sites","RG_ELIOS","centralus","hidden-link: /app-insights-resource-id=/subscriptions/2e2a6511-b975-4cc4-869f-fa9f0a45d413/resourceGroups/RG_ELIOS/providers/microsoft.insights/components/eliosautomatingapp-rec;hidden-link: /app-insights-instrumentation-key=44e4342c-e3ab-48ee-a639-efb1fadf4d99;PROJETPF=DAIS_DT;BUPF=BU03903U;PF_POLE=DT;PF_APPLI=GENERATEUR DE TEMPLATES DE SITE SHAREPOINT;PF_ENV=production;PF_COMPOSANT=mutualise","PlanDisabled|Free","2026-04-14 16:15:08"
"d66f2ffb-7a65-449e-8c4c-5245b1508366","DK Storage Azure Entreprise","AppServices","Defender for App Service","HIGH","Free","/subscriptions/2e2a6511-b975-4cc4-869f-fa9f0a45d413/resourceGroups/RG_ELIOS/providers/Microsoft.Web/sites/eliosautomatingapp","eliosautomatingapp","Microsoft.Web/sites","RG_ELIOS","centralus","hidden-link: /app-insights-resource-id=/subscriptions/2e2a6511-b975-4cc4-869f-fa9f0a45d413/resourceGroups/RG_ELIOS/providers/microsoft.insights/components/eliosautomatingapp;hidden-link: /app-insights-instrumentation-key=acbcddc6-13a9-4b23-94c0-42c5dcb5fdaf;hidden-link: /app-insights-conn-string=InstrumentationKey=acbcddc6-13a9-4b23-94c0-42c5dcb5fdaf;IngestionEndpoint=https://centralus-3.in.applicationinsights.azure.com/;LiveEndpoint=https://centralus.livediagnostics.monitor.azure.com/;PROJETPF=DAIS_DT;BUPF=BU03903U;PF_POLE=DT;PF_APPLI=GENERATEUR DE TEMPLATES DE SITE SHAREPOINT;PF_ENV=production;PF_COMPOSANT=mutualise","PlanDisabled|Free","2026-04-14 16:15:08"
"d66f2ffb-7a65-449e-8c4c-5245b1508366","DK Storage Azure Entreprise","AppServices","Defender for App Service","HIGH","Free","/subscriptions/2e2a6511-b975-4cc4-869f-fa9f0a45d413/resourceGroups/RG_ELIOS/providers/Microsoft.Web/sites/eliosautomatingapp-dev","eliosautomatingapp-dev","Microsoft.Web/sites","RG_ELIOS","centralus","hidden-link: /app-insights-resource-id=/subscriptions/2e2a6511-b975-4cc4-869f-fa9f0a45d413/resourceGroups/RG_ELIOS/providers/microsoft.insights/components/eliosautomatingapp-dev;hidden-link: /app-insights-instrumentation-key=9065ea56-1ea2-4b34-8902-47669d4982a5;PROJETPF=DAIS_DT;BUPF=BU03903U;PF_POLE=DT;PF_APPLI=GENERATEUR DE TEMPLATES DE SITE SHAREPOINT;PF_ENV=production;PF_COMPOSANT=mutualise","PlanDisabled|Free","2026-04-14 16:15:08"
"d66f2ffb-7a65-449e-8c4c-5245b1508366","DK Storage Azure Entreprise","AppServices","Defender for App Service","HIGH","Free","/subscriptions/2e2a6511-b975-4cc4-869f-fa9f0a45d413/resourceGroups/TEAM_SOC/providers/Microsoft.Web/sites/OpenWifiConnectionMDE","OpenWifiConnectionMDE","Microsoft.Web/sites","TEAM_SOC","francecentral","hidden-link: /app-insights-resource-id=/subscriptions/2e2a6511-b975-4cc4-869f-fa9f0a45d413/resourceGroups/TEAM_SOC/providers/Microsoft.Insights/components/OpenWifiConnectionMDE;BUPF=BU03903U;PF_APPLI=Stockage Filiale;PF_COMPOSANT=mutualise;PF_ENV=production;PF_POLE=DT","PlanDisabled|Free","2026-04-14 16:15:08"
"d66f2ffb-7a65-449e-8c4c-5245b1508366","DK Storage Azure Entreprise","AppServices","Defender for App Service","HIGH","Free","/subscriptions/2e2a6511-b975-4cc4-869f-fa9f0a45d413/resourceGroups/DSI-DT-TESTING/providers/Microsoft.Web/sites/dt-gitlab-ci-faas","dt-gitlab-ci-faas","Microsoft.Web/sites","DSI-DT-TESTING","francecentral","PROJETPF=DAIS_DT;BUPF=BU03903U;PF_POLE=DT;PF_APPLI=A DERTERMINER;PF_ENV=production;PF_COMPOSANT=mutualise","PlanDisabled|Free","2026-04-14 16:15:08"
"d66f2ffb-7a65-449e-8c4c-5245b1508366","DK Storage Azure Entreprise","Arm","Defender for Resource Manager","MEDIUM","Free","SubscriptionLevel","N/A","N/A","N/A","N/A","","PlanDisabled|Free","2026-04-14 16:15:08"
"9a47fe87-e578-4757-b327-359a9981d716","DSI Azure Enterprise","StorageAccounts","Defender for Storage","HIGH","Free","/subscriptions/8b59dbc4-04d1-4ad8-aead-aa2101633336/resourceGroups/PFSAMECM/providers/Microsoft.Storage/storageAccounts/pfsacmg","pfsacmg","Microsoft.Storage/storageAccounts","PFSAMECM","francecentral","BUPF=BU03903U;PF_POLE=DT;PF_APPLI=GESTION POSTE DE TRAVAIL SCCM;PF_ENV=production;PF_COMPOSANT=mutualise","PlanDisabled|Free","2026-04-14 16:15:09"
"9a47fe87-e578-4757-b327-359a9981d716","DSI Azure Enterprise","StorageAccounts","Defender for Storage","HIGH","Free","/subscriptions/8b59dbc4-04d1-4ad8-aead-aa2101633336/resourceGroups/RG-LA-001/providers/Microsoft.Storage/storageAccounts/stoludo","stoludo","Microsoft.Storage/storageAccounts","RG-LA-001","francecentral","BUPF=BU03903U;PF_APPLI=GESTION POSTE DE TRAVAIL SCCM;PF_COMPOSANT=mutualise;PF_ENV=production;PF_POLE=DT","PlanDisabled|Free","2026-04-14 16:15:09"
"9a47fe87-e578-4757-b327-359a9981d716","DSI Azure Enterprise","KeyVaults","Defender for Key Vault","HIGH","Free","/subscriptions/8b59dbc4-04d1-4ad8-aead-aa2101633336/resourceGroups/PFSAMECM/providers/Microsoft.KeyVault/vaults/pfsacmg","pfsacmg","Microsoft.KeyVault/vaults","PFSAMECM","francecentral","BUPF=BU03903U;PF_POLE=DT;PF_APPLI=GESTION POSTE DE TRAVAIL SCCM;PF_ENV=production;PF_COMPOSANT=mutualise","PlanDisabled|Free","2026-04-14 16:15:09"
"9a47fe87-e578-4757-b327-359a9981d716","DSI Azure Enterprise","Arm","Defender for Resource Manager","MEDIUM","Free","SubscriptionLevel","N/A","N/A","N/A","N/A","","PlanDisabled|Free","2026-04-14 16:15:09"
"2e2a6511-b975-4cc4-869f-fa9f0a45d413","DSI DT Azure Enterprise","StorageAccounts","Defender for Storage","HIGH","Free","/subscriptions/8b59dbc4-04d1-4ad8-aead-aa2101633336/resourceGroups/PFSAMECM/providers/Microsoft.Storage/storageAccounts/pfsacmg","pfsacmg","Microsoft.Storage/storageAccounts","PFSAMECM","francecentral","BUPF=BU03903U;PF_POLE=DT;PF_APPLI=GESTION POSTE DE TRAVAIL SCCM;PF_ENV=production;PF_COMPOSANT=mutualise","PlanDisabled|Free","2026-04-14 16:15:09"
"2e2a6511-b975-4cc4-869f-fa9f0a45d413","DSI DT Azure Enterprise","StorageAccounts","Defender for Storage","HIGH","Free","/subscriptions/8b59dbc4-04d1-4ad8-aead-aa2101633336/resourceGroups/RG-LA-001/providers/Microsoft.Storage/storageAccounts/stoludo","stoludo","Microsoft.Storage/storageAccounts","RG-LA-001","francecentral","BUPF=BU03903U;PF_APPLI=GESTION POSTE DE TRAVAIL SCCM;PF_COMPOSANT=mutualise;PF_ENV=production;PF_POLE=DT","PlanDisabled|Free","2026-04-14 16:15:09"
"2e2a6511-b975-4cc4-869f-fa9f0a45d413","DSI DT Azure Enterprise","KeyVaults","Defender for Key Vault","HIGH","Free","/subscriptions/8b59dbc4-04d1-4ad8-aead-aa2101633336/resourceGroups/PFSAMECM/providers/Microsoft.KeyVault/vaults/pfsacmg","pfsacmg","Microsoft.KeyVault/vaults","PFSAMECM","francecentral","BUPF=BU03903U;PF_POLE=DT;PF_APPLI=GESTION POSTE DE TRAVAIL SCCM;PF_ENV=production;PF_COMPOSANT=mutualise","PlanDisabled|Free","2026-04-14 16:15:09"
"2e2a6511-b975-4cc4-869f-fa9f0a45d413","DSI DT Azure Enterprise","Arm","Defender for Resource Manager","MEDIUM","Free","SubscriptionLevel","N/A","N/A","N/A","N/A","","PlanDisabled|Free","2026-04-14 16:15:09"
"8b59dbc4-04d1-4ad8-aead-aa2101633336","DSI PDT","Arm","Defender for Resource Manager","MEDIUM","Free","SubscriptionLevel","N/A","N/A","N/A","N/A","","PlanDisabled|Free","2026-04-14 16:15:10"
"3469662c-de7e-45bb-92c2-fed4e8ab93f5","DSI Security Azure Entreprise","Arm","Defender for Resource Manager","MEDIUM","Free","SubscriptionLevel","N/A","N/A","N/A","N/A","","PlanDisabled|Free","2026-04-14 16:15:11"
"6609375e-96eb-4049-bab3-36779fb00e00","DZ Storage Azure Enterprise","StorageAccounts","Defender for Storage","HIGH","Free","/subscriptions/90bb6bac-430f-4a70-8509-24206630418d/resourceGroups/frlinuxserver3162-Migrated/providers/Microsoft.Storage/storageAccounts/frlinuxserver3162","frlinuxserver3162","Microsoft.Storage/storageAccounts","frlinuxserver3162-Migrated","westeurope","BUPF=BU03903U;PF_APPLI=Stockage Filiale;PF_COMPOSANT=mutualise;PF_ENV=production;PF_POLE=DT","PlanDisabled|Free","2026-04-14 16:15:11"
"6609375e-96eb-4049-bab3-36779fb00e00","DZ Storage Azure Enterprise","Arm","Defender for Resource Manager","MEDIUM","Free","SubscriptionLevel","N/A","N/A","N/A","N/A","","PlanDisabled|Free","2026-04-14 16:15:11"
"90bb6bac-430f-4a70-8509-24206630418d","FR Storage Azure Enterprise","Arm","Defender for Resource Manager","MEDIUM","Free","SubscriptionLevel","N/A","N/A","N/A","N/A","","PlanDisabled|Free","2026-04-14 16:15:11"
"7d56f57f-c32d-4813-9636-781985889517","FR VSTS Azure Subscription","Arm","Defender for Resource Manager","MEDIUM","Free","SubscriptionLevel","N/A","N/A","N/A","N/A","","PlanDisabled|Free","2026-04-14 16:15:11"
"aeaaa74d-839b-4e94-9a20-fd2ec8421e08","FR2-LOGS-ANALYTICS","StorageAccounts","Defender for Storage","HIGH","Free","/subscriptions/3b1ce85a-904c-4876-8d80-9df82bd9b425/resourceGroups/cloudboost-storage/providers/Microsoft.Storage/storageAccounts/cloudboost","cloudboost","Microsoft.Storage/storageAccounts","cloudboost-storage","northeurope","BUPF=BU03903U;PF_POLE=DT;PF_APPLI=Stockage Filiale;PF_ENV=production;PF_COMPOSANT=mutualise","PlanDisabled|Free","2026-04-14 16:15:12"
"aeaaa74d-839b-4e94-9a20-fd2ec8421e08","FR2-LOGS-ANALYTICS","Arm","Defender for Resource Manager","MEDIUM","Free","SubscriptionLevel","N/A","N/A","N/A","N/A","","PlanDisabled|Free","2026-04-14 16:15:12"
"a1f0733f-9662-4d8a-a0c2-b1a1050d6e3a","GB Storage Azure Entreprise","VirtualMachines","Defender for Servers","CRITICAL","Free","/subscriptions/d38b1d73-ae9d-4700-a574-76522ef8953f/resourceGroups/gr_training_website/providers/Microsoft.Compute/virtualMachines/monaco","monaco","Microsoft.Compute/virtualMachines","gr_training_website","westeurope","BUPF=BU03903U;PF_POLE=DT;PF_APPLI=TRAINING WEBSITE;PF_ENV=production;PF_COMPOSANT=mutualise","PlanDisabled|Free","2026-04-14 16:15:12"
"a1f0733f-9662-4d8a-a0c2-b1a1050d6e3a","GB Storage Azure Entreprise","VirtualMachines","Defender for Servers","CRITICAL","Free","/subscriptions/d38b1d73-ae9d-4700-a574-76522ef8953f/resourceGroups/gr_training_website/providers/Microsoft.Compute/virtualMachines/stgermain","stgermain","Microsoft.Compute/virtualMachines","gr_training_website","westeurope","BUPF=BU03903U;PF_POLE=DT;PF_APPLI=TRAINING WEBSITE;PF_ENV=production;PF_COMPOSANT=mutualise","PlanDisabled|Free","2026-04-14 16:15:12"
"a1f0733f-9662-4d8a-a0c2-b1a1050d6e3a","GB Storage Azure Entreprise","StorageAccounts","Defender for Storage","HIGH","Free","/subscriptions/d38b1d73-ae9d-4700-a574-76522ef8953f/resourceGroups/gr_training_website/providers/Microsoft.Storage/storageAccounts/grtrainingwebsitediag","grtrainingwebsitediag","Microsoft.Storage/storageAccounts","gr_training_website","westeurope","BUPF=BU03903U;PF_POLE=DT;PF_APPLI=TRAINING WEBSITE;PF_ENV=production;PF_COMPOSANT=mutualise","PlanDisabled|Free","2026-04-14 16:15:12"
"a1f0733f-9662-4d8a-a0c2-b1a1050d6e3a","GB Storage Azure Entreprise","Arm","Defender for Resource Manager","MEDIUM","Free","SubscriptionLevel","N/A","N/A","N/A","N/A","","PlanDisabled|Free","2026-04-14 16:15:12"
"3b1ce85a-904c-4876-8d80-9df82bd9b425","GR Storage Azure Enterprise","Arm","Defender for Resource Manager","MEDIUM","Free","SubscriptionLevel","N/A","N/A","N/A","N/A","","PlanDisabled|Free","2026-04-14 16:15:12"
"d38b1d73-ae9d-4700-a574-76522ef8953f","GR Training WebSite Azure Entreprise","StorageAccounts","Defender for Storage","HIGH","Free","/subscriptions/ac642714-a903-43a9-80e3-ce76e911f655/resourceGroups/itstorageacronis01/providers/Microsoft.Storage/storageAccounts/itstorageacronis01","itstorageacronis01","Microsoft.Storage/storageAccounts","itstorageacronis01","francecentral","BUPF=BU03903U;PF_POLE=DT;PF_APPLI=Stockage Filiale;PF_ENV=production;PF_COMPOSANT=mutualise","PlanDisabled|Free","2026-04-14 16:15:13"
"d38b1d73-ae9d-4700-a574-76522ef8953f","GR Training WebSite Azure Entreprise","StorageAccounts","Defender for Storage","HIGH","Free","/subscriptions/ac642714-a903-43a9-80e3-ce76e911f655/resourceGroups/be2021/providers/Microsoft.Storage/storageAccounts/be2021blob","be2021blob","Microsoft.Storage/storageAccounts","be2021","westeurope","BUPF=BU03903U;PF_POLE=DT;PF_APPLI=Stockage Filiale;PF_ENV=production;PF_COMPOSANT=mutualise","PlanDisabled|Free","2026-04-14 16:15:13"
"d38b1d73-ae9d-4700-a574-76522ef8953f","GR Training WebSite Azure Entreprise","Arm","Defender for Resource Manager","MEDIUM","Free","SubscriptionLevel","N/A","N/A","N/A","N/A","","PlanDisabled|Free","2026-04-14 16:15:13"
"9f50315b-5bba-4287-a69d-945c28559eac","HK Storage Azure Enterprise","StorageAccounts","Defender for Storage","HIGH","Free","/subscriptions/ac642714-a903-43a9-80e3-ce76e911f655/resourceGroups/itstorageacronis01/providers/Microsoft.Storage/storageAccounts/itstorageacronis01","itstorageacronis01","Microsoft.Storage/storageAccounts","itstorageacronis01","francecentral","BUPF=BU03903U;PF_POLE=DT;PF_APPLI=Stockage Filiale;PF_ENV=production;PF_COMPOSANT=mutualise","PlanDisabled|Free","2026-04-14 16:15:13"
"9f50315b-5bba-4287-a69d-945c28559eac","HK Storage Azure Enterprise","StorageAccounts","Defender for Storage","HIGH","Free","/subscriptions/ac642714-a903-43a9-80e3-ce76e911f655/resourceGroups/be2021/providers/Microsoft.Storage/storageAccounts/be2021blob","be2021blob","Microsoft.Storage/storageAccounts","be2021","westeurope","BUPF=BU03903U;PF_POLE=DT;PF_APPLI=Stockage Filiale;PF_ENV=production;PF_COMPOSANT=mutualise","PlanDisabled|Free","2026-04-14 16:15:13"
"9f50315b-5bba-4287-a69d-945c28559eac","HK Storage Azure Enterprise","Arm","Defender for Resource Manager","MEDIUM","Free","SubscriptionLevel","N/A","N/A","N/A","N/A","","PlanDisabled|Free","2026-04-14 16:15:13"
"ac642714-a903-43a9-80e3-ce76e911f655","IT Storage Azure Enterprise","Arm","Defender for Resource Manager","MEDIUM","Free","SubscriptionLevel","N/A","N/A","N/A","N/A","","PlanDisabled|Free","2026-04-14 16:15:14"
"47ae2058-8870-4080-9155-e9a3df1d136a","JP Storage Azure Enterprise","Arm","Defender for Resource Manager","MEDIUM","Free","SubscriptionLevel","N/A","N/A","N/A","N/A","","PlanDisabled|Free","2026-04-14 16:15:14"
"f76b2c34-d8d0-4ee1-b6af-b50428a8265f","KR Storage Azure Enterprise","Arm","Defender for Resource Manager","MEDIUM","Free","SubscriptionLevel","N/A","N/A","N/A","N/A","","PlanDisabled|Free","2026-04-14 16:15:15"
"c90fc1ec-3ab4-4890-9e28-7e505c95c5df","LB Storage Azure Enterprise","Arm","Defender for Resource Manager","MEDIUM","Free","SubscriptionLevel","N/A","N/A","N/A","N/A","","PlanDisabled|Free","2026-04-14 16:15:15"
"58b33e40-94cc-48b6-ad7e-7df172b02de0","MA Storage Azure Enterprise","Arm","Defender for Resource Manager","MEDIUM","Free","SubscriptionLevel","N/A","N/A","N/A","N/A","","PlanDisabled|Free","2026-04-14 16:15:16"
"c7e6d92b-a38a-4ad0-a5e7-af2d4a600310","Microsoft Azure Enterprise","Arm","Defender for Resource Manager","MEDIUM","Free","SubscriptionLevel","N/A","N/A","N/A","N/A","","PlanDisabled|Free","2026-04-14 16:15:17"
"bb29d9ac-12c2-472b-9546-cbf6de7a4288","Microsoft Azure Enterprise","StorageAccounts","Defender for Storage","HIGH","Free","/subscriptions/1b038d14-5235-4df7-ad84-5d3d163e3ba3/resourceGroups/rg-pf-aia-dev/providers/Microsoft.Storage/storageAccounts/stszpfgaiadstorage","stszpfgaiadstorage","Microsoft.Storage/storageAccounts","rg-pf-aia-dev","westeurope","PF_COMPOSANT=mutualise;BUPF=BU03903U;PF_ENV=developpement;PF_POLE=SDI;PF_APPLI=AZURE OPEN AI;ProjectType=aoai-your-data-service","PlanDisabled|Free","2026-04-14 16:15:17"
"bb29d9ac-12c2-472b-9546-cbf6de7a4288","Microsoft Azure Enterprise","StorageAccounts","Defender for Storage","HIGH","Free","/subscriptions/1b038d14-5235-4df7-ad84-5d3d163e3ba3/resourceGroups/rg-pf-aia-dev-chatbot/providers/Microsoft.Storage/storageAccounts/stpfpfgaiadevchatbotkb","stpfpfgaiadevchatbotkb","Microsoft.Storage/storageAccounts","rg-pf-aia-dev-chatbot","westeurope","BUPF=BU03903U;PF_APPLI=AZURE OPEN AI;PF_COMPOSANT=mutualise;PF_ENV=developpement;PF_POLE=SDI;Backup=false","PlanDisabled|Free","2026-04-14 16:15:17"
"bb29d9ac-12c2-472b-9546-cbf6de7a4288","Microsoft Azure Enterprise","StorageAccounts","Defender for Storage","HIGH","Free","/subscriptions/1b038d14-5235-4df7-ad84-5d3d163e3ba3/resourceGroups/rg-pf-aia-dev/providers/Microsoft.Storage/storageAccounts/stpfpfgaiadfunctions001","stpfpfgaiadfunctions001","Microsoft.Storage/storageAccounts","rg-pf-aia-dev","westeurope","BUPF=BU03903U;PF_APPLI=AZURE OPEN AI;PF_COMPOSANT=mutualise;PF_ENV=developpement;PF_POLE=SDI","PlanDisabled|Free","2026-04-14 16:15:17"
"bb29d9ac-12c2-472b-9546-cbf6de7a4288","Microsoft Azure Enterprise","StorageAccounts","Defender for Storage","HIGH","Free","/subscriptions/1b038d14-5235-4df7-ad84-5d3d163e3ba3/resourceGroups/rg-pf-aia-stg-chatbot/providers/Microsoft.Storage/storageAccounts/stpfpfgaiastgchatbotkb","stpfpfgaiastgchatbotkb","Microsoft.Storage/storageAccounts","rg-pf-aia-stg-chatbot","westeurope","BUPF=BU03903U;PF_APPLI=AZURE OPEN AI;PF_COMPOSANT=mutualise;PF_ENV=developpement;PF_POLE=SDI;Backup=false","PlanDisabled|Free","2026-04-14 16:15:17"
"bb29d9ac-12c2-472b-9546-cbf6de7a4288","Microsoft Azure Enterprise","StorageAccounts","Defender for Storage","HIGH","Free","/subscriptions/1b038d14-5235-4df7-ad84-5d3d163e3ba3/resourceGroups/rg-pf-aia-stg-chatbot/providers/Microsoft.Storage/storageAccounts/stpfpfgaiasfunctions001","stpfpfgaiasfunctions001","Microsoft.Storage/storageAccounts","rg-pf-aia-stg-chatbot","westeurope","BUPF=BU03903U;PF_APPLI=AZURE OPEN AI;PF_COMPOSANT=mutualise;PF_ENV=developpement;PF_POLE=SDI","PlanDisabled|Free","2026-04-14 16:15:17"
"bb29d9ac-12c2-472b-9546-cbf6de7a4288","Microsoft Azure Enterprise","StorageAccounts","Defender for Storage","HIGH","Free","/subscriptions/1b038d14-5235-4df7-ad84-5d3d163e3ba3/resourceGroups/rg-pf-aia-mistralnemo-dev/providers/Microsoft.Storage/storageAccounts/stdzieliraad731113204607","stdzieliraad731113204607","Microsoft.Storage/storageAccounts","rg-pf-aia-mistralnemo-dev","swedencentral","BUPF=BU03903U;PF_APPLI=AZURE OPEN AI;PF_COMPOSANT=mutualise;PF_ENV=developpement;PF_POLE=SDI","PlanDisabled|Free","2026-04-14 16:15:17"
"bb29d9ac-12c2-472b-9546-cbf6de7a4288","Microsoft Azure Enterprise","StorageAccounts","Defender for Storage","HIGH","Free","/subscriptions/1b038d14-5235-4df7-ad84-5d3d163e3ba3/resourceGroups/rg-pf-aia-mistrallarge2407-dev/providers/Microsoft.Storage/storageAccounts/stmistrallar414048832088","stmistrallar414048832088","Microsoft.Storage/storageAccounts","rg-pf-aia-mistrallarge2407-dev","swedencentral","BUPF=BU03903U;PF_APPLI=AZURE OPEN AI;PF_COMPOSANT=mutualise;PF_ENV=developpement;PF_POLE=SDI","PlanDisabled|Free","2026-04-14 16:15:17"
"bb29d9ac-12c2-472b-9546-cbf6de7a4288","Microsoft Azure Enterprise","StorageAccounts","Defender for Storage","HIGH","Free","/subscriptions/1b038d14-5235-4df7-ad84-5d3d163e3ba3/resourceGroups/rg-pf-aia-mistralocr2503-dev/providers/Microsoft.Storage/storageAccounts/stmistralocr164519784807","stmistralocr164519784807","Microsoft.Storage/storageAccounts","rg-pf-aia-mistralocr2503-dev","swedencentral","BUPF=BU03903U;PF_APPLI=AZURE OPEN AI;PF_COMPOSANT=mutualise;PF_ENV=developpement;PF_POLE=SDI","PlanDisabled|Free","2026-04-14 16:15:17"
"bb29d9ac-12c2-472b-9546-cbf6de7a4288","Microsoft Azure Enterprise","AppServices","Defender for App Service","HIGH","Free","/subscriptions/1b038d14-5235-4df7-ad84-5d3d163e3ba3/resourceGroups/rg-pf-aia-dev/providers/Microsoft.Web/sites/wapppfgaiadback1","wapppfgaiadback1","Microsoft.Web/sites","rg-pf-aia-dev","westeurope","BUPF=BU03903U;PF_APPLI=AZURE OPEN AI;PF_COMPOSANT=mutualise;PF_ENV=developpement;PF_POLE=SDI;hidden-link: /app-insights-resource-id=/subscriptions/1b038d14-5235-4df7-ad84-5d3d163e3ba3/resourceGroups/rg-pf-aia-dev/providers/microsoft.insights/components/ai-wapppfgaiadback1;hidden-link: /app-insights-instrumentation-key=ed41ff77-b6bf-4100-95b7-df9118c37f30;hidden-link: /app-insights-conn-string=InstrumentationKey=ed41ff77-b6bf-4100-95b7-df9118c37f30;IngestionEndpoint=https://westeurope-5.in.applicationinsights.azure.com/;LiveEndpoint=https://westeurope.livediagnostics.monitor.azure.com/;ApplicationId=1de3d813-c308-4db5-8ef3-dec8409f70bc","PlanDisabled|Free","2026-04-14 16:15:17"
"bb29d9ac-12c2-472b-9546-cbf6de7a4288","Microsoft Azure Enterprise","AppServices","Defender for App Service","HIGH","Free","/subscriptions/1b038d14-5235-4df7-ad84-5d3d163e3ba3/resourceGroups/rg-pf-aia-dev/providers/Microsoft.Web/sites/wapppfgaiadfront1","wapppfgaiadfront1","Microsoft.Web/sites","rg-pf-aia-dev","westeurope","BUPF=BU03903U;PF_APPLI=AZURE OPEN AI;PF_COMPOSANT=mutualise;PF_ENV=developpement;PF_POLE=SDI","PlanDisabled|Free","2026-04-14 16:15:17"
"bb29d9ac-12c2-472b-9546-cbf6de7a4288","Microsoft Azure Enterprise","AppServices","Defender for App Service","HIGH","Free","/subscriptions/1b038d14-5235-4df7-ad84-5d3d163e3ba3/resourceGroups/rg-pf-aia-dev/providers/Microsoft.Web/sites/wap-ppfg-chatbot-d-back","wap-ppfg-chatbot-d-back","Microsoft.Web/sites","rg-pf-aia-dev","westeurope","BUPF=BU03903U;PF_APPLI=AZURE OPEN AI;PF_COMPOSANT=mutualise;PF_ENV=developpement;PF_POLE=SDI;hidden-link: /app-insights-resource-id=/subscriptions/1b038d14-5235-4df7-ad84-5d3d163e3ba3/resourceGroups/rg-pf-aia-dev-chatbot/providers/microsoft.insights/components/appins-pf-aia-d-chatbot-wapps","PlanDisabled|Free","2026-04-14 16:15:17"
"bb29d9ac-12c2-472b-9546-cbf6de7a4288","Microsoft Azure Enterprise","AppServices","Defender for App Service","HIGH","Free","/subscriptions/1b038d14-5235-4df7-ad84-5d3d163e3ba3/resourceGroups/rg-pf-aia-dev-iarest/providers/Microsoft.Web/sites/wapp-pfg-iagenrest-d-api","wapp-pfg-iagenrest-d-api","Microsoft.Web/sites","rg-pf-aia-dev-iarest","westeurope","BUPF=BU03903U;PF_APPLI=AZURE OPEN AI;PF_COMPOSANT=mutualise;PF_ENV=developpement;PF_POLE=SDI","PlanDisabled|Free","2026-04-14 16:15:17"
"bb29d9ac-12c2-472b-9546-cbf6de7a4288","Microsoft Azure Enterprise","AppServices","Defender for App Service","HIGH","Free","/subscriptions/1b038d14-5235-4df7-ad84-5d3d163e3ba3/resourceGroups/rg-pf-aia-dev/providers/Microsoft.Web/sites/fapp-pfg-aia-dev-plaiground","fapp-pfg-aia-dev-plaiground","Microsoft.Web/sites","rg-pf-aia-dev","westeurope","hidden-link: /app-insights-resource-id=/subscriptions/1b038d14-5235-4df7-ad84-5d3d163e3ba3/resourceGroups/rg-pf-aia-dev-chatbot/providers/microsoft.insights/components/fapp-pfg-aia-dev-chatbotkb;BUPF=BU03903U;PF_APPLI=AZURE OPEN AI;PF_COMPOSANT=mutualise;PF_ENV=developpement;PF_POLE=SDI;hidden-link: /app-insights-instrumentation-key=3c175ddf-1fee-483c-a199-140a086f0140;hidden-link: /app-insights-conn-string=InstrumentationKey=3c175ddf-1fee-483c-a199-140a086f0140;IngestionEndpoint=https://westeurope-5.in.applicationinsights.azure.com/;LiveEndpoint=https://westeurope.livediagnostics.monitor.azure.com/;ApplicationId=d73c15b3-8f0f-439f-8446-9bacb199ae22","PlanDisabled|Free","2026-04-14 16:15:17"
"bb29d9ac-12c2-472b-9546-cbf6de7a4288","Microsoft Azure Enterprise","AppServices","Defender for App Service","HIGH","Free","/subscriptions/1b038d14-5235-4df7-ad84-5d3d163e3ba3/resourceGroups/rg-pf-aia-dev-chatbot/providers/Microsoft.Web/sites/fapp-pfg-aia-dev-chatbotkb","fapp-pfg-aia-dev-chatbotkb","Microsoft.Web/sites","rg-pf-aia-dev-chatbot","westeurope","hidden-link: /app-insights-resource-id=/subscriptions/1b038d14-5235-4df7-ad84-5d3d163e3ba3/resourceGroups/rg-pf-aia-dev-chatbot/providers/microsoft.insights/components/fapp-pfg-aia-dev-chatbotkb;BUPF=BU03903U;PF_APPLI=AZURE OPEN AI;PF_COMPOSANT=mutualise;PF_ENV=developpement;PF_POLE=SDI;hidden-link: /app-insights-instrumentation-key=3c175ddf-1fee-483c-a199-140a086f0140;hidden-link: /app-insights-conn-string=InstrumentationKey=3c175ddf-1fee-483c-a199-140a086f0140;IngestionEndpoint=https://westeurope-5.in.applicationinsights.azure.com/;LiveEndpoint=https://westeurope.livediagnostics.monitor.azure.com/;ApplicationId=d73c15b3-8f0f-439f-8446-9bacb199ae22","PlanDisabled|Free","2026-04-14 16:15:17"
"bb29d9ac-12c2-472b-9546-cbf6de7a4288","Microsoft Azure Enterprise","AppServices","Defender for App Service","HIGH","Free","/subscriptions/1b038d14-5235-4df7-ad84-5d3d163e3ba3/resourceGroups/rg-pf-aia-stg-iarest/providers/Microsoft.Web/sites/wapp-pfg-iagenrest-s-api","wapp-pfg-iagenrest-s-api","Microsoft.Web/sites","rg-pf-aia-stg-iarest","westeurope","BUPF=BU03903U;PF_APPLI=AZURE OPEN AI;PF_COMPOSANT=mutualise;PF_ENV=developpement;PF_POLE=SDI","PlanDisabled|Free","2026-04-14 16:15:17"
"bb29d9ac-12c2-472b-9546-cbf6de7a4288","Microsoft Azure Enterprise","AppServices","Defender for App Service","HIGH","Free","/subscriptions/1b038d14-5235-4df7-ad84-5d3d163e3ba3/resourceGroups/rg-pf-aia-stg-chatbot/providers/Microsoft.Web/sites/wapp-pfg-chatbot-s-back","wapp-pfg-chatbot-s-back","Microsoft.Web/sites","rg-pf-aia-stg-chatbot","westeurope","BUPF=BU03903U;PF_APPLI=AZURE OPEN AI;PF_COMPOSANT=mutualise;PF_ENV=developpement;PF_POLE=SDI;hidden-link: /app-insights-resource-id=/subscriptions/1b038d14-5235-4df7-ad84-5d3d163e3ba3/resourceGroups/rg-pf-aia-stg-chatbot/providers/microsoft.insights/components/appins-pf-aia-s-chatbot-wapps;hidden-link: /app-insights-instrumentation-key=3c175ddf-1fee-483c-a199-140a086f0140;hidden-link: /app-insights-conn-string=InstrumentationKey=3c175ddf-1fee-483c-a199-140a086f0140;IngestionEndpoint=https://westeurope-5.in.applicationinsights.azure.com/;LiveEndpoint=https://westeurope.livediagnostics.monitor.azure.com/;ApplicationId=d73c15b3-8f0f-439f-8446-9bacb199ae22","PlanDisabled|Free","2026-04-14 16:15:17"
"bb29d9ac-12c2-472b-9546-cbf6de7a4288","Microsoft Azure Enterprise","AppServices","Defender for App Service","HIGH","Free","/subscriptions/1b038d14-5235-4df7-ad84-5d3d163e3ba3/resourceGroups/rg-pf-aia-stg-chatbot/providers/Microsoft.Web/sites/fapp-pfg-aia-stg-chatbotkb","fapp-pfg-aia-stg-chatbotkb","Microsoft.Web/sites","rg-pf-aia-stg-chatbot","westeurope","BUPF=BU03903U;PF_APPLI=AZURE OPEN AI;PF_COMPOSANT=mutualise;PF_ENV=developpement;PF_POLE=SDI;hidden-link: /app-insights-resource-id=/subscriptions/1b038d14-5235-4df7-ad84-5d3d163e3ba3/resourceGroups/rg-pf-aia-stg-chatbot/providers/microsoft.insights/components/fapp-pfg-aia-stg-chatbotkb;hidden-link: /app-insights-instrumentation-key=d8fb8032-f3d7-46a4-81be-8e05fceb41a1;hidden-link: /app-insights-conn-string=InstrumentationKey=d8fb8032-f3d7-46a4-81be-8e05fceb41a1;IngestionEndpoint=https://westeurope-5.in.applicationinsights.azure.com/;LiveEndpoint=https://westeurope.livediagnostics.monitor.azure.com/;ApplicationId=4d7093c5-ee15-4fef-8b81-21db5316c00b","PlanDisabled|Free","2026-04-14 16:15:17"
"bb29d9ac-12c2-472b-9546-cbf6de7a4288","Microsoft Azure Enterprise","KeyVaults","Defender for Key Vault","HIGH","Free","/subscriptions/1b038d14-5235-4df7-ad84-5d3d163e3ba3/resourceGroups/rg-pf-aia-mistralnemo-dev/providers/Microsoft.KeyVault/vaults/kv-dzielira731113204607","kv-dzielira731113204607","Microsoft.KeyVault/vaults","rg-pf-aia-mistralnemo-dev","swedencentral","BUPF=BU03903U;PF_APPLI=AZURE OPEN AI;PF_COMPOSANT=mutualise;PF_ENV=developpement;PF_POLE=SDI","PlanDisabled|Free","2026-04-14 16:15:17"
"bb29d9ac-12c2-472b-9546-cbf6de7a4288","Microsoft Azure Enterprise","KeyVaults","Defender for Key Vault","HIGH","Free","/subscriptions/1b038d14-5235-4df7-ad84-5d3d163e3ba3/resourceGroups/rg-pf-aia-mistrallarge2407-dev/providers/Microsoft.KeyVault/vaults/kv-mistrall414048832088","kv-mistrall414048832088","Microsoft.KeyVault/vaults","rg-pf-aia-mistrallarge2407-dev","swedencentral","BUPF=BU03903U;PF_APPLI=AZURE OPEN AI;PF_COMPOSANT=mutualise;PF_ENV=developpement;PF_POLE=SDI","PlanDisabled|Free","2026-04-14 16:15:17"
"bb29d9ac-12c2-472b-9546-cbf6de7a4288","Microsoft Azure Enterprise","KeyVaults","Defender for Key Vault","HIGH","Free","/subscriptions/1b038d14-5235-4df7-ad84-5d3d163e3ba3/resourceGroups/rg-pf-aia-mistralocr2503-dev/providers/Microsoft.KeyVault/vaults/kv-mistralo164519784807","kv-mistralo164519784807","Microsoft.KeyVault/vaults","rg-pf-aia-mistralocr2503-dev","swedencentral","BUPF=BU03903U;PF_APPLI=AZURE OPEN AI;PF_COMPOSANT=mutualise;PF_ENV=developpement;PF_POLE=SDI","PlanDisabled|Free","2026-04-14 16:15:17"
"bb29d9ac-12c2-472b-9546-cbf6de7a4288","Microsoft Azure Enterprise","CosmosDbs","Defender for Cosmos DB","HIGH","Free","/subscriptions/1b038d14-5235-4df7-ad84-5d3d163e3ba3/resourceGroups/rg-pf-aia-dev/providers/Microsoft.DocumentDb/databaseAccounts/cosmos-pfg-aia-d-conv-nosql","cosmos-pfg-aia-d-conv-nosql","Microsoft.DocumentDb/databaseAccounts","rg-pf-aia-dev","westeurope","defaultExperience=Core (SQL);hidden-cosmos-mmspecial=;BUPF=BU03903U;PF_APPLI=AZURE OPEN AI;PF_COMPOSANT=mutualise;PF_ENV=developpement;PF_POLE=SDI","PlanDisabled|Free","2026-04-14 16:15:17"
"bb29d9ac-12c2-472b-9546-cbf6de7a4288","Microsoft Azure Enterprise","CosmosDbs","Defender for Cosmos DB","HIGH","Free","/subscriptions/1b038d14-5235-4df7-ad84-5d3d163e3ba3/resourceGroups/rg-pf-aia-dev/providers/Microsoft.DocumentDb/databaseAccounts/cosmos-pfg-chatbot-d-back","cosmos-pfg-chatbot-d-back","Microsoft.DocumentDb/databaseAccounts","rg-pf-aia-dev","westeurope","defaultExperience=Azure Cosmos DB for MongoDB API;hidden-cosmos-mmspecial=;BUPF=BU03903U;PF_APPLI=AZURE OPEN AI;PF_COMPOSANT=mutualise;PF_ENV=developpement;PF_POLE=SDI","PlanDisabled|Free","2026-04-14 16:15:17"
"bb29d9ac-12c2-472b-9546-cbf6de7a4288","Microsoft Azure Enterprise","CosmosDbs","Defender for Cosmos DB","HIGH","Free","/subscriptions/1b038d14-5235-4df7-ad84-5d3d163e3ba3/resourceGroups/rg-pf-aia-dev-iarest/providers/Microsoft.DocumentDb/databaseAccounts/cosmos-pfg-iagenrest-d-api","cosmos-pfg-iagenrest-d-api","Microsoft.DocumentDb/databaseAccounts","rg-pf-aia-dev-iarest","westeurope","defaultExperience=Azure Cosmos DB for MongoDB API;hidden-cosmos-mmspecial=;BUPF=BU03903U;PF_APPLI=AZURE OPEN AI;PF_COMPOSANT=mutualise;PF_ENV=developpement;PF_POLE=SDI","PlanDisabled|Free","2026-04-14 16:15:17"
"bb29d9ac-12c2-472b-9546-cbf6de7a4288","Microsoft Azure Enterprise","CosmosDbs","Defender for Cosmos DB","HIGH","Free","/subscriptions/1b038d14-5235-4df7-ad84-5d3d163e3ba3/resourceGroups/rg-pf-aia-stg-iarest/providers/Microsoft.DocumentDb/databaseAccounts/cosmos-pfg-iagenrest-s-api","cosmos-pfg-iagenrest-s-api","Microsoft.DocumentDb/databaseAccounts","rg-pf-aia-stg-iarest","westeurope","defaultExperience=Azure Cosmos DB for MongoDB API;hidden-workload-type=Development/Testing;hidden-cosmos-mmspecial=;BUPF=BU03903U;PF_APPLI=AZURE OPEN AI;PF_COMPOSANT=mutualise;PF_ENV=developpement;PF_POLE=SDI","PlanDisabled|Free","2026-04-14 16:15:17"
"bb29d9ac-12c2-472b-9546-cbf6de7a4288","Microsoft Azure Enterprise","CosmosDbs","Defender for Cosmos DB","HIGH","Free","/subscriptions/1b038d14-5235-4df7-ad84-5d3d163e3ba3/resourceGroups/rg-pf-aia-stg-chatbot/providers/Microsoft.DocumentDb/databaseAccounts/cosmos-pfg-chatbot-s-back","cosmos-pfg-chatbot-s-back","Microsoft.DocumentDb/databaseAccounts","rg-pf-aia-stg-chatbot","westeurope","defaultExperience=Azure Cosmos DB for MongoDB API;hidden-cosmos-mmspecial=;BUPF=BU03903U;PF_APPLI=AZURE OPEN AI;PF_COMPOSANT=mutualise;PF_ENV=developpement;PF_POLE=SDI","PlanDisabled|Free","2026-04-14 16:15:17"
"bb29d9ac-12c2-472b-9546-cbf6de7a4288","Microsoft Azure Enterprise","Arm","Defender for Resource Manager","MEDIUM","Free","SubscriptionLevel","N/A","N/A","N/A","N/A","","PlanDisabled|Free","2026-04-14 16:15:17"
"9b60f1c6-9263-4c97-a3f9-3bd26aa6aae5","Microsoft Azure Enterprise","StorageAccounts","Defender for Storage","HIGH","Free","/subscriptions/1b038d14-5235-4df7-ad84-5d3d163e3ba3/resourceGroups/rg-pf-aia-dev/providers/Microsoft.Storage/storageAccounts/stszpfgaiadstorage","stszpfgaiadstorage","Microsoft.Storage/storageAccounts","rg-pf-aia-dev","westeurope","PF_COMPOSANT=mutualise;BUPF=BU03903U;PF_ENV=developpement;PF_POLE=SDI;PF_APPLI=AZURE OPEN AI;ProjectType=aoai-your-data-service","PlanDisabled|Free","2026-04-14 16:15:18"
"9b60f1c6-9263-4c97-a3f9-3bd26aa6aae5","Microsoft Azure Enterprise","StorageAccounts","Defender for Storage","HIGH","Free","/subscriptions/1b038d14-5235-4df7-ad84-5d3d163e3ba3/resourceGroups/rg-pf-aia-dev-chatbot/providers/Microsoft.Storage/storageAccounts/stpfpfgaiadevchatbotkb","stpfpfgaiadevchatbotkb","Microsoft.Storage/storageAccounts","rg-pf-aia-dev-chatbot","westeurope","BUPF=BU03903U;PF_APPLI=AZURE OPEN AI;PF_COMPOSANT=mutualise;PF_ENV=developpement;PF_POLE=SDI;Backup=false","PlanDisabled|Free","2026-04-14 16:15:18"
"9b60f1c6-9263-4c97-a3f9-3bd26aa6aae5","Microsoft Azure Enterprise","StorageAccounts","Defender for Storage","HIGH","Free","/subscriptions/1b038d14-5235-4df7-ad84-5d3d163e3ba3/resourceGroups/rg-pf-aia-dev/providers/Microsoft.Storage/storageAccounts/stpfpfgaiadfunctions001","stpfpfgaiadfunctions001","Microsoft.Storage/storageAccounts","rg-pf-aia-dev","westeurope","BUPF=BU03903U;PF_APPLI=AZURE OPEN AI;PF_COMPOSANT=mutualise;PF_ENV=developpement;PF_POLE=SDI","PlanDisabled|Free","2026-04-14 16:15:18"
"9b60f1c6-9263-4c97-a3f9-3bd26aa6aae5","Microsoft Azure Enterprise","StorageAccounts","Defender for Storage","HIGH","Free","/subscriptions/1b038d14-5235-4df7-ad84-5d3d163e3ba3/resourceGroups/rg-pf-aia-stg-chatbot/providers/Microsoft.Storage/storageAccounts/stpfpfgaiastgchatbotkb","stpfpfgaiastgchatbotkb","Microsoft.Storage/storageAccounts","rg-pf-aia-stg-chatbot","westeurope","BUPF=BU03903U;PF_APPLI=AZURE OPEN AI;PF_COMPOSANT=mutualise;PF_ENV=developpement;PF_POLE=SDI;Backup=false","PlanDisabled|Free","2026-04-14 16:15:18"
"9b60f1c6-9263-4c97-a3f9-3bd26aa6aae5","Microsoft Azure Enterprise","StorageAccounts","Defender for Storage","HIGH","Free","/subscriptions/1b038d14-5235-4df7-ad84-5d3d163e3ba3/resourceGroups/rg-pf-aia-stg-chatbot/providers/Microsoft.Storage/storageAccounts/stpfpfgaiasfunctions001","stpfpfgaiasfunctions001","Microsoft.Storage/storageAccounts","rg-pf-aia-stg-chatbot","westeurope","BUPF=BU03903U;PF_APPLI=AZURE OPEN AI;PF_COMPOSANT=mutualise;PF_ENV=developpement;PF_POLE=SDI","PlanDisabled|Free","2026-04-14 16:15:18"
"9b60f1c6-9263-4c97-a3f9-3bd26aa6aae5","Microsoft Azure Enterprise","StorageAccounts","Defender for Storage","HIGH","Free","/subscriptions/1b038d14-5235-4df7-ad84-5d3d163e3ba3/resourceGroups/rg-pf-aia-mistralnemo-dev/providers/Microsoft.Storage/storageAccounts/stdzieliraad731113204607","stdzieliraad731113204607","Microsoft.Storage/storageAccounts","rg-pf-aia-mistralnemo-dev","swedencentral","BUPF=BU03903U;PF_APPLI=AZURE OPEN AI;PF_COMPOSANT=mutualise;PF_ENV=developpement;PF_POLE=SDI","PlanDisabled|Free","2026-04-14 16:15:18"
"9b60f1c6-9263-4c97-a3f9-3bd26aa6aae5","Microsoft Azure Enterprise","StorageAccounts","Defender for Storage","HIGH","Free","/subscriptions/1b038d14-5235-4df7-ad84-5d3d163e3ba3/resourceGroups/rg-pf-aia-mistrallarge2407-dev/providers/Microsoft.Storage/storageAccounts/stmistrallar414048832088","stmistrallar414048832088","Microsoft.Storage/storageAccounts","rg-pf-aia-mistrallarge2407-dev","swedencentral","BUPF=BU03903U;PF_APPLI=AZURE OPEN AI;PF_COMPOSANT=mutualise;PF_ENV=developpement;PF_POLE=SDI","PlanDisabled|Free","2026-04-14 16:15:18"
"9b60f1c6-9263-4c97-a3f9-3bd26aa6aae5","Microsoft Azure Enterprise","StorageAccounts","Defender for Storage","HIGH","Free","/subscriptions/1b038d14-5235-4df7-ad84-5d3d163e3ba3/resourceGroups/rg-pf-aia-mistralocr2503-dev/providers/Microsoft.Storage/storageAccounts/stmistralocr164519784807","stmistralocr164519784807","Microsoft.Storage/storageAccounts","rg-pf-aia-mistralocr2503-dev","swedencentral","BUPF=BU03903U;PF_APPLI=AZURE OPEN AI;PF_COMPOSANT=mutualise;PF_ENV=developpement;PF_POLE=SDI","PlanDisabled|Free","2026-04-14 16:15:18"
"9b60f1c6-9263-4c97-a3f9-3bd26aa6aae5","Microsoft Azure Enterprise","AppServices","Defender for App Service","HIGH","Free","/subscriptions/1b038d14-5235-4df7-ad84-5d3d163e3ba3/resourceGroups/rg-pf-aia-dev/providers/Microsoft.Web/sites/wapppfgaiadback1","wapppfgaiadback1","Microsoft.Web/sites","rg-pf-aia-dev","westeurope","BUPF=BU03903U;PF_APPLI=AZURE OPEN AI;PF_COMPOSANT=mutualise;PF_ENV=developpement;PF_POLE=SDI;hidden-link: /app-insights-resource-id=/subscriptions/1b038d14-5235-4df7-ad84-5d3d163e3ba3/resourceGroups/rg-pf-aia-dev/providers/microsoft.insights/components/ai-wapppfgaiadback1;hidden-link: /app-insights-instrumentation-key=ed41ff77-b6bf-4100-95b7-df9118c37f30;hidden-link: /app-insights-conn-string=InstrumentationKey=ed41ff77-b6bf-4100-95b7-df9118c37f30;IngestionEndpoint=https://westeurope-5.in.applicationinsights.azure.com/;LiveEndpoint=https://westeurope.livediagnostics.monitor.azure.com/;ApplicationId=1de3d813-c308-4db5-8ef3-dec8409f70bc","PlanDisabled|Free","2026-04-14 16:15:18"
"9b60f1c6-9263-4c97-a3f9-3bd26aa6aae5","Microsoft Azure Enterprise","AppServices","Defender for App Service","HIGH","Free","/subscriptions/1b038d14-5235-4df7-ad84-5d3d163e3ba3/resourceGroups/rg-pf-aia-dev/providers/Microsoft.Web/sites/wapppfgaiadfront1","wapppfgaiadfront1","Microsoft.Web/sites","rg-pf-aia-dev","westeurope","BUPF=BU03903U;PF_APPLI=AZURE OPEN AI;PF_COMPOSANT=mutualise;PF_ENV=developpement;PF_POLE=SDI","PlanDisabled|Free","2026-04-14 16:15:18"
"9b60f1c6-9263-4c97-a3f9-3bd26aa6aae5","Microsoft Azure Enterprise","AppServices","Defender for App Service","HIGH","Free","/subscriptions/1b038d14-5235-4df7-ad84-5d3d163e3ba3/resourceGroups/rg-pf-aia-dev/providers/Microsoft.Web/sites/wap-ppfg-chatbot-d-back","wap-ppfg-chatbot-d-back","Microsoft.Web/sites","rg-pf-aia-dev","westeurope","BUPF=BU03903U;PF_APPLI=AZURE OPEN AI;PF_COMPOSANT=mutualise;PF_ENV=developpement;PF_POLE=SDI;hidden-link: /app-insights-resource-id=/subscriptions/1b038d14-5235-4df7-ad84-5d3d163e3ba3/resourceGroups/rg-pf-aia-dev-chatbot/providers/microsoft.insights/components/appins-pf-aia-d-chatbot-wapps","PlanDisabled|Free","2026-04-14 16:15:18"
"9b60f1c6-9263-4c97-a3f9-3bd26aa6aae5","Microsoft Azure Enterprise","AppServices","Defender for App Service","HIGH","Free","/subscriptions/1b038d14-5235-4df7-ad84-5d3d163e3ba3/resourceGroups/rg-pf-aia-dev-iarest/providers/Microsoft.Web/sites/wapp-pfg-iagenrest-d-api","wapp-pfg-iagenrest-d-api","Microsoft.Web/sites","rg-pf-aia-dev-iarest","westeurope","BUPF=BU03903U;PF_APPLI=AZURE OPEN AI;PF_COMPOSANT=mutualise;PF_ENV=developpement;PF_POLE=SDI","PlanDisabled|Free","2026-04-14 16:15:18"
"9b60f1c6-9263-4c97-a3f9-3bd26aa6aae5","Microsoft Azure Enterprise","AppServices","Defender for App Service","HIGH","Free","/subscriptions/1b038d14-5235-4df7-ad84-5d3d163e3ba3/resourceGroups/rg-pf-aia-dev/providers/Microsoft.Web/sites/fapp-pfg-aia-dev-plaiground","fapp-pfg-aia-dev-plaiground","Microsoft.Web/sites","rg-pf-aia-dev","westeurope","hidden-link: /app-insights-resource-id=/subscriptions/1b038d14-5235-4df7-ad84-5d3d163e3ba3/resourceGroups/rg-pf-aia-dev-chatbot/providers/microsoft.insights/components/fapp-pfg-aia-dev-chatbotkb;BUPF=BU03903U;PF_APPLI=AZURE OPEN AI;PF_COMPOSANT=mutualise;PF_ENV=developpement;PF_POLE=SDI;hidden-link: /app-insights-instrumentation-key=3c175ddf-1fee-483c-a199-140a086f0140;hidden-link: /app-insights-conn-string=InstrumentationKey=3c175ddf-1fee-483c-a199-140a086f0140;IngestionEndpoint=https://westeurope-5.in.applicationinsights.azure.com/;LiveEndpoint=https://westeurope.livediagnostics.monitor.azure.com/;ApplicationId=d73c15b3-8f0f-439f-8446-9bacb199ae22","PlanDisabled|Free","2026-04-14 16:15:18"
"9b60f1c6-9263-4c97-a3f9-3bd26aa6aae5","Microsoft Azure Enterprise","AppServices","Defender for App Service","HIGH","Free","/subscriptions/1b038d14-5235-4df7-ad84-5d3d163e3ba3/resourceGroups/rg-pf-aia-dev-chatbot/providers/Microsoft.Web/sites/fapp-pfg-aia-dev-chatbotkb","fapp-pfg-aia-dev-chatbotkb","Microsoft.Web/sites","rg-pf-aia-dev-chatbot","westeurope","hidden-link: /app-insights-resource-id=/subscriptions/1b038d14-5235-4df7-ad84-5d3d163e3ba3/resourceGroups/rg-pf-aia-dev-chatbot/providers/microsoft.insights/components/fapp-pfg-aia-dev-chatbotkb;BUPF=BU03903U;PF_APPLI=AZURE OPEN AI;PF_COMPOSANT=mutualise;PF_ENV=developpement;PF_POLE=SDI;hidden-link: /app-insights-instrumentation-key=3c175ddf-1fee-483c-a199-140a086f0140;hidden-link: /app-insights-conn-string=InstrumentationKey=3c175ddf-1fee-483c-a199-140a086f0140;IngestionEndpoint=https://westeurope-5.in.applicationinsights.azure.com/;LiveEndpoint=https://westeurope.livediagnostics.monitor.azure.com/;ApplicationId=d73c15b3-8f0f-439f-8446-9bacb199ae22","PlanDisabled|Free","2026-04-14 16:15:18"
"9b60f1c6-9263-4c97-a3f9-3bd26aa6aae5","Microsoft Azure Enterprise","AppServices","Defender for App Service","HIGH","Free","/subscriptions/1b038d14-5235-4df7-ad84-5d3d163e3ba3/resourceGroups/rg-pf-aia-stg-iarest/providers/Microsoft.Web/sites/wapp-pfg-iagenrest-s-api","wapp-pfg-iagenrest-s-api","Microsoft.Web/sites","rg-pf-aia-stg-iarest","westeurope","BUPF=BU03903U;PF_APPLI=AZURE OPEN AI;PF_COMPOSANT=mutualise;PF_ENV=developpement;PF_POLE=SDI","PlanDisabled|Free","2026-04-14 16:15:18"
"9b60f1c6-9263-4c97-a3f9-3bd26aa6aae5","Microsoft Azure Enterprise","AppServices","Defender for App Service","HIGH","Free","/subscriptions/1b038d14-5235-4df7-ad84-5d3d163e3ba3/resourceGroups/rg-pf-aia-stg-chatbot/providers/Microsoft.Web/sites/wapp-pfg-chatbot-s-back","wapp-pfg-chatbot-s-back","Microsoft.Web/sites","rg-pf-aia-stg-chatbot","westeurope","BUPF=BU03903U;PF_APPLI=AZURE OPEN AI;PF_COMPOSANT=mutualise;PF_ENV=developpement;PF_POLE=SDI;hidden-link: /app-insights-resource-id=/subscriptions/1b038d14-5235-4df7-ad84-5d3d163e3ba3/resourceGroups/rg-pf-aia-stg-chatbot/providers/microsoft.insights/components/appins-pf-aia-s-chatbot-wapps;hidden-link: /app-insights-instrumentation-key=3c175ddf-1fee-483c-a199-140a086f0140;hidden-link: /app-insights-conn-string=InstrumentationKey=3c175ddf-1fee-483c-a199-140a086f0140;IngestionEndpoint=https://westeurope-5.in.applicationinsights.azure.com/;LiveEndpoint=https://westeurope.livediagnostics.monitor.azure.com/;ApplicationId=d73c15b3-8f0f-439f-8446-9bacb199ae22","PlanDisabled|Free","2026-04-14 16:15:18"
"9b60f1c6-9263-4c97-a3f9-3bd26aa6aae5","Microsoft Azure Enterprise","AppServices","Defender for App Service","HIGH","Free","/subscriptions/1b038d14-5235-4df7-ad84-5d3d163e3ba3/resourceGroups/rg-pf-aia-stg-chatbot/providers/Microsoft.Web/sites/fapp-pfg-aia-stg-chatbotkb","fapp-pfg-aia-stg-chatbotkb","Microsoft.Web/sites","rg-pf-aia-stg-chatbot","westeurope","BUPF=BU03903U;PF_APPLI=AZURE OPEN AI;PF_COMPOSANT=mutualise;PF_ENV=developpement;PF_POLE=SDI;hidden-link: /app-insights-resource-id=/subscriptions/1b038d14-5235-4df7-ad84-5d3d163e3ba3/resourceGroups/rg-pf-aia-stg-chatbot/providers/microsoft.insights/components/fapp-pfg-aia-stg-chatbotkb;hidden-link: /app-insights-instrumentation-key=d8fb8032-f3d7-46a4-81be-8e05fceb41a1;hidden-link: /app-insights-conn-string=InstrumentationKey=d8fb8032-f3d7-46a4-81be-8e05fceb41a1;IngestionEndpoint=https://westeurope-5.in.applicationinsights.azure.com/;LiveEndpoint=https://westeurope.livediagnostics.monitor.azure.com/;ApplicationId=4d7093c5-ee15-4fef-8b81-21db5316c00b","PlanDisabled|Free","2026-04-14 16:15:18"
"9b60f1c6-9263-4c97-a3f9-3bd26aa6aae5","Microsoft Azure Enterprise","KeyVaults","Defender for Key Vault","HIGH","Free","/subscriptions/1b038d14-5235-4df7-ad84-5d3d163e3ba3/resourceGroups/rg-pf-aia-mistralnemo-dev/providers/Microsoft.KeyVault/vaults/kv-dzielira731113204607","kv-dzielira731113204607","Microsoft.KeyVault/vaults","rg-pf-aia-mistralnemo-dev","swedencentral","BUPF=BU03903U;PF_APPLI=AZURE OPEN AI;PF_COMPOSANT=mutualise;PF_ENV=developpement;PF_POLE=SDI","PlanDisabled|Free","2026-04-14 16:15:18"
"9b60f1c6-9263-4c97-a3f9-3bd26aa6aae5","Microsoft Azure Enterprise","KeyVaults","Defender for Key Vault","HIGH","Free","/subscriptions/1b038d14-5235-4df7-ad84-5d3d163e3ba3/resourceGroups/rg-pf-aia-mistrallarge2407-dev/providers/Microsoft.KeyVault/vaults/kv-mistrall414048832088","kv-mistrall414048832088","Microsoft.KeyVault/vaults","rg-pf-aia-mistrallarge2407-dev","swedencentral","BUPF=BU03903U;PF_APPLI=AZURE OPEN AI;PF_COMPOSANT=mutualise;PF_ENV=developpement;PF_POLE=SDI","PlanDisabled|Free","2026-04-14 16:15:18"
"9b60f1c6-9263-4c97-a3f9-3bd26aa6aae5","Microsoft Azure Enterprise","KeyVaults","Defender for Key Vault","HIGH","Free","/subscriptions/1b038d14-5235-4df7-ad84-5d3d163e3ba3/resourceGroups/rg-pf-aia-mistralocr2503-dev/providers/Microsoft.KeyVault/vaults/kv-mistralo164519784807","kv-mistralo164519784807","Microsoft.KeyVault/vaults","rg-pf-aia-mistralocr2503-dev","swedencentral","BUPF=BU03903U;PF_APPLI=AZURE OPEN AI;PF_COMPOSANT=mutualise;PF_ENV=developpement;PF_POLE=SDI","PlanDisabled|Free","2026-04-14 16:15:18"
"9b60f1c6-9263-4c97-a3f9-3bd26aa6aae5","Microsoft Azure Enterprise","CosmosDbs","Defender for Cosmos DB","HIGH","Free","/subscriptions/1b038d14-5235-4df7-ad84-5d3d163e3ba3/resourceGroups/rg-pf-aia-dev/providers/Microsoft.DocumentDb/databaseAccounts/cosmos-pfg-aia-d-conv-nosql","cosmos-pfg-aia-d-conv-nosql","Microsoft.DocumentDb/databaseAccounts","rg-pf-aia-dev","westeurope","defaultExperience=Core (SQL);hidden-cosmos-mmspecial=;BUPF=BU03903U;PF_APPLI=AZURE OPEN AI;PF_COMPOSANT=mutualise;PF_ENV=developpement;PF_POLE=SDI","PlanDisabled|Free","2026-04-14 16:15:18"
"9b60f1c6-9263-4c97-a3f9-3bd26aa6aae5","Microsoft Azure Enterprise","CosmosDbs","Defender for Cosmos DB","HIGH","Free","/subscriptions/1b038d14-5235-4df7-ad84-5d3d163e3ba3/resourceGroups/rg-pf-aia-dev/providers/Microsoft.DocumentDb/databaseAccounts/cosmos-pfg-chatbot-d-back","cosmos-pfg-chatbot-d-back","Microsoft.DocumentDb/databaseAccounts","rg-pf-aia-dev","westeurope","defaultExperience=Azure Cosmos DB for MongoDB API;hidden-cosmos-mmspecial=;BUPF=BU03903U;PF_APPLI=AZURE OPEN AI;PF_COMPOSANT=mutualise;PF_ENV=developpement;PF_POLE=SDI","PlanDisabled|Free","2026-04-14 16:15:18"
"9b60f1c6-9263-4c97-a3f9-3bd26aa6aae5","Microsoft Azure Enterprise","CosmosDbs","Defender for Cosmos DB","HIGH","Free","/subscriptions/1b038d14-5235-4df7-ad84-5d3d163e3ba3/resourceGroups/rg-pf-aia-dev-iarest/providers/Microsoft.DocumentDb/databaseAccounts/cosmos-pfg-iagenrest-d-api","cosmos-pfg-iagenrest-d-api","Microsoft.DocumentDb/databaseAccounts","rg-pf-aia-dev-iarest","westeurope","defaultExperience=Azure Cosmos DB for MongoDB API;hidden-cosmos-mmspecial=;BUPF=BU03903U;PF_APPLI=AZURE OPEN AI;PF_COMPOSANT=mutualise;PF_ENV=developpement;PF_POLE=SDI","PlanDisabled|Free","2026-04-14 16:15:18"
"9b60f1c6-9263-4c97-a3f9-3bd26aa6aae5","Microsoft Azure Enterprise","CosmosDbs","Defender for Cosmos DB","HIGH","Free","/subscriptions/1b038d14-5235-4df7-ad84-5d3d163e3ba3/resourceGroups/rg-pf-aia-stg-iarest/providers/Microsoft.DocumentDb/databaseAccounts/cosmos-pfg-iagenrest-s-api","cosmos-pfg-iagenrest-s-api","Microsoft.DocumentDb/databaseAccounts","rg-pf-aia-stg-iarest","westeurope","defaultExperience=Azure Cosmos DB for MongoDB API;hidden-workload-type=Development/Testing;hidden-cosmos-mmspecial=;BUPF=BU03903U;PF_APPLI=AZURE OPEN AI;PF_COMPOSANT=mutualise;PF_ENV=developpement;PF_POLE=SDI","PlanDisabled|Free","2026-04-14 16:15:18"
"9b60f1c6-9263-4c97-a3f9-3bd26aa6aae5","Microsoft Azure Enterprise","CosmosDbs","Defender for Cosmos DB","HIGH","Free","/subscriptions/1b038d14-5235-4df7-ad84-5d3d163e3ba3/resourceGroups/rg-pf-aia-stg-chatbot/providers/Microsoft.DocumentDb/databaseAccounts/cosmos-pfg-chatbot-s-back","cosmos-pfg-chatbot-s-back","Microsoft.DocumentDb/databaseAccounts","rg-pf-aia-stg-chatbot","westeurope","defaultExperience=Azure Cosmos DB for MongoDB API;hidden-cosmos-mmspecial=;BUPF=BU03903U;PF_APPLI=AZURE OPEN AI;PF_COMPOSANT=mutualise;PF_ENV=developpement;PF_POLE=SDI","PlanDisabled|Free","2026-04-14 16:15:18"
"9b60f1c6-9263-4c97-a3f9-3bd26aa6aae5","Microsoft Azure Enterprise","Arm","Defender for Resource Manager","MEDIUM","Free","SubscriptionLevel","N/A","N/A","N/A","N/A","","PlanDisabled|Free","2026-04-14 16:15:18"
"1b038d14-5235-4df7-ad84-5d3d163e3ba3","pf-aia-dev","StorageAccounts","Defender for Storage","HIGH","Free","/subscriptions/1b038d14-5235-4df7-ad84-5d3d163e3ba3/resourceGroups/rg-pf-aia-dev/providers/Microsoft.Storage/storageAccounts/stszpfgaiadstorage","stszpfgaiadstorage","Microsoft.Storage/storageAccounts","rg-pf-aia-dev","westeurope","PF_COMPOSANT=mutualise;BUPF=BU03903U;PF_ENV=developpement;PF_POLE=SDI;PF_APPLI=AZURE OPEN AI;ProjectType=aoai-your-data-service","PlanDisabled|Free","2026-04-14 16:15:18"
"1b038d14-5235-4df7-ad84-5d3d163e3ba3","pf-aia-dev","StorageAccounts","Defender for Storage","HIGH","Free","/subscriptions/1b038d14-5235-4df7-ad84-5d3d163e3ba3/resourceGroups/rg-pf-aia-dev-chatbot/providers/Microsoft.Storage/storageAccounts/stpfpfgaiadevchatbotkb","stpfpfgaiadevchatbotkb","Microsoft.Storage/storageAccounts","rg-pf-aia-dev-chatbot","westeurope","BUPF=BU03903U;PF_APPLI=AZURE OPEN AI;PF_COMPOSANT=mutualise;PF_ENV=developpement;PF_POLE=SDI;Backup=false","PlanDisabled|Free","2026-04-14 16:15:18"
"1b038d14-5235-4df7-ad84-5d3d163e3ba3","pf-aia-dev","StorageAccounts","Defender for Storage","HIGH","Free","/subscriptions/1b038d14-5235-4df7-ad84-5d3d163e3ba3/resourceGroups/rg-pf-aia-dev/providers/Microsoft.Storage/storageAccounts/stpfpfgaiadfunctions001","stpfpfgaiadfunctions001","Microsoft.Storage/storageAccounts","rg-pf-aia-dev","westeurope","BUPF=BU03903U;PF_APPLI=AZURE OPEN AI;PF_COMPOSANT=mutualise;PF_ENV=developpement;PF_POLE=SDI","PlanDisabled|Free","2026-04-14 16:15:18"
"1b038d14-5235-4df7-ad84-5d3d163e3ba3","pf-aia-dev","StorageAccounts","Defender for Storage","HIGH","Free","/subscriptions/1b038d14-5235-4df7-ad84-5d3d163e3ba3/resourceGroups/rg-pf-aia-stg-chatbot/providers/Microsoft.Storage/storageAccounts/stpfpfgaiastgchatbotkb","stpfpfgaiastgchatbotkb","Microsoft.Storage/storageAccounts","rg-pf-aia-stg-chatbot","westeurope","BUPF=BU03903U;PF_APPLI=AZURE OPEN AI;PF_COMPOSANT=mutualise;PF_ENV=developpement;PF_POLE=SDI;Backup=false","PlanDisabled|Free","2026-04-14 16:15:18"
"1b038d14-5235-4df7-ad84-5d3d163e3ba3","pf-aia-dev","StorageAccounts","Defender for Storage","HIGH","Free","/subscriptions/1b038d14-5235-4df7-ad84-5d3d163e3ba3/resourceGroups/rg-pf-aia-stg-chatbot/providers/Microsoft.Storage/storageAccounts/stpfpfgaiasfunctions001","stpfpfgaiasfunctions001","Microsoft.Storage/storageAccounts","rg-pf-aia-stg-chatbot","westeurope","BUPF=BU03903U;PF_APPLI=AZURE OPEN AI;PF_COMPOSANT=mutualise;PF_ENV=developpement;PF_POLE=SDI","PlanDisabled|Free","2026-04-14 16:15:18"
"1b038d14-5235-4df7-ad84-5d3d163e3ba3","pf-aia-dev","StorageAccounts","Defender for Storage","HIGH","Free","/subscriptions/1b038d14-5235-4df7-ad84-5d3d163e3ba3/resourceGroups/rg-pf-aia-mistralnemo-dev/providers/Microsoft.Storage/storageAccounts/stdzieliraad731113204607","stdzieliraad731113204607","Microsoft.Storage/storageAccounts","rg-pf-aia-mistralnemo-dev","swedencentral","BUPF=BU03903U;PF_APPLI=AZURE OPEN AI;PF_COMPOSANT=mutualise;PF_ENV=developpement;PF_POLE=SDI","PlanDisabled|Free","2026-04-14 16:15:18"
"1b038d14-5235-4df7-ad84-5d3d163e3ba3","pf-aia-dev","StorageAccounts","Defender for Storage","HIGH","Free","/subscriptions/1b038d14-5235-4df7-ad84-5d3d163e3ba3/resourceGroups/rg-pf-aia-mistrallarge2407-dev/providers/Microsoft.Storage/storageAccounts/stmistrallar414048832088","stmistrallar414048832088","Microsoft.Storage/storageAccounts","rg-pf-aia-mistrallarge2407-dev","swedencentral","BUPF=BU03903U;PF_APPLI=AZURE OPEN AI;PF_COMPOSANT=mutualise;PF_ENV=developpement;PF_POLE=SDI","PlanDisabled|Free","2026-04-14 16:15:18"
"1b038d14-5235-4df7-ad84-5d3d163e3ba3","pf-aia-dev","StorageAccounts","Defender for Storage","HIGH","Free","/subscriptions/1b038d14-5235-4df7-ad84-5d3d163e3ba3/resourceGroups/rg-pf-aia-mistralocr2503-dev/providers/Microsoft.Storage/storageAccounts/stmistralocr164519784807","stmistralocr164519784807","Microsoft.Storage/storageAccounts","rg-pf-aia-mistralocr2503-dev","swedencentral","BUPF=BU03903U;PF_APPLI=AZURE OPEN AI;PF_COMPOSANT=mutualise;PF_ENV=developpement;PF_POLE=SDI","PlanDisabled|Free","2026-04-14 16:15:18"
"1b038d14-5235-4df7-ad84-5d3d163e3ba3","pf-aia-dev","AppServices","Defender for App Service","HIGH","Free","/subscriptions/1b038d14-5235-4df7-ad84-5d3d163e3ba3/resourceGroups/rg-pf-aia-dev/providers/Microsoft.Web/sites/wapppfgaiadback1","wapppfgaiadback1","Microsoft.Web/sites","rg-pf-aia-dev","westeurope","BUPF=BU03903U;PF_APPLI=AZURE OPEN AI;PF_COMPOSANT=mutualise;PF_ENV=developpement;PF_POLE=SDI;hidden-link: /app-insights-resource-id=/subscriptions/1b038d14-5235-4df7-ad84-5d3d163e3ba3/resourceGroups/rg-pf-aia-dev/providers/microsoft.insights/components/ai-wapppfgaiadback1;hidden-link: /app-insights-instrumentation-key=ed41ff77-b6bf-4100-95b7-df9118c37f30;hidden-link: /app-insights-conn-string=InstrumentationKey=ed41ff77-b6bf-4100-95b7-df9118c37f30;IngestionEndpoint=https://westeurope-5.in.applicationinsights.azure.com/;LiveEndpoint=https://westeurope.livediagnostics.monitor.azure.com/;ApplicationId=1de3d813-c308-4db5-8ef3-dec8409f70bc","PlanDisabled|Free","2026-04-14 16:15:18"
"1b038d14-5235-4df7-ad84-5d3d163e3ba3","pf-aia-dev","AppServices","Defender for App Service","HIGH","Free","/subscriptions/1b038d14-5235-4df7-ad84-5d3d163e3ba3/resourceGroups/rg-pf-aia-dev/providers/Microsoft.Web/sites/wapppfgaiadfront1","wapppfgaiadfront1","Microsoft.Web/sites","rg-pf-aia-dev","westeurope","BUPF=BU03903U;PF_APPLI=AZURE OPEN AI;PF_COMPOSANT=mutualise;PF_ENV=developpement;PF_POLE=SDI","PlanDisabled|Free","2026-04-14 16:15:18"
"1b038d14-5235-4df7-ad84-5d3d163e3ba3","pf-aia-dev","AppServices","Defender for App Service","HIGH","Free","/subscriptions/1b038d14-5235-4df7-ad84-5d3d163e3ba3/resourceGroups/rg-pf-aia-dev/providers/Microsoft.Web/sites/wap-ppfg-chatbot-d-back","wap-ppfg-chatbot-d-back","Microsoft.Web/sites","rg-pf-aia-dev","westeurope","BUPF=BU03903U;PF_APPLI=AZURE OPEN AI;PF_COMPOSANT=mutualise;PF_ENV=developpement;PF_POLE=SDI;hidden-link: /app-insights-resource-id=/subscriptions/1b038d14-5235-4df7-ad84-5d3d163e3ba3/resourceGroups/rg-pf-aia-dev-chatbot/providers/microsoft.insights/components/appins-pf-aia-d-chatbot-wapps","PlanDisabled|Free","2026-04-14 16:15:18"
"1b038d14-5235-4df7-ad84-5d3d163e3ba3","pf-aia-dev","AppServices","Defender for App Service","HIGH","Free","/subscriptions/1b038d14-5235-4df7-ad84-5d3d163e3ba3/resourceGroups/rg-pf-aia-dev-iarest/providers/Microsoft.Web/sites/wapp-pfg-iagenrest-d-api","wapp-pfg-iagenrest-d-api","Microsoft.Web/sites","rg-pf-aia-dev-iarest","westeurope","BUPF=BU03903U;PF_APPLI=AZURE OPEN AI;PF_COMPOSANT=mutualise;PF_ENV=developpement;PF_POLE=SDI","PlanDisabled|Free","2026-04-14 16:15:18"
"1b038d14-5235-4df7-ad84-5d3d163e3ba3","pf-aia-dev","AppServices","Defender for App Service","HIGH","Free","/subscriptions/1b038d14-5235-4df7-ad84-5d3d163e3ba3/resourceGroups/rg-pf-aia-dev/providers/Microsoft.Web/sites/fapp-pfg-aia-dev-plaiground","fapp-pfg-aia-dev-plaiground","Microsoft.Web/sites","rg-pf-aia-dev","westeurope","hidden-link: /app-insights-resource-id=/subscriptions/1b038d14-5235-4df7-ad84-5d3d163e3ba3/resourceGroups/rg-pf-aia-dev-chatbot/providers/microsoft.insights/components/fapp-pfg-aia-dev-chatbotkb;BUPF=BU03903U;PF_APPLI=AZURE OPEN AI;PF_COMPOSANT=mutualise;PF_ENV=developpement;PF_POLE=SDI;hidden-link: /app-insights-instrumentation-key=3c175ddf-1fee-483c-a199-140a086f0140;hidden-link: /app-insights-conn-string=InstrumentationKey=3c175ddf-1fee-483c-a199-140a086f0140;IngestionEndpoint=https://westeurope-5.in.applicationinsights.azure.com/;LiveEndpoint=https://westeurope.livediagnostics.monitor.azure.com/;ApplicationId=d73c15b3-8f0f-439f-8446-9bacb199ae22","PlanDisabled|Free","2026-04-14 16:15:18"
"1b038d14-5235-4df7-ad84-5d3d163e3ba3","pf-aia-dev","AppServices","Defender for App Service","HIGH","Free","/subscriptions/1b038d14-5235-4df7-ad84-5d3d163e3ba3/resourceGroups/rg-pf-aia-dev-chatbot/providers/Microsoft.Web/sites/fapp-pfg-aia-dev-chatbotkb","fapp-pfg-aia-dev-chatbotkb","Microsoft.Web/sites","rg-pf-aia-dev-chatbot","westeurope","hidden-link: /app-insights-resource-id=/subscriptions/1b038d14-5235-4df7-ad84-5d3d163e3ba3/resourceGroups/rg-pf-aia-dev-chatbot/providers/microsoft.insights/components/fapp-pfg-aia-dev-chatbotkb;BUPF=BU03903U;PF_APPLI=AZURE OPEN AI;PF_COMPOSANT=mutualise;PF_ENV=developpement;PF_POLE=SDI;hidden-link: /app-insights-instrumentation-key=3c175ddf-1fee-483c-a199-140a086f0140;hidden-link: /app-insights-conn-string=InstrumentationKey=3c175ddf-1fee-483c-a199-140a086f0140;IngestionEndpoint=https://westeurope-5.in.applicationinsights.azure.com/;LiveEndpoint=https://westeurope.livediagnostics.monitor.azure.com/;ApplicationId=d73c15b3-8f0f-439f-8446-9bacb199ae22","PlanDisabled|Free","2026-04-14 16:15:18"
"1b038d14-5235-4df7-ad84-5d3d163e3ba3","pf-aia-dev","AppServices","Defender for App Service","HIGH","Free","/subscriptions/1b038d14-5235-4df7-ad84-5d3d163e3ba3/resourceGroups/rg-pf-aia-stg-iarest/providers/Microsoft.Web/sites/wapp-pfg-iagenrest-s-api","wapp-pfg-iagenrest-s-api","Microsoft.Web/sites","rg-pf-aia-stg-iarest","westeurope","BUPF=BU03903U;PF_APPLI=AZURE OPEN AI;PF_COMPOSANT=mutualise;PF_ENV=developpement;PF_POLE=SDI","PlanDisabled|Free","2026-04-14 16:15:18"
"1b038d14-5235-4df7-ad84-5d3d163e3ba3","pf-aia-dev","AppServices","Defender for App Service","HIGH","Free","/subscriptions/1b038d14-5235-4df7-ad84-5d3d163e3ba3/resourceGroups/rg-pf-aia-stg-chatbot/providers/Microsoft.Web/sites/wapp-pfg-chatbot-s-back","wapp-pfg-chatbot-s-back","Microsoft.Web/sites","rg-pf-aia-stg-chatbot","westeurope","BUPF=BU03903U;PF_APPLI=AZURE OPEN AI;PF_COMPOSANT=mutualise;PF_ENV=developpement;PF_POLE=SDI;hidden-link: /app-insights-resource-id=/subscriptions/1b038d14-5235-4df7-ad84-5d3d163e3ba3/resourceGroups/rg-pf-aia-stg-chatbot/providers/microsoft.insights/components/appins-pf-aia-s-chatbot-wapps;hidden-link: /app-insights-instrumentation-key=3c175ddf-1fee-483c-a199-140a086f0140;hidden-link: /app-insights-conn-string=InstrumentationKey=3c175ddf-1fee-483c-a199-140a086f0140;IngestionEndpoint=https://westeurope-5.in.applicationinsights.azure.com/;LiveEndpoint=https://westeurope.livediagnostics.monitor.azure.com/;ApplicationId=d73c15b3-8f0f-439f-8446-9bacb199ae22","PlanDisabled|Free","2026-04-14 16:15:18"
"1b038d14-5235-4df7-ad84-5d3d163e3ba3","pf-aia-dev","AppServices","Defender for App Service","HIGH","Free","/subscriptions/1b038d14-5235-4df7-ad84-5d3d163e3ba3/resourceGroups/rg-pf-aia-stg-chatbot/providers/Microsoft.Web/sites/fapp-pfg-aia-stg-chatbotkb","fapp-pfg-aia-stg-chatbotkb","Microsoft.Web/sites","rg-pf-aia-stg-chatbot","westeurope","BUPF=BU03903U;PF_APPLI=AZURE OPEN AI;PF_COMPOSANT=mutualise;PF_ENV=developpement;PF_POLE=SDI;hidden-link: /app-insights-resource-id=/subscriptions/1b038d14-5235-4df7-ad84-5d3d163e3ba3/resourceGroups/rg-pf-aia-stg-chatbot/providers/microsoft.insights/components/fapp-pfg-aia-stg-chatbotkb;hidden-link: /app-insights-instrumentation-key=d8fb8032-f3d7-46a4-81be-8e05fceb41a1;hidden-link: /app-insights-conn-string=InstrumentationKey=d8fb8032-f3d7-46a4-81be-8e05fceb41a1;IngestionEndpoint=https://westeurope-5.in.applicationinsights.azure.com/;LiveEndpoint=https://westeurope.livediagnostics.monitor.azure.com/;ApplicationId=4d7093c5-ee15-4fef-8b81-21db5316c00b","PlanDisabled|Free","2026-04-14 16:15:18"
"1b038d14-5235-4df7-ad84-5d3d163e3ba3","pf-aia-dev","KeyVaults","Defender for Key Vault","HIGH","Free","/subscriptions/1b038d14-5235-4df7-ad84-5d3d163e3ba3/resourceGroups/rg-pf-aia-mistralnemo-dev/providers/Microsoft.KeyVault/vaults/kv-dzielira731113204607","kv-dzielira731113204607","Microsoft.KeyVault/vaults","rg-pf-aia-mistralnemo-dev","swedencentral","BUPF=BU03903U;PF_APPLI=AZURE OPEN AI;PF_COMPOSANT=mutualise;PF_ENV=developpement;PF_POLE=SDI","PlanDisabled|Free","2026-04-14 16:15:18"
"1b038d14-5235-4df7-ad84-5d3d163e3ba3","pf-aia-dev","KeyVaults","Defender for Key Vault","HIGH","Free","/subscriptions/1b038d14-5235-4df7-ad84-5d3d163e3ba3/resourceGroups/rg-pf-aia-mistrallarge2407-dev/providers/Microsoft.KeyVault/vaults/kv-mistrall414048832088","kv-mistrall414048832088","Microsoft.KeyVault/vaults","rg-pf-aia-mistrallarge2407-dev","swedencentral","BUPF=BU03903U;PF_APPLI=AZURE OPEN AI;PF_COMPOSANT=mutualise;PF_ENV=developpement;PF_POLE=SDI","PlanDisabled|Free","2026-04-14 16:15:18"
"1b038d14-5235-4df7-ad84-5d3d163e3ba3","pf-aia-dev","KeyVaults","Defender for Key Vault","HIGH","Free","/subscriptions/1b038d14-5235-4df7-ad84-5d3d163e3ba3/resourceGroups/rg-pf-aia-mistralocr2503-dev/providers/Microsoft.KeyVault/vaults/kv-mistralo164519784807","kv-mistralo164519784807","Microsoft.KeyVault/vaults","rg-pf-aia-mistralocr2503-dev","swedencentral","BUPF=BU03903U;PF_APPLI=AZURE OPEN AI;PF_COMPOSANT=mutualise;PF_ENV=developpement;PF_POLE=SDI","PlanDisabled|Free","2026-04-14 16:15:18"
"1b038d14-5235-4df7-ad84-5d3d163e3ba3","pf-aia-dev","CosmosDbs","Defender for Cosmos DB","HIGH","Free","/subscriptions/1b038d14-5235-4df7-ad84-5d3d163e3ba3/resourceGroups/rg-pf-aia-dev/providers/Microsoft.DocumentDb/databaseAccounts/cosmos-pfg-aia-d-conv-nosql","cosmos-pfg-aia-d-conv-nosql","Microsoft.DocumentDb/databaseAccounts","rg-pf-aia-dev","westeurope","defaultExperience=Core (SQL);hidden-cosmos-mmspecial=;BUPF=BU03903U;PF_APPLI=AZURE OPEN AI;PF_COMPOSANT=mutualise;PF_ENV=developpement;PF_POLE=SDI","PlanDisabled|Free","2026-04-14 16:15:18"
"1b038d14-5235-4df7-ad84-5d3d163e3ba3","pf-aia-dev","CosmosDbs","Defender for Cosmos DB","HIGH","Free","/subscriptions/1b038d14-5235-4df7-ad84-5d3d163e3ba3/resourceGroups/rg-pf-aia-dev/providers/Microsoft.DocumentDb/databaseAccounts/cosmos-pfg-chatbot-d-back","cosmos-pfg-chatbot-d-back","Microsoft.DocumentDb/databaseAccounts","rg-pf-aia-dev","westeurope","defaultExperience=Azure Cosmos DB for MongoDB API;hidden-cosmos-mmspecial=;BUPF=BU03903U;PF_APPLI=AZURE OPEN AI;PF_COMPOSANT=mutualise;PF_ENV=developpement;PF_POLE=SDI","PlanDisabled|Free","2026-04-14 16:15:18"
"1b038d14-5235-4df7-ad84-5d3d163e3ba3","pf-aia-dev","CosmosDbs","Defender for Cosmos DB","HIGH","Free","/subscriptions/1b038d14-5235-4df7-ad84-5d3d163e3ba3/resourceGroups/rg-pf-aia-dev-iarest/providers/Microsoft.DocumentDb/databaseAccounts/cosmos-pfg-iagenrest-d-api","cosmos-pfg-iagenrest-d-api","Microsoft.DocumentDb/databaseAccounts","rg-pf-aia-dev-iarest","westeurope","defaultExperience=Azure Cosmos DB for MongoDB API;hidden-cosmos-mmspecial=;BUPF=BU03903U;PF_APPLI=AZURE OPEN AI;PF_COMPOSANT=mutualise;PF_ENV=developpement;PF_POLE=SDI","PlanDisabled|Free","2026-04-14 16:15:18"
"1b038d14-5235-4df7-ad84-5d3d163e3ba3","pf-aia-dev","CosmosDbs","Defender for Cosmos DB","HIGH","Free","/subscriptions/1b038d14-5235-4df7-ad84-5d3d163e3ba3/resourceGroups/rg-pf-aia-stg-iarest/providers/Microsoft.DocumentDb/databaseAccounts/cosmos-pfg-iagenrest-s-api","cosmos-pfg-iagenrest-s-api","Microsoft.DocumentDb/databaseAccounts","rg-pf-aia-stg-iarest","westeurope","defaultExperience=Azure Cosmos DB for MongoDB API;hidden-workload-type=Development/Testing;hidden-cosmos-mmspecial=;BUPF=BU03903U;PF_APPLI=AZURE OPEN AI;PF_COMPOSANT=mutualise;PF_ENV=developpement;PF_POLE=SDI","PlanDisabled|Free","2026-04-14 16:15:18"
"1b038d14-5235-4df7-ad84-5d3d163e3ba3","pf-aia-dev","CosmosDbs","Defender for Cosmos DB","HIGH","Free","/subscriptions/1b038d14-5235-4df7-ad84-5d3d163e3ba3/resourceGroups/rg-pf-aia-stg-chatbot/providers/Microsoft.DocumentDb/databaseAccounts/cosmos-pfg-chatbot-s-back","cosmos-pfg-chatbot-s-back","Microsoft.DocumentDb/databaseAccounts","rg-pf-aia-stg-chatbot","westeurope","defaultExperience=Azure Cosmos DB for MongoDB API;hidden-cosmos-mmspecial=;BUPF=BU03903U;PF_APPLI=AZURE OPEN AI;PF_COMPOSANT=mutualise;PF_ENV=developpement;PF_POLE=SDI","PlanDisabled|Free","2026-04-14 16:15:18"
"1b038d14-5235-4df7-ad84-5d3d163e3ba3","pf-aia-dev","Arm","Defender for Resource Manager","MEDIUM","Free","SubscriptionLevel","N/A","N/A","N/A","N/A","","PlanDisabled|Free","2026-04-14 16:15:18"
"49e146ac-f646-4ff3-8624-157c29368fbf","pf-aia-prd","StorageAccounts","Defender for Storage","HIGH","Free","/subscriptions/49e146ac-f646-4ff3-8624-157c29368fbf/resourceGroups/rg-pf-aia-prd/providers/Microsoft.Storage/storageAccounts/stszpfgaiapstorage","stszpfgaiapstorage","Microsoft.Storage/storageAccounts","rg-pf-aia-prd","westeurope","PF_COMPOSANT=mutualise;PF_ENV=production;PF_APPLI=AZURE OPEN AI;BUPF=BU03903U;PF_POLE=SDI","PlanDisabled|Free","2026-04-14 16:15:18"
"49e146ac-f646-4ff3-8624-157c29368fbf","pf-aia-prd","StorageAccounts","Defender for Storage","HIGH","Free","/subscriptions/49e146ac-f646-4ff3-8624-157c29368fbf/resourceGroups/rg-pf-aia-prd-chatbot/providers/Microsoft.Storage/storageAccounts/stpfpfgaiaprdchatbotkb","stpfpfgaiaprdchatbotkb","Microsoft.Storage/storageAccounts","rg-pf-aia-prd-chatbot","westeurope","BUPF=BU03903U;PF_APPLI=AZURE OPEN AI;PF_COMPOSANT=mutualise;PF_ENV=developpement;PF_POLE=SDI;Backup=false","PlanDisabled|Free","2026-04-14 16:15:18"
"49e146ac-f646-4ff3-8624-157c29368fbf","pf-aia-prd","StorageAccounts","Defender for Storage","HIGH","Free","/subscriptions/49e146ac-f646-4ff3-8624-157c29368fbf/resourceGroups/rg-pf-aia-prd-chatbot/providers/Microsoft.Storage/storageAccounts/stpfpfgaiapfunctions001","stpfpfgaiapfunctions001","Microsoft.Storage/storageAccounts","rg-pf-aia-prd-chatbot","westeurope","BUPF=BU03903U;PF_APPLI=AZURE OPEN AI;PF_COMPOSANT=mutualise;PF_ENV=production;PF_POLE=SDI","PlanDisabled|Free","2026-04-14 16:15:18"
"49e146ac-f646-4ff3-8624-157c29368fbf","pf-aia-prd","StorageAccounts","Defender for Storage","HIGH","Free","/subscriptions/49e146ac-f646-4ff3-8624-157c29368fbf/resourceGroups/rg-pf-aia-mistrallarge2407-prd/providers/Microsoft.Storage/storageAccounts/stmistrallar779377617422","stmistrallar779377617422","Microsoft.Storage/storageAccounts","rg-pf-aia-mistrallarge2407-prd","swedencentral","BUPF=BU03903U;PF_APPLI=AZURE OPEN AI;PF_COMPOSANT=mutualise;PF_ENV=production;PF_POLE=SDI","PlanDisabled|Free","2026-04-14 16:15:18"
"49e146ac-f646-4ff3-8624-157c29368fbf","pf-aia-prd","StorageAccounts","Defender for Storage","HIGH","Free","/subscriptions/49e146ac-f646-4ff3-8624-157c29368fbf/resourceGroups/rg-pf-aia-mistralnemo-prd/providers/Microsoft.Storage/storageAccounts/stmistralnem545871410214","stmistralnem545871410214","Microsoft.Storage/storageAccounts","rg-pf-aia-mistralnemo-prd","swedencentral","BUPF=BU03903U;PF_APPLI=AZURE OPEN AI;PF_COMPOSANT=mutualise;PF_ENV=production;PF_POLE=SDI","PlanDisabled|Free","2026-04-14 16:15:18"
"49e146ac-f646-4ff3-8624-157c29368fbf","pf-aia-prd","StorageAccounts","Defender for Storage","HIGH","Free","/subscriptions/49e146ac-f646-4ff3-8624-157c29368fbf/resourceGroups/rg-pf-aia-mistralocr2503-prd/providers/Microsoft.Storage/storageAccounts/stmistralocr132770404601","stmistralocr132770404601","Microsoft.Storage/storageAccounts","rg-pf-aia-mistralocr2503-prd","swedencentral","BUPF=BU03903U;PF_APPLI=AZURE OPEN AI;PF_COMPOSANT=mutualise;PF_ENV=production;PF_POLE=SDI","PlanDisabled|Free","2026-04-14 16:15:18"
"49e146ac-f646-4ff3-8624-157c29368fbf","pf-aia-prd","AppServices","Defender for App Service","HIGH","Free","/subscriptions/49e146ac-f646-4ff3-8624-157c29368fbf/resourceGroups/rg-pf-aia-prd/providers/Microsoft.Web/sites/wapppfgaiapback","wapppfgaiapback","Microsoft.Web/sites","rg-pf-aia-prd","westeurope","PF_COMPOSANT=mutualise;BUPF=BU03903U;PF_APPLI=AZURE OPEN AI;PF_ENV=production;PF_POLE=SDI;hidden-link: /app-insights-resource-id=/subscriptions/49e146ac-f646-4ff3-8624-157c29368fbf/resourceGroups/rg-pf-aia-prd/providers/microsoft.insights/components/ai-pfg-aia-p-apps;hidden-link: /app-insights-instrumentation-key=7e9283e7-aae4-43b4-b267-552fafa8b18a;hidden-link: /app-insights-conn-string=InstrumentationKey=7e9283e7-aae4-43b4-b267-552fafa8b18a;IngestionEndpoint=https://westeurope-5.in.applicationinsights.azure.com/;LiveEndpoint=https://westeurope.livediagnostics.monitor.azure.com/;ApplicationId=53b0faef-c8f2-49fc-b53e-d58f0b2ab34f","PlanDisabled|Free","2026-04-14 16:15:18"
"49e146ac-f646-4ff3-8624-157c29368fbf","pf-aia-prd","AppServices","Defender for App Service","HIGH","Free","/subscriptions/49e146ac-f646-4ff3-8624-157c29368fbf/resourceGroups/rg-pf-aia-prd/providers/Microsoft.Web/sites/wapppfgaiapfront","wapppfgaiapfront","Microsoft.Web/sites","rg-pf-aia-prd","westeurope","PF_COMPOSANT=mutualise;PF_ENV=production;PF_APPLI=AZURE OPEN AI;BUPF=BU03903U;PF_POLE=SDI;hidden-link: /app-insights-resource-id=/subscriptions/49e146ac-f646-4ff3-8624-157c29368fbf/resourceGroups/rg-pf-aia-prd/providers/microsoft.insights/components/ai-pfg-aia-p-apps;hidden-link: /app-insights-instrumentation-key=7e9283e7-aae4-43b4-b267-552fafa8b18a;hidden-link: /app-insights-conn-string=InstrumentationKey=7e9283e7-aae4-43b4-b267-552fafa8b18a;IngestionEndpoint=https://westeurope-5.in.applicationinsights.azure.com/;LiveEndpoint=https://westeurope.livediagnostics.monitor.azure.com/;ApplicationId=53b0faef-c8f2-49fc-b53e-d58f0b2ab34f","PlanDisabled|Free","2026-04-14 16:15:18"
"49e146ac-f646-4ff3-8624-157c29368fbf","pf-aia-prd","AppServices","Defender for App Service","HIGH","Free","/subscriptions/49e146ac-f646-4ff3-8624-157c29368fbf/resourceGroups/rg-pf-aia-prd-chatbot/providers/Microsoft.Web/sites/fapp-pfg-aia-prd-chatbotkb","fapp-pfg-aia-prd-chatbotkb","Microsoft.Web/sites","rg-pf-aia-prd-chatbot","westeurope","hidden-link: /app-insights-resource-id=/subscriptions/49e146ac-f646-4ff3-8624-157c29368fbf/resourceGroups/rg-pf-aia-prd/providers/microsoft.insights/components/ai-pfg-aia-p-apps;BUPF=BU03903U;PF_APPLI=AZURE OPEN AI;PF_COMPOSANT=mutualise;PF_ENV=production;PF_POLE=SDI;hidden-link: /app-insights-instrumentation-key=7e9283e7-aae4-43b4-b267-552fafa8b18a;hidden-link: /app-insights-conn-string=InstrumentationKey=7e9283e7-aae4-43b4-b267-552fafa8b18a;IngestionEndpoint=https://westeurope-5.in.applicationinsights.azure.com/;LiveEndpoint=https://westeurope.livediagnostics.monitor.azure.com/;ApplicationId=53b0faef-c8f2-49fc-b53e-d58f0b2ab34f","PlanDisabled|Free","2026-04-14 16:15:18"
"49e146ac-f646-4ff3-8624-157c29368fbf","pf-aia-prd","AppServices","Defender for App Service","HIGH","Free","/subscriptions/49e146ac-f646-4ff3-8624-157c29368fbf/resourceGroups/rg-pf-aia-prd-chatbot/providers/Microsoft.Web/sites/wapp-pfg-chatbot-p-back","wapp-pfg-chatbot-p-back","Microsoft.Web/sites","rg-pf-aia-prd-chatbot","westeurope","BUPF=BU03903U;PF_APPLI=AZURE OPEN AI;PF_COMPOSANT=mutualise;PF_ENV=production;PF_POLE=SDI;hidden-link: /app-insights-resource-id=/subscriptions/49e146ac-f646-4ff3-8624-157c29368fbf/resourceGroups/rg-pf-aia-prd-chatbot/providers/microsoft.insights/components/appins-pf-aia-p-chatbot-wapps;hidden-link: /app-insights-instrumentation-key=7e9283e7-aae4-43b4-b267-552fafa8b18a;hidden-link: /app-insights-conn-string=InstrumentationKey=7e9283e7-aae4-43b4-b267-552fafa8b18a;IngestionEndpoint=https://westeurope-5.in.applicationinsights.azure.com/;LiveEndpoint=https://westeurope.livediagnostics.monitor.azure.com/;ApplicationId=53b0faef-c8f2-49fc-b53e-d58f0b2ab34f","PlanDisabled|Free","2026-04-14 16:15:18"
"49e146ac-f646-4ff3-8624-157c29368fbf","pf-aia-prd","AppServices","Defender for App Service","HIGH","Free","/subscriptions/49e146ac-f646-4ff3-8624-157c29368fbf/resourceGroups/rg-pf-aia-prd/providers/Microsoft.Web/sites/fapp-pfg-aia-prd-plaiground","fapp-pfg-aia-prd-plaiground","Microsoft.Web/sites","rg-pf-aia-prd","westeurope","hidden-link: /app-insights-resource-id=/subscriptions/49e146ac-f646-4ff3-8624-157c29368fbf/resourceGroups/rg-pf-aia-prd/providers/microsoft.insights/components/ai-pfg-aia-p-apps;BUPF=BU03903U;PF_APPLI=AZURE OPEN AI;PF_COMPOSANT=mutualise;PF_ENV=production;PF_POLE=SDI","PlanDisabled|Free","2026-04-14 16:15:18"
"49e146ac-f646-4ff3-8624-157c29368fbf","pf-aia-prd","AppServices","Defender for App Service","HIGH","Free","/subscriptions/49e146ac-f646-4ff3-8624-157c29368fbf/resourceGroups/rg-pf-aia-prd-iarest/providers/Microsoft.Web/sites/wapp-pfg-iagenrest-p-api","wapp-pfg-iagenrest-p-api","Microsoft.Web/sites","rg-pf-aia-prd-iarest","westeurope","BUPF=BU03903U;PF_APPLI=AZURE OPEN AI;PF_COMPOSANT=mutualise;PF_ENV=production;PF_POLE=SDI;hidden-link: /app-insights-resource-id=/subscriptions/49e146ac-f646-4ff3-8624-157c29368fbf/resourceGroups/rg-pf-aia-prd/providers/microsoft.insights/components/ai-pfg-aia-p-apps;hidden-link: /app-insights-instrumentation-key=7e9283e7-aae4-43b4-b267-552fafa8b18a;hidden-link: /app-insights-conn-string=InstrumentationKey=7e9283e7-aae4-43b4-b267-552fafa8b18a;IngestionEndpoint=https://westeurope-5.in.applicationinsights.azure.com/;LiveEndpoint=https://westeurope.livediagnostics.monitor.azure.com/;ApplicationId=53b0faef-c8f2-49fc-b53e-d58f0b2ab34f","PlanDisabled|Free","2026-04-14 16:15:18"
"49e146ac-f646-4ff3-8624-157c29368fbf","pf-aia-prd","KeyVaults","Defender for Key Vault","HIGH","Free","/subscriptions/49e146ac-f646-4ff3-8624-157c29368fbf/resourceGroups/rg-pf-aia-mistrallarge2407-prd/providers/Microsoft.KeyVault/vaults/kv-mistrall779377617422","kv-mistrall779377617422","Microsoft.KeyVault/vaults","rg-pf-aia-mistrallarge2407-prd","swedencentral","BUPF=BU03903U;PF_APPLI=AZURE OPEN AI;PF_COMPOSANT=mutualise;PF_ENV=production;PF_POLE=SDI","PlanDisabled|Free","2026-04-14 16:15:18"
"49e146ac-f646-4ff3-8624-157c29368fbf","pf-aia-prd","KeyVaults","Defender for Key Vault","HIGH","Free","/subscriptions/49e146ac-f646-4ff3-8624-157c29368fbf/resourceGroups/rg-pf-aia-mistralnemo-prd/providers/Microsoft.KeyVault/vaults/kv-mistraln545871410214","kv-mistraln545871410214","Microsoft.KeyVault/vaults","rg-pf-aia-mistralnemo-prd","swedencentral","BUPF=BU03903U;PF_APPLI=AZURE OPEN AI;PF_COMPOSANT=mutualise;PF_ENV=production;PF_POLE=SDI","PlanDisabled|Free","2026-04-14 16:15:18"
"49e146ac-f646-4ff3-8624-157c29368fbf","pf-aia-prd","KeyVaults","Defender for Key Vault","HIGH","Free","/subscriptions/49e146ac-f646-4ff3-8624-157c29368fbf/resourceGroups/rg-pf-aia-mistralocr2503-prd/providers/Microsoft.KeyVault/vaults/kv-mistralo132770404601","kv-mistralo132770404601","Microsoft.KeyVault/vaults","rg-pf-aia-mistralocr2503-prd","swedencentral","BUPF=BU03903U;PF_APPLI=AZURE OPEN AI;PF_COMPOSANT=mutualise;PF_ENV=production;PF_POLE=SDI","PlanDisabled|Free","2026-04-14 16:15:18"
"49e146ac-f646-4ff3-8624-157c29368fbf","pf-aia-prd","CosmosDbs","Defender for Cosmos DB","HIGH","Free","/subscriptions/49e146ac-f646-4ff3-8624-157c29368fbf/resourceGroups/rg-pf-aia-prd/providers/Microsoft.DocumentDb/databaseAccounts/cosmos-pfg-aia-p-conv-nosql","cosmos-pfg-aia-p-conv-nosql","Microsoft.DocumentDb/databaseAccounts","rg-pf-aia-prd","westeurope","defaultExperience=Core (SQL);hidden-cosmos-mmspecial=;PF_COMPOSANT=mutualise;BUPF=BU03903U;PF_APPLI=AZURE OPEN AI;PF_ENV=production;PF_POLE=SDI","PlanDisabled|Free","2026-04-14 16:15:18"
"49e146ac-f646-4ff3-8624-157c29368fbf","pf-aia-prd","CosmosDbs","Defender for Cosmos DB","HIGH","Free","/subscriptions/49e146ac-f646-4ff3-8624-157c29368fbf/resourceGroups/rg-pf-aia-prd-chatbot/providers/Microsoft.DocumentDb/databaseAccounts/cosmos-pfg-chatbot-p-back","cosmos-pfg-chatbot-p-back","Microsoft.DocumentDb/databaseAccounts","rg-pf-aia-prd-chatbot","westeurope","defaultExperience=Azure Cosmos DB for MongoDB API;hidden-cosmos-mmspecial=;BUPF=BU03903U;PF_APPLI=AZURE OPEN AI;PF_COMPOSANT=mutualise;PF_ENV=production;PF_POLE=SDI","PlanDisabled|Free","2026-04-14 16:15:18"
"49e146ac-f646-4ff3-8624-157c29368fbf","pf-aia-prd","CosmosDbs","Defender for Cosmos DB","HIGH","Free","/subscriptions/49e146ac-f646-4ff3-8624-157c29368fbf/resourceGroups/rg-pf-aia-prd-iarest/providers/Microsoft.DocumentDb/databaseAccounts/cosmos-pfg-iagenrest-p-api","cosmos-pfg-iagenrest-p-api","Microsoft.DocumentDb/databaseAccounts","rg-pf-aia-prd-iarest","westeurope","defaultExperience=Azure Cosmos DB for MongoDB API;hidden-workload-type=Production;hidden-cosmos-mmspecial=;BUPF=BU03903U;PF_APPLI=AZURE OPEN AI;PF_COMPOSANT=mutualise;PF_ENV=production;PF_POLE=SDI","PlanDisabled|Free","2026-04-14 16:15:18"
"49e146ac-f646-4ff3-8624-157c29368fbf","pf-aia-prd","Arm","Defender for Resource Manager","MEDIUM","Free","SubscriptionLevel","N/A","N/A","N/A","N/A","","PlanDisabled|Free","2026-04-14 16:15:18"
"92ef112c-d661-41cc-b9a6-4b1eb694fb51","pf-alt-prd","VirtualMachines","Defender for Servers","CRITICAL","Free","/subscriptions/2e216032-21d5-4c59-9c12-30c9bdd75fcd/resourceGroups/rg-pf-ata-prd-app-001/providers/Microsoft.Compute/virtualMachines/pfazrvpataapp01","pfazrvpataapp01","Microsoft.Compute/virtualMachines","rg-pf-ata-prd-app-001","westeurope","AtosBackup=Default;BUPF=BU03903U;PF_APPLI=AUTOMATISATION TEST APPLICATIFS;PF_COMPOSANT=mutualise;PF_ENV=production;PF_POLE=ERP","PlanDisabled|Free","2026-04-14 16:15:18"
"92ef112c-d661-41cc-b9a6-4b1eb694fb51","pf-alt-prd","VirtualMachines","Defender for Servers","CRITICAL","Free","/subscriptions/2e216032-21d5-4c59-9c12-30c9bdd75fcd/resourceGroups/rg-pf-ata-prd-agent-sap-001/providers/Microsoft.Compute/virtualMachines/pfazrvpatasap01","pfazrvpatasap01","Microsoft.Compute/virtualMachines","rg-pf-ata-prd-agent-sap-001","westeurope","AtosBackup=Default;BUPF=BU03903U;PF_APPLI=AUTOMATISATION TEST APPLICATIFS;PF_COMPOSANT=mutualise;PF_ENV=production;PF_POLE=ERP","PlanDisabled|Free","2026-04-14 16:15:18"
"92ef112c-d661-41cc-b9a6-4b1eb694fb51","pf-alt-prd","VirtualMachines","Defender for Servers","CRITICAL","Free","/subscriptions/2e216032-21d5-4c59-9c12-30c9bdd75fcd/resourceGroups/RG-PF-ATA-PRD-AGENT-SAP-001/providers/Microsoft.Compute/virtualMachines/pfazrvpatasap05","pfazrvpatasap05","Microsoft.Compute/virtualMachines","RG-PF-ATA-PRD-AGENT-SAP-001","westeurope","AtosBackup=Default;BUPF=BU03903U;PF_APPLI=AUTOMATISATION TEST APPLICATIFS;PF_COMPOSANT=mutualise;PF_ENV=production;PF_POLE=ERP","PlanDisabled|Free","2026-04-14 16:15:18"
"92ef112c-d661-41cc-b9a6-4b1eb694fb51","pf-alt-prd","VirtualMachines","Defender for Servers","CRITICAL","Free","/subscriptions/2e216032-21d5-4c59-9c12-30c9bdd75fcd/resourceGroups/RG-PF-ATA-PRD-AGENT-SAP-001/providers/Microsoft.Compute/virtualMachines/pfazrvpatasap04","pfazrvpatasap04","Microsoft.Compute/virtualMachines","RG-PF-ATA-PRD-AGENT-SAP-001","westeurope","AtosBackup=Default;BUPF=BU03903U;PF_APPLI=AUTOMATISATION TEST APPLICATIFS;PF_COMPOSANT=mutualise;PF_ENV=production;PF_POLE=ERP","PlanDisabled|Free","2026-04-14 16:15:18"
"92ef112c-d661-41cc-b9a6-4b1eb694fb51","pf-alt-prd","VirtualMachines","Defender for Servers","CRITICAL","Free","/subscriptions/2e216032-21d5-4c59-9c12-30c9bdd75fcd/resourceGroups/RG-PF-ATA-PRD-AGENT-SAP-001/providers/Microsoft.Compute/virtualMachines/pfazrvpatasap03","pfazrvpatasap03","Microsoft.Compute/virtualMachines","RG-PF-ATA-PRD-AGENT-SAP-001","westeurope","AtosBackup=Default;BUPF=BU03903U;PF_APPLI=AUTOMATISATION TEST APPLICATIFS;PF_COMPOSANT=mutualise;PF_ENV=production;PF_POLE=ERP","PlanDisabled|Free","2026-04-14 16:15:18"
"92ef112c-d661-41cc-b9a6-4b1eb694fb51","pf-alt-prd","VirtualMachines","Defender for Servers","CRITICAL","Free","/subscriptions/2e216032-21d5-4c59-9c12-30c9bdd75fcd/resourceGroups/RG-PF-ATA-PRD-AGENT-SAP-001/providers/Microsoft.Compute/virtualMachines/pfazrvpatasap02","pfazrvpatasap02","Microsoft.Compute/virtualMachines","RG-PF-ATA-PRD-AGENT-SAP-001","westeurope","AtosBackup=Default;BUPF=BU03903U;PF_APPLI=AUTOMATISATION TEST APPLICATIFS;PF_COMPOSANT=mutualise;PF_ENV=production;PF_POLE=ERP","PlanDisabled|Free","2026-04-14 16:15:18"
"92ef112c-d661-41cc-b9a6-4b1eb694fb51","pf-alt-prd","StorageAccounts","Defender for Storage","HIGH","Free","/subscriptions/2e216032-21d5-4c59-9c12-30c9bdd75fcd/resourceGroups/rg-pf-ata-prd-data-001/providers/Microsoft.Storage/storageAccounts/stpfatapdatas","stpfatapdatas","Microsoft.Storage/storageAccounts","rg-pf-ata-prd-data-001","westeurope","Backup=false;BUPF=BU03903U;PF_APPLI=AUTOMATISATION TEST APPLICATIFS;PF_COMPOSANT=mutualise;PF_ENV=production;PF_POLE=ERP","PlanDisabled|Free","2026-04-14 16:15:18"
"92ef112c-d661-41cc-b9a6-4b1eb694fb51","pf-alt-prd","Arm","Defender for Resource Manager","MEDIUM","Free","SubscriptionLevel","N/A","N/A","N/A","N/A","","PlanDisabled|Free","2026-04-14 16:15:18"
"1ebe6b6f-e6a7-4401-bdf3-7f5b67f02625","pf-apm-poc","Arm","Defender for Resource Manager","MEDIUM","Free","SubscriptionLevel","N/A","N/A","N/A","N/A","","PlanDisabled|Free","2026-04-14 16:15:19"
"2e216032-21d5-4c59-9c12-30c9bdd75fcd","pf-ata-prd","Arm","Defender for Resource Manager","MEDIUM","Free","SubscriptionLevel","N/A","N/A","N/A","N/A","","PlanDisabled|Free","2026-04-14 16:15:19"
"78a6ba6d-01cf-4ff0-b18a-9a447cfa5fc3","pf-ata-stg","Arm","Defender for Resource Manager","MEDIUM","Free","SubscriptionLevel","N/A","N/A","N/A","N/A","","PlanDisabled|Free","2026-04-14 16:15:20"
"40cd83e3-43d0-4a3c-a026-849dfaff9bff","pf-avd-prd","StorageAccounts","Defender for Storage","HIGH","Free","/subscriptions/b69b39fe-f023-4e53-8138-e7b6d1f53a61/resourceGroups/rg-pf-c4r-dev-data-001/providers/Microsoft.Storage/storageAccounts/stpfc4rdc4r001","stpfc4rdc4r001","Microsoft.Storage/storageAccounts","rg-pf-c4r-dev-data-001","westeurope","Backup=false;PF_COMPOSANT=mutualise","PlanDisabled|Free","2026-04-14 16:15:20"
"40cd83e3-43d0-4a3c-a026-849dfaff9bff","pf-avd-prd","AppServices","Defender for App Service","HIGH","Free","/subscriptions/b69b39fe-f023-4e53-8138-e7b6d1f53a61/resourceGroups/rg-pf-c4r-dev-copilot4research-001/providers/Microsoft.Web/sites/wapp-pfg-c4r-d-app","wapp-pfg-c4r-d-app","Microsoft.Web/sites","rg-pf-c4r-dev-copilot4research-001","westeurope","PF_COMPOSANT=mutualise","PlanDisabled|Free","2026-04-14 16:15:20"
"40cd83e3-43d0-4a3c-a026-849dfaff9bff","pf-avd-prd","KeyVaults","Defender for Key Vault","HIGH","Free","/subscriptions/b69b39fe-f023-4e53-8138-e7b6d1f53a61/resourceGroups/rg-pf-c4r-dev-copilot4research-001/providers/Microsoft.KeyVault/vaults/kv-pfg-c4r-d-001","kv-pfg-c4r-d-001","Microsoft.KeyVault/vaults","rg-pf-c4r-dev-copilot4research-001","westeurope","PF_COMPOSANT=mutualise","PlanDisabled|Free","2026-04-14 16:15:20"
"40cd83e3-43d0-4a3c-a026-849dfaff9bff","pf-avd-prd","Arm","Defender for Resource Manager","MEDIUM","Free","SubscriptionLevel","N/A","N/A","N/A","N/A","","PlanDisabled|Free","2026-04-14 16:15:20"
"b69b39fe-f023-4e53-8138-e7b6d1f53a61","pf-c4r-dev","Arm","Defender for Resource Manager","MEDIUM","Free","SubscriptionLevel","N/A","N/A","N/A","N/A","","PlanDisabled|Free","2026-04-14 16:15:21"
"17a37d39-3349-4e22-8f4b-cfd19970fc3e","pf-c4r-prd","Arm","Defender for Resource Manager","MEDIUM","Free","SubscriptionLevel","N/A","N/A","N/A","N/A","","PlanDisabled|Free","2026-04-14 16:15:22"
"1fd75d0f-1229-4b8f-a9ee-235b1fd8ac60","pf-das-stg","SqlServers","Defender for Azure SQL","CRITICAL","Free","/subscriptions/6e48fce0-a84a-4f65-b020-7c16e5a28768/resourceGroups/rg-pf-dmp-dev/providers/Microsoft.Sql/servers/sqlpfgdmpddenodo","sqlpfgdmpddenodo","Microsoft.Sql/servers","rg-pf-dmp-dev","westeurope","ATOS_APPLI=PFDMP;ATOS_BU=PFG;ATOS_CLIENT=PIERRE-FABRE;ATOS_MONITORING=ENABLE;ATOS_ENV=DEV;ATOS_SERVICE=B;BUPF=BU03903U;AtosManaged=true;AddToCmdb=true;PROJETPF=DAIS_DMP;PF_POLE=SDI;PF_APPLI=DATA PLATFORM;PF_COMPOSANT=DENODO;PF_ENV=developpement","PlanDisabled|Free","2026-04-14 16:15:24"
"1fd75d0f-1229-4b8f-a9ee-235b1fd8ac60","pf-das-stg","CosmosDbs","Defender for Cosmos DB","HIGH","Free","/subscriptions/6e48fce0-a84a-4f65-b020-7c16e5a28768/resourceGroups/rg-pf-dmp-dev/providers/Microsoft.DocumentDb/databaseAccounts/cosmos-pfg-dmp-d-back","cosmos-pfg-dmp-d-back","Microsoft.DocumentDb/databaseAccounts","rg-pf-dmp-dev","westeurope","defaultExperience=Azure Cosmos DB for MongoDB API;ATOS_APPLI=DMP;ATOS_BU=PFG;ATOS_CLIENT=PF;ATOS_ENV=DEV;ATOS_MONITORING=DISABLED;hidden-cosmos-mmspecial=;BUPF=BU03903U;AtosManaged=true;PROJETPF=DAIS_DMP;PF_APPLI=DATA PLATFORM;PF_POLE=SDI;PF_ENV=developpement;PF_COMPOSANT=mutualise","PlanDisabled|Free","2026-04-14 16:15:24"
"1fd75d0f-1229-4b8f-a9ee-235b1fd8ac60","pf-das-stg","CosmosDbs","Defender for Cosmos DB","HIGH","Free","/subscriptions/6e48fce0-a84a-4f65-b020-7c16e5a28768/resourceGroups/rg-pf-dmp-dev/providers/Microsoft.DocumentDb/databaseAccounts/cosmos-entra-id-test","cosmos-entra-id-test","Microsoft.DocumentDb/databaseAccounts","rg-pf-dmp-dev","westeurope","defaultExperience=Azure Cosmos DB for MongoDB API;hidden-cosmos-mmspecial=;BUPF=BU03903U;PF_APPLI=DATA PLATFORM;PF_COMPOSANT=mutualise;PF_ENV=developpement;PF_POLE=SDI","PlanDisabled|Free","2026-04-14 16:15:24"
"1fd75d0f-1229-4b8f-a9ee-235b1fd8ac60","pf-das-stg","Arm","Defender for Resource Manager","MEDIUM","Free","SubscriptionLevel","N/A","N/A","N/A","N/A","","PlanDisabled|Free","2026-04-14 16:15:24"
"68bebcc2-b5eb-404a-a1e9-d6d36abc741a","pf-dmp-sandbox2","Arm","Defender for Resource Manager","MEDIUM","Free","SubscriptionLevel","N/A","N/A","N/A","N/A","","PlanDisabled|Free","2026-04-14 16:15:26"
"5a2d34f2-f6cd-401d-b6e8-62115ad56e2c","pf-dmp-sandbox","Arm","Defender for Resource Manager","MEDIUM","Free","SubscriptionLevel","N/A","N/A","N/A","N/A","","PlanDisabled|Free","2026-04-14 16:15:26"
"c56af48b-8b52-4a02-a3e1-6c509322e97c","pf-dt-backup","StorageAccounts","Defender for Storage","HIGH","Free","/subscriptions/2f72d83e-406d-42b4-9ee2-6e39fd9a888e/resourceGroups/rg-pf-dt-management-report/providers/Microsoft.Storage/storageAccounts/stapowerbitst","stapowerbitst","Microsoft.Storage/storageAccounts","rg-pf-dt-management-report","francecentral","PF_COMPOSANT=mutualise","PlanDisabled|Free","2026-04-14 16:15:27"
"c56af48b-8b52-4a02-a3e1-6c509322e97c","pf-dt-backup","StorageAccounts","Defender for Storage","HIGH","Free","/subscriptions/2f72d83e-406d-42b4-9ee2-6e39fd9a888e/resourceGroups/cloud-shell-storage-westeurope/providers/Microsoft.Storage/storageAccounts/csb1003200506e9d0e8","csb1003200506e9d0e8","Microsoft.Storage/storageAccounts","cloud-shell-storage-westeurope","westeurope","ms-resource-usage=azure-cloud-shell;PF_COMPOSANT=mutualise","PlanDisabled|Free","2026-04-14 16:15:27"
"c56af48b-8b52-4a02-a3e1-6c509322e97c","pf-dt-backup","Arm","Defender for Resource Manager","MEDIUM","Free","SubscriptionLevel","N/A","N/A","N/A","N/A","","PlanDisabled|Free","2026-04-14 16:15:27"
"2f72d83e-406d-42b4-9ee2-6e39fd9a888e","pf-dt-management","StorageAccounts","Defender for Storage","HIGH","Free","/subscriptions/2f72d83e-406d-42b4-9ee2-6e39fd9a888e/resourceGroups/rg-pf-dt-management-report/providers/Microsoft.Storage/storageAccounts/stapowerbitst","stapowerbitst","Microsoft.Storage/storageAccounts","rg-pf-dt-management-report","francecentral","PF_COMPOSANT=mutualise","PlanDisabled|Free","2026-04-14 16:15:27"
"2f72d83e-406d-42b4-9ee2-6e39fd9a888e","pf-dt-management","StorageAccounts","Defender for Storage","HIGH","Free","/subscriptions/2f72d83e-406d-42b4-9ee2-6e39fd9a888e/resourceGroups/cloud-shell-storage-westeurope/providers/Microsoft.Storage/storageAccounts/csb1003200506e9d0e8","csb1003200506e9d0e8","Microsoft.Storage/storageAccounts","cloud-shell-storage-westeurope","westeurope","ms-resource-usage=azure-cloud-shell;PF_COMPOSANT=mutualise","PlanDisabled|Free","2026-04-14 16:15:27"
"2f72d83e-406d-42b4-9ee2-6e39fd9a888e","pf-dt-management","Arm","Defender for Resource Manager","MEDIUM","Free","SubscriptionLevel","N/A","N/A","N/A","N/A","","PlanDisabled|Free","2026-04-14 16:15:27"
"74fba874-653c-45de-998a-1848083927da","pf-efm-dev","CosmosDbs","Defender for Cosmos DB","HIGH","Free","/subscriptions/57564d5e-c1a2-4f03-998f-d0812cb2f216/resourceGroups/rg-pf-efm-stg/providers/Microsoft.DocumentDb/databaseAccounts/cosmos-pfg-efm-s-bd","cosmos-pfg-efm-s-bd","Microsoft.DocumentDb/databaseAccounts","rg-pf-efm-stg","westeurope","defaultExperience=Azure Cosmos DB for MongoDB API;hidden-cosmos-mmspecial=;PF_APPLI=MONITORING ESB;PF_COMPOSANT=mutualise;PF_ENV=developpement;PF_POLE=SDI;BUPF=BU03903U","PlanDisabled|Free","2026-04-14 16:15:29"
"74fba874-653c-45de-998a-1848083927da","pf-efm-dev","Arm","Defender for Resource Manager","MEDIUM","Free","SubscriptionLevel","N/A","N/A","N/A","N/A","","PlanDisabled|Free","2026-04-14 16:15:29"
"57564d5e-c1a2-4f03-998f-d0812cb2f216","pf-efm-stg","Arm","Defender for Resource Manager","MEDIUM","Free","SubscriptionLevel","N/A","N/A","N/A","N/A","","PlanDisabled|Free","2026-04-14 16:15:29"
"3f1d5c0e-a268-4bd2-b770-45abb307ec6d","pf-epc-dev","Arm","Defender for Resource Manager","MEDIUM","Free","SubscriptionLevel","N/A","N/A","N/A","N/A","","PlanDisabled|Free","2026-04-14 16:15:30"
"5dae03f6-5b0f-430f-9c28-9aa3aa7de842","pf-epc-prd","Arm","Defender for Resource Manager","MEDIUM","Free","SubscriptionLevel","N/A","N/A","N/A","N/A","","PlanDisabled|Free","2026-04-14 16:15:30"
"f0024e86-aa52-4cc5-b0d2-c428b3582f65","pf-efm-prd","CosmosDbs","Defender for Cosmos DB","HIGH","Free","/subscriptions/57564d5e-c1a2-4f03-998f-d0812cb2f216/resourceGroups/rg-pf-efm-stg/providers/Microsoft.DocumentDb/databaseAccounts/cosmos-pfg-efm-s-bd","cosmos-pfg-efm-s-bd","Microsoft.DocumentDb/databaseAccounts","rg-pf-efm-stg","westeurope","defaultExperience=Azure Cosmos DB for MongoDB API;hidden-cosmos-mmspecial=;PF_APPLI=MONITORING ESB;PF_COMPOSANT=mutualise;PF_ENV=developpement;PF_POLE=SDI;BUPF=BU03903U","PlanDisabled|Free","2026-04-14 16:15:29"
"f0024e86-aa52-4cc5-b0d2-c428b3582f65","pf-efm-prd","Arm","Defender for Resource Manager","MEDIUM","Free","SubscriptionLevel","N/A","N/A","N/A","N/A","","PlanDisabled|Free","2026-04-14 16:15:29"
"cdc66231-3fb8-45f4-96d2-e5f1e85b57c2","pf-era-dev","StorageAccounts","Defender for Storage","HIGH","Free","/subscriptions/22a09ad9-4906-4ed9-8137-7be5d235a1f5/resourceGroups/rg-pf-era-stg-data-001/providers/Microsoft.Storage/storageAccounts/stpferasera001","stpferasera001","Microsoft.Storage/storageAccounts","rg-pf-era-stg-data-001","westeurope","Backup=false;PF_COMPOSANT=mutualise","PlanDisabled|Free","2026-04-14 16:15:31"
"cdc66231-3fb8-45f4-96d2-e5f1e85b57c2","pf-era-dev","Arm","Defender for Resource Manager","MEDIUM","Free","SubscriptionLevel","N/A","N/A","N/A","N/A","","PlanDisabled|Free","2026-04-14 16:15:31"
"22a09ad9-4906-4ed9-8137-7be5d235a1f5","pf-era-stg","StorageAccounts","Defender for Storage","HIGH","Free","/subscriptions/e88909b8-668b-488b-a6f9-94ac599a8894/resourceGroups/rg-pf-era-prd-data-001/providers/Microsoft.Storage/storageAccounts/stpferapera001","stpferapera001","Microsoft.Storage/storageAccounts","rg-pf-era-prd-data-001","westeurope","Backup=false;PF_COMPOSANT=mutualise","PlanDisabled|Free","2026-04-14 16:15:31"
"22a09ad9-4906-4ed9-8137-7be5d235a1f5","pf-era-stg","Arm","Defender for Resource Manager","MEDIUM","Free","SubscriptionLevel","N/A","N/A","N/A","N/A","","PlanDisabled|Free","2026-04-14 16:15:31"
"e88909b8-668b-488b-a6f9-94ac599a8894","pf-era-prd","StorageAccounts","Defender for Storage","HIGH","Free","/subscriptions/e88909b8-668b-488b-a6f9-94ac599a8894/resourceGroups/rg-pf-era-prd-data-001/providers/Microsoft.Storage/storageAccounts/stpferapera001","stpferapera001","Microsoft.Storage/storageAccounts","rg-pf-era-prd-data-001","westeurope","Backup=false;PF_COMPOSANT=mutualise","PlanDisabled|Free","2026-04-14 16:15:31"
"e88909b8-668b-488b-a6f9-94ac599a8894","pf-era-prd","Arm","Defender for Resource Manager","MEDIUM","Free","SubscriptionLevel","N/A","N/A","N/A","N/A","","PlanDisabled|Free","2026-04-14 16:15:31"
"d3d39366-870d-4083-b23e-a8a3ac15b8cf","pf-ext-akg-dev","Arm","Defender for Resource Manager","MEDIUM","Free","SubscriptionLevel","N/A","N/A","N/A","N/A","","PlanDisabled|Free","2026-04-14 16:15:32"
"47e00959-65c8-474b-a174-f59b1a2dfc48","pf-ext-akg-prd","Arm","Defender for Resource Manager","MEDIUM","Free","SubscriptionLevel","N/A","N/A","N/A","N/A","","PlanDisabled|Free","2026-04-14 16:15:32"
"65eaf973-a7d7-42d4-9a6d-c27777902513","pf-ext-akg-stg","StorageAccounts","Defender for Storage","HIGH","Free","/subscriptions/92fef1f6-0d7b-4d6c-a893-80e118f58faa/resourceGroups/rg-pf-ext-ftp-dev-sftp-dev-001/providers/Microsoft.Storage/storageAccounts/stpfftpdftpext001","stpfftpdftpext001","Microsoft.Storage/storageAccounts","rg-pf-ext-ftp-dev-sftp-dev-001","westeurope","Backup=false;PF_COMPOSANT=mutualise","PlanDisabled|Free","2026-04-14 16:15:33"
"65eaf973-a7d7-42d4-9a6d-c27777902513","pf-ext-akg-stg","Arm","Defender for Resource Manager","MEDIUM","Free","SubscriptionLevel","N/A","N/A","N/A","N/A","","PlanDisabled|Free","2026-04-14 16:15:33"
"92fef1f6-0d7b-4d6c-a893-80e118f58faa","pf-ext-ftp-dev","Arm","Defender for Resource Manager","MEDIUM","Free","SubscriptionLevel","N/A","N/A","N/A","N/A","","PlanDisabled|Free","2026-04-14 16:15:33"
"d537daf0-add8-4d01-9945-5ce010c106ea","pf-ext-ftp-prd","Arm","Defender for Resource Manager","MEDIUM","Free","SubscriptionLevel","N/A","N/A","N/A","N/A","","PlanDisabled|Free","2026-04-14 16:15:33"
"5777093a-cc18-4d0c-bf7f-1d5eef8ce975","pf-ext-ftp-stg","Arm","Defender for Resource Manager","MEDIUM","Free","SubscriptionLevel","N/A","N/A","N/A","N/A","","PlanDisabled|Free","2026-04-14 16:15:34"
"d145e15b-c0a2-4edc-a666-4bb61bde79cf","pf-ext-i2a-prd","StorageAccounts","Defender for Storage","HIGH","Free","/subscriptions/4dec9a5b-95ba-4e47-afbe-c9397dc312f8/resourceGroups/rg-pf-ext-log-prd-data/providers/Microsoft.Storage/storageAccounts/stpflogism001","stpflogism001","Microsoft.Storage/storageAccounts","rg-pf-ext-log-prd-data","westeurope","PF_COMPOSANT=mutualise","PlanDisabled|Free","2026-04-14 16:15:35"
"d145e15b-c0a2-4edc-a666-4bb61bde79cf","pf-ext-i2a-prd","StorageAccounts","Defender for Storage","HIGH","Free","/subscriptions/4dec9a5b-95ba-4e47-afbe-c9397dc312f8/resourceGroups/rg-pf-ext-log-prd-data/providers/Microsoft.Storage/storageAccounts/stpflogsecumdx001","stpflogsecumdx001","Microsoft.Storage/storageAccounts","rg-pf-ext-log-prd-data","westeurope","PF_COMPOSANT=mutualise","PlanDisabled|Free","2026-04-14 16:15:35"
"d145e15b-c0a2-4edc-a666-4bb61bde79cf","pf-ext-i2a-prd","StorageAccounts","Defender for Storage","HIGH","Free","/subscriptions/4dec9a5b-95ba-4e47-afbe-c9397dc312f8/resourceGroups/rg-pf-ext-log-prd-data/providers/Microsoft.Storage/storageAccounts/stpflogent001","stpflogent001","Microsoft.Storage/storageAccounts","rg-pf-ext-log-prd-data","westeurope","PF_COMPOSANT=mutualise","PlanDisabled|Free","2026-04-14 16:15:35"
"d145e15b-c0a2-4edc-a666-4bb61bde79cf","pf-ext-i2a-prd","StorageAccounts","Defender for Storage","HIGH","Free","/subscriptions/4dec9a5b-95ba-4e47-afbe-c9397dc312f8/resourceGroups/rg-pf-ext-log-prd-data/providers/Microsoft.Storage/storageAccounts/stpflogapp001","stpflogapp001","Microsoft.Storage/storageAccounts","rg-pf-ext-log-prd-data","westeurope","PF_COMPOSANT=mutualise","PlanDisabled|Free","2026-04-14 16:15:35"
"d145e15b-c0a2-4edc-a666-4bb61bde79cf","pf-ext-i2a-prd","StorageAccounts","Defender for Storage","HIGH","Free","/subscriptions/4dec9a5b-95ba-4e47-afbe-c9397dc312f8/resourceGroups/rg-pf-ext-log-prd-data/providers/Microsoft.Storage/storageAccounts/stpflognet001","stpflognet001","Microsoft.Storage/storageAccounts","rg-pf-ext-log-prd-data","westeurope","PF_COMPOSANT=mutualise","PlanDisabled|Free","2026-04-14 16:15:35"
"d145e15b-c0a2-4edc-a666-4bb61bde79cf","pf-ext-i2a-prd","StorageAccounts","Defender for Storage","HIGH","Free","/subscriptions/4dec9a5b-95ba-4e47-afbe-c9397dc312f8/resourceGroups/rg-pf-ext-log-prd-data/providers/Microsoft.Storage/storageAccounts/stpfloginfra001","stpfloginfra001","Microsoft.Storage/storageAccounts","rg-pf-ext-log-prd-data","westeurope","PF_COMPOSANT=mutualise","PlanDisabled|Free","2026-04-14 16:15:35"
"d145e15b-c0a2-4edc-a666-4bb61bde79cf","pf-ext-i2a-prd","StorageAccounts","Defender for Storage","HIGH","Free","/subscriptions/4dec9a5b-95ba-4e47-afbe-c9397dc312f8/resourceGroups/rg-pf-ext-log-prd-data/providers/Microsoft.Storage/storageAccounts/stpflogintune001","stpflogintune001","Microsoft.Storage/storageAccounts","rg-pf-ext-log-prd-data","westeurope","PF_COMPOSANT=mutualise","PlanDisabled|Free","2026-04-14 16:15:35"
"d145e15b-c0a2-4edc-a666-4bb61bde79cf","pf-ext-i2a-prd","StorageAccounts","Defender for Storage","HIGH","Free","/subscriptions/4dec9a5b-95ba-4e47-afbe-c9397dc312f8/resourceGroups/rg-pf-ext-log-prd-data/providers/Microsoft.Storage/storageAccounts/stpflogqueries001","stpflogqueries001","Microsoft.Storage/storageAccounts","rg-pf-ext-log-prd-data","westeurope","PF_COMPOSANT=mutualise","PlanDisabled|Free","2026-04-14 16:15:35"
"d145e15b-c0a2-4edc-a666-4bb61bde79cf","pf-ext-i2a-prd","Arm","Defender for Resource Manager","MEDIUM","Free","SubscriptionLevel","N/A","N/A","N/A","N/A","","PlanDisabled|Free","2026-04-14 16:15:35"
"4aa418bc-27fe-4804-a581-8a6c910a79c0","pf-ext-pge-prd","Arm","Defender for Resource Manager","MEDIUM","Free","SubscriptionLevel","N/A","N/A","N/A","N/A","","PlanDisabled|Free","2026-04-14 16:15:35"
"4dec9a5b-95ba-4e47-afbe-c9397dc312f8","pf-ext-log-prd","SqlServers","Defender for Azure SQL","CRITICAL","Free","/subscriptions/03d898e4-3366-4ed9-918f-29af91c0f12f/resourceGroups/rg-pf-ext-pge-stg-app-001/providers/Microsoft.Sql/servers/sqldb-pfg-pge-s-app","sqldb-pfg-pge-s-app","Microsoft.Sql/servers","rg-pf-ext-pge-stg-app-001","westeurope","PF_COMPOSANT=mutualise","PlanDisabled|Free","2026-04-14 16:15:35"
"4dec9a5b-95ba-4e47-afbe-c9397dc312f8","pf-ext-log-prd","AppServices","Defender for App Service","HIGH","Free","/subscriptions/03d898e4-3366-4ed9-918f-29af91c0f12f/resourceGroups/rg-pf-ext-pge-stg-app-001/providers/Microsoft.Web/sites/wapp-pfa-pge-ext-s-front001","wapp-pfa-pge-ext-s-front001","Microsoft.Web/sites","rg-pf-ext-pge-stg-app-001","westeurope","ManagedBy=terraform;PF_COMPOSANT=mutualise;hidden-link: /app-insights-resource-id=/subscriptions/03d898e4-3366-4ed9-918f-29af91c0f12f/resourceGroups/rg-pf-ext-pge-stg-app-001/providers/microsoft.insights/components/wapp-pfa-pge-ext-s-front001","PlanDisabled|Free","2026-04-14 16:15:35"
"4dec9a5b-95ba-4e47-afbe-c9397dc312f8","pf-ext-log-prd","Arm","Defender for Resource Manager","MEDIUM","Free","SubscriptionLevel","N/A","N/A","N/A","N/A","","PlanDisabled|Free","2026-04-14 16:15:35"
"03d898e4-3366-4ed9-918f-29af91c0f12f","pf-ext-pge-stg","StorageAccounts","Defender for Storage","HIGH","Free","/subscriptions/ff94f946-ff2b-4a19-b8d9-25a72beca095/resourceGroups/rg-pf-hds-dc-store-prd-atara-001/providers/Microsoft.Storage/storageAccounts/stpfhdsstorepatara","stpfhdsstorepatara","Microsoft.Storage/storageAccounts","rg-pf-hds-dc-store-prd-atara-001","francecentral","PF_COMPOSANT=mutualise;PF_ENV=production;PF_APPLI=STOCKAGE HDS;PF_POLE=R&D MC;BUPF=BU00160U","PlanDisabled|Free","2026-04-14 16:15:36"
"03d898e4-3366-4ed9-918f-29af91c0f12f","pf-ext-pge-stg","StorageAccounts","Defender for Storage","HIGH","Free","/subscriptions/ff94f946-ff2b-4a19-b8d9-25a72beca095/resourceGroups/rg-pf-hds-dc-store-prd-hdsdata-001/providers/Microsoft.Storage/storageAccounts/stpfhdspclinicaldata","stpfhdspclinicaldata","Microsoft.Storage/storageAccounts","rg-pf-hds-dc-store-prd-hdsdata-001","francecentral","BUPF=BU00160U;PF_APPLI=STOCKAGE HDS;PF_COMPOSANT=mutualise;PF_ENV=production;PF_POLE=R&D MC","PlanDisabled|Free","2026-04-14 16:15:36"
"03d898e4-3366-4ed9-918f-29af91c0f12f","pf-ext-pge-stg","StorageAccounts","Defender for Storage","HIGH","Free","/subscriptions/ff94f946-ff2b-4a19-b8d9-25a72beca095/resourceGroups/rg-pf-hds-dc-store-prd-antares-001/providers/Microsoft.Storage/storageAccounts/stpfhdsstorepantares","stpfhdsstorepantares","Microsoft.Storage/storageAccounts","rg-pf-hds-dc-store-prd-antares-001","francecentral","BUPF=BU00160U;PF_APPLI=STOCKAGE HDS;PF_COMPOSANT=mutualise;PF_ENV=production;PF_POLE=R&D MC","PlanDisabled|Free","2026-04-14 16:15:36"
"03d898e4-3366-4ed9-918f-29af91c0f12f","pf-ext-pge-stg","KeyVaults","Defender for Key Vault","HIGH","Free","/subscriptions/ff94f946-ff2b-4a19-b8d9-25a72beca095/resourceGroups/rg-pf-hds-dc-store-prd-keyvault/providers/Microsoft.KeyVault/vaults/kv-pfg-hdsstore-p-001","kv-pfg-hdsstore-p-001","Microsoft.KeyVault/vaults","rg-pf-hds-dc-store-prd-keyvault","francecentral","BUPF=BU00160U;PF_APPLI=STOCKAGE HDS;PF_COMPOSANT=mutualise;PF_ENV=production;PF_POLE=R&D MC","PlanDisabled|Free","2026-04-14 16:15:36"
"03d898e4-3366-4ed9-918f-29af91c0f12f","pf-ext-pge-stg","Arm","Defender for Resource Manager","MEDIUM","Free","SubscriptionLevel","N/A","N/A","N/A","N/A","","PlanDisabled|Free","2026-04-14 16:15:36"
"b984a8bd-248b-4730-ae82-c3d8e845e9e6","pf-ext-snoatos-poc","StorageAccounts","Defender for Storage","HIGH","Free","/subscriptions/ff94f946-ff2b-4a19-b8d9-25a72beca095/resourceGroups/rg-pf-hds-dc-store-prd-atara-001/providers/Microsoft.Storage/storageAccounts/stpfhdsstorepatara","stpfhdsstorepatara","Microsoft.Storage/storageAccounts","rg-pf-hds-dc-store-prd-atara-001","francecentral","PF_COMPOSANT=mutualise;PF_ENV=production;PF_APPLI=STOCKAGE HDS;PF_POLE=R&D MC;BUPF=BU00160U","PlanDisabled|Free","2026-04-14 16:15:36"
"b984a8bd-248b-4730-ae82-c3d8e845e9e6","pf-ext-snoatos-poc","StorageAccounts","Defender for Storage","HIGH","Free","/subscriptions/ff94f946-ff2b-4a19-b8d9-25a72beca095/resourceGroups/rg-pf-hds-dc-store-prd-hdsdata-001/providers/Microsoft.Storage/storageAccounts/stpfhdspclinicaldata","stpfhdspclinicaldata","Microsoft.Storage/storageAccounts","rg-pf-hds-dc-store-prd-hdsdata-001","francecentral","BUPF=BU00160U;PF_APPLI=STOCKAGE HDS;PF_COMPOSANT=mutualise;PF_ENV=production;PF_POLE=R&D MC","PlanDisabled|Free","2026-04-14 16:15:36"
"b984a8bd-248b-4730-ae82-c3d8e845e9e6","pf-ext-snoatos-poc","StorageAccounts","Defender for Storage","HIGH","Free","/subscriptions/ff94f946-ff2b-4a19-b8d9-25a72beca095/resourceGroups/rg-pf-hds-dc-store-prd-antares-001/providers/Microsoft.Storage/storageAccounts/stpfhdsstorepantares","stpfhdsstorepantares","Microsoft.Storage/storageAccounts","rg-pf-hds-dc-store-prd-antares-001","francecentral","BUPF=BU00160U;PF_APPLI=STOCKAGE HDS;PF_COMPOSANT=mutualise;PF_ENV=production;PF_POLE=R&D MC","PlanDisabled|Free","2026-04-14 16:15:36"
"b984a8bd-248b-4730-ae82-c3d8e845e9e6","pf-ext-snoatos-poc","KeyVaults","Defender for Key Vault","HIGH","Free","/subscriptions/ff94f946-ff2b-4a19-b8d9-25a72beca095/resourceGroups/rg-pf-hds-dc-store-prd-keyvault/providers/Microsoft.KeyVault/vaults/kv-pfg-hdsstore-p-001","kv-pfg-hdsstore-p-001","Microsoft.KeyVault/vaults","rg-pf-hds-dc-store-prd-keyvault","francecentral","BUPF=BU00160U;PF_APPLI=STOCKAGE HDS;PF_COMPOSANT=mutualise;PF_ENV=production;PF_POLE=R&D MC","PlanDisabled|Free","2026-04-14 16:15:36"
"b984a8bd-248b-4730-ae82-c3d8e845e9e6","pf-ext-snoatos-poc","Arm","Defender for Resource Manager","MEDIUM","Free","SubscriptionLevel","N/A","N/A","N/A","N/A","","PlanDisabled|Free","2026-04-14 16:15:36"
"ff94f946-ff2b-4a19-b8d9-25a72beca095","pf-hds-dc-store-prd","StorageAccounts","Defender for Storage","HIGH","Free","/subscriptions/ff94f946-ff2b-4a19-b8d9-25a72beca095/resourceGroups/rg-pf-hds-dc-store-prd-atara-001/providers/Microsoft.Storage/storageAccounts/stpfhdsstorepatara","stpfhdsstorepatara","Microsoft.Storage/storageAccounts","rg-pf-hds-dc-store-prd-atara-001","francecentral","PF_COMPOSANT=mutualise;PF_ENV=production;PF_APPLI=STOCKAGE HDS;PF_POLE=R&D MC;BUPF=BU00160U","PlanDisabled|Free","2026-04-14 16:15:37"
"ff94f946-ff2b-4a19-b8d9-25a72beca095","pf-hds-dc-store-prd","StorageAccounts","Defender for Storage","HIGH","Free","/subscriptions/ff94f946-ff2b-4a19-b8d9-25a72beca095/resourceGroups/rg-pf-hds-dc-store-prd-hdsdata-001/providers/Microsoft.Storage/storageAccounts/stpfhdspclinicaldata","stpfhdspclinicaldata","Microsoft.Storage/storageAccounts","rg-pf-hds-dc-store-prd-hdsdata-001","francecentral","BUPF=BU00160U;PF_APPLI=STOCKAGE HDS;PF_COMPOSANT=mutualise;PF_ENV=production;PF_POLE=R&D MC","PlanDisabled|Free","2026-04-14 16:15:37"
"ff94f946-ff2b-4a19-b8d9-25a72beca095","pf-hds-dc-store-prd","StorageAccounts","Defender for Storage","HIGH","Free","/subscriptions/ff94f946-ff2b-4a19-b8d9-25a72beca095/resourceGroups/rg-pf-hds-dc-store-prd-antares-001/providers/Microsoft.Storage/storageAccounts/stpfhdsstorepantares","stpfhdsstorepantares","Microsoft.Storage/storageAccounts","rg-pf-hds-dc-store-prd-antares-001","francecentral","BUPF=BU00160U;PF_APPLI=STOCKAGE HDS;PF_COMPOSANT=mutualise;PF_ENV=production;PF_POLE=R&D MC","PlanDisabled|Free","2026-04-14 16:15:37"
"ff94f946-ff2b-4a19-b8d9-25a72beca095","pf-hds-dc-store-prd","KeyVaults","Defender for Key Vault","HIGH","Free","/subscriptions/ff94f946-ff2b-4a19-b8d9-25a72beca095/resourceGroups/rg-pf-hds-dc-store-prd-keyvault/providers/Microsoft.KeyVault/vaults/kv-pfg-hdsstore-p-001","kv-pfg-hdsstore-p-001","Microsoft.KeyVault/vaults","rg-pf-hds-dc-store-prd-keyvault","francecentral","BUPF=BU00160U;PF_APPLI=STOCKAGE HDS;PF_COMPOSANT=mutualise;PF_ENV=production;PF_POLE=R&D MC","PlanDisabled|Free","2026-04-14 16:15:37"
"ff94f946-ff2b-4a19-b8d9-25a72beca095","pf-hds-dc-store-prd","Arm","Defender for Resource Manager","MEDIUM","Free","SubscriptionLevel","N/A","N/A","N/A","N/A","","PlanDisabled|Free","2026-04-14 16:15:37"
"55b70630-3f1c-413e-89bb-05bb655bd685","pf-hds-dc-store-stg","VirtualMachines","Defender for Servers","CRITICAL","Free","/subscriptions/5d8c447a-1830-4603-be58-d6aab95700ec/resourceGroups/rg-pf-hds-sas-dev-compute-001/providers/Microsoft.Compute/virtualMachines/pfazrvdsasmid01","pfazrvdsasmid01","Microsoft.Compute/virtualMachines","rg-pf-hds-sas-dev-compute-001","francecentral","ApplicationName=SAS;Managed_with=Terraform;PF_APPLI=;PF_APPLI_TRIGRAM=SAS;PF_COMPOSANT=mutualise;PF_ENV=dev;PF_MANAGED_BY=PF;PF_POLE=;PF_SERVICE_MANAGER=;PF_TECHNICAL_CONTACT=;PROJETPF=;BUPF=BU03903U","PlanDisabled|Free","2026-04-14 16:15:38"
"55b70630-3f1c-413e-89bb-05bb655bd685","pf-hds-dc-store-stg","VirtualMachines","Defender for Servers","CRITICAL","Free","/subscriptions/5d8c447a-1830-4603-be58-d6aab95700ec/resourceGroups/rg-pf-hds-sas-dev-compute-001/providers/Microsoft.Compute/virtualMachines/pfazrvdsasbdd01","pfazrvdsasbdd01","Microsoft.Compute/virtualMachines","rg-pf-hds-sas-dev-compute-001","francecentral","ApplicationName=SAS;Managed_with=Terraform;PF_APPLI=;PF_APPLI_TRIGRAM=SAS;PF_COMPOSANT=mutualise;PF_ENV=dev;PF_MANAGED_BY=PF;PF_POLE=;PF_SERVICE_MANAGER=;PF_TECHNICAL_CONTACT=;PROJETPF=;BUPF=BU03903U","PlanDisabled|Free","2026-04-14 16:15:38"
"55b70630-3f1c-413e-89bb-05bb655bd685","pf-hds-dc-store-stg","VirtualMachines","Defender for Servers","CRITICAL","Free","/subscriptions/5d8c447a-1830-4603-be58-d6aab95700ec/resourceGroups/rg-pf-hds-sas-dev-compute-001/providers/Microsoft.Compute/virtualMachines/pfazrvdsasapp01","pfazrvdsasapp01","Microsoft.Compute/virtualMachines","rg-pf-hds-sas-dev-compute-001","francecentral","ApplicationName=SAS;Managed_with=Terraform;PF_APPLI=;PF_APPLI_TRIGRAM=SAS;PF_COMPOSANT=mutualise;PF_ENV=dev;PF_MANAGED_BY=PF;PF_POLE=;PF_SERVICE_MANAGER=;PF_TECHNICAL_CONTACT=;PROJETPF=;BUPF=BU03903U","PlanDisabled|Free","2026-04-14 16:15:38"
"55b70630-3f1c-413e-89bb-05bb655bd685","pf-hds-dc-store-stg","StorageAccounts","Defender for Storage","HIGH","Free","/subscriptions/5d8c447a-1830-4603-be58-d6aab95700ec/resourceGroups/rg-pf-hds-sas-dev-data-001/providers/Microsoft.Storage/storageAccounts/stpfsasdshareddepot","stpfsasdshareddepot","Microsoft.Storage/storageAccounts","rg-pf-hds-sas-dev-data-001","francecentral","ApplicationName=SAS;Managed_with=Terraform;PF_APPLI=;PF_APPLI_TRIGRAM=SAS;PF_COMPOSANT=mutualise;PF_ENV=dev;PF_MANAGED_BY=PF;PF_POLE=;PF_SERVICE_MANAGER=;PF_TECHNICAL_CONTACT=;PROJETPF=;BUPF=BU03903U","PlanDisabled|Free","2026-04-14 16:15:38"
"55b70630-3f1c-413e-89bb-05bb655bd685","pf-hds-dc-store-stg","KeyVaults","Defender for Key Vault","HIGH","Free","/subscriptions/5d8c447a-1830-4603-be58-d6aab95700ec/resourceGroups/rg-pf-hds-sas-dev-data-001/providers/Microsoft.KeyVault/vaults/kv-pfg-hdssas-d-001","kv-pfg-hdssas-d-001","Microsoft.KeyVault/vaults","rg-pf-hds-sas-dev-data-001","francecentral","ApplicationName=SAS;Managed_with=Terraform;PF_APPLI=;PF_APPLI_TRIGRAM=SAS;PF_COMPOSANT=mutualise;PF_ENV=dev;PF_MANAGED_BY=PF;PF_POLE=;PF_SERVICE_MANAGER=;PF_TECHNICAL_CONTACT=;PROJETPF=;BUPF=BU03903U","PlanDisabled|Free","2026-04-14 16:15:38"
"55b70630-3f1c-413e-89bb-05bb655bd685","pf-hds-dc-store-stg","Arm","Defender for Resource Manager","MEDIUM","Free","SubscriptionLevel","N/A","N/A","N/A","N/A","","PlanDisabled|Free","2026-04-14 16:15:38"
"ac95d7b5-13c7-4692-8d1d-7f6d90b41399","pf-hds-hpc-poc","VirtualMachines","Defender for Servers","CRITICAL","Free","/subscriptions/bce7347a-f4df-4df7-bea7-56ec4e1148c9/resourceGroups/rg-pf-hds-sas-prd-compute-001/providers/Microsoft.Compute/virtualMachines/pfazrvpsasapp01","pfazrvpsasapp01","Microsoft.Compute/virtualMachines","rg-pf-hds-sas-prd-compute-001","francecentral","ApplicationName=SAS;BUPF=BU00160U;Managed_with=Terraform;PF_APPLI=;PF_APPLI_TRIGRAM=SAS;PF_COMPOSANT=mutualise;PF_ENV=prd;PF_MANAGED_BY=PF;PF_POLE=;PF_SERVICE_MANAGER=;PF_TECHNICAL_CONTACT=;PROJETPF=","PlanDisabled|Free","2026-04-14 16:15:38"
"ac95d7b5-13c7-4692-8d1d-7f6d90b41399","pf-hds-hpc-poc","VirtualMachines","Defender for Servers","CRITICAL","Free","/subscriptions/bce7347a-f4df-4df7-bea7-56ec4e1148c9/resourceGroups/rg-pf-hds-sas-prd-compute-001/providers/Microsoft.Compute/virtualMachines/pfazrvpsasbdd01","pfazrvpsasbdd01","Microsoft.Compute/virtualMachines","rg-pf-hds-sas-prd-compute-001","francecentral","ApplicationName=SAS;Managed_with=Terraform;PF_APPLI=;PF_APPLI_TRIGRAM=SAS;PF_COMPOSANT=mutualise;PF_ENV=prd;PF_MANAGED_BY=PF;PF_POLE=;PF_SERVICE_MANAGER=;PF_TECHNICAL_CONTACT=;PROJETPF=;BUPF=BU00160U","PlanDisabled|Free","2026-04-14 16:15:38"
"ac95d7b5-13c7-4692-8d1d-7f6d90b41399","pf-hds-hpc-poc","VirtualMachines","Defender for Servers","CRITICAL","Free","/subscriptions/bce7347a-f4df-4df7-bea7-56ec4e1148c9/resourceGroups/rg-pf-hds-sas-prd-compute-001/providers/Microsoft.Compute/virtualMachines/pfazrvpsasmid01","pfazrvpsasmid01","Microsoft.Compute/virtualMachines","rg-pf-hds-sas-prd-compute-001","francecentral","ApplicationName=SAS;Managed_with=Terraform;PF_APPLI=;PF_APPLI_TRIGRAM=SAS;PF_COMPOSANT=mutualise;PF_ENV=prd;PF_MANAGED_BY=PF;PF_POLE=;PF_SERVICE_MANAGER=;PF_TECHNICAL_CONTACT=;PROJETPF=;BUPF=BU00160U","PlanDisabled|Free","2026-04-14 16:15:38"
"ac95d7b5-13c7-4692-8d1d-7f6d90b41399","pf-hds-hpc-poc","StorageAccounts","Defender for Storage","HIGH","Free","/subscriptions/bce7347a-f4df-4df7-bea7-56ec4e1148c9/resourceGroups/rg-pf-hds-sas-prd-data-001/providers/Microsoft.Storage/storageAccounts/stpfsaspshareddepot","stpfsaspshareddepot","Microsoft.Storage/storageAccounts","rg-pf-hds-sas-prd-data-001","francecentral","ApplicationName=SAS;Managed_with=Terraform;PF_APPLI=;PF_APPLI_TRIGRAM=SAS;PF_COMPOSANT=mutualise;PF_ENV=prd;PF_MANAGED_BY=PF;PF_POLE=;PF_SERVICE_MANAGER=;PF_TECHNICAL_CONTACT=;PROJETPF=;BUPF=BU00160U","PlanDisabled|Free","2026-04-14 16:15:38"
"ac95d7b5-13c7-4692-8d1d-7f6d90b41399","pf-hds-hpc-poc","KeyVaults","Defender for Key Vault","HIGH","Free","/subscriptions/bce7347a-f4df-4df7-bea7-56ec4e1148c9/resourceGroups/rg-pf-hds-sas-prd-data-001/providers/Microsoft.KeyVault/vaults/kv-pfg-hdssas-p-001","kv-pfg-hdssas-p-001","Microsoft.KeyVault/vaults","rg-pf-hds-sas-prd-data-001","francecentral","ApplicationName=SAS;Managed_with=Terraform;PF_APPLI=;PF_APPLI_TRIGRAM=SAS;PF_COMPOSANT=mutualise;PF_ENV=prd;PF_MANAGED_BY=PF;PF_POLE=;PF_SERVICE_MANAGER=;PF_TECHNICAL_CONTACT=;PROJETPF=;BUPF=BU00160U","PlanDisabled|Free","2026-04-14 16:15:38"
"ac95d7b5-13c7-4692-8d1d-7f6d90b41399","pf-hds-hpc-poc","Arm","Defender for Resource Manager","MEDIUM","Free","SubscriptionLevel","N/A","N/A","N/A","N/A","","PlanDisabled|Free","2026-04-14 16:15:38"
"5d8c447a-1830-4603-be58-d6aab95700ec","pf-hds-sas-dev","VirtualMachines","Defender for Servers","CRITICAL","Free","/subscriptions/bce7347a-f4df-4df7-bea7-56ec4e1148c9/resourceGroups/rg-pf-hds-sas-prd-compute-001/providers/Microsoft.Compute/virtualMachines/pfazrvpsasapp01","pfazrvpsasapp01","Microsoft.Compute/virtualMachines","rg-pf-hds-sas-prd-compute-001","francecentral","ApplicationName=SAS;BUPF=BU00160U;Managed_with=Terraform;PF_APPLI=;PF_APPLI_TRIGRAM=SAS;PF_COMPOSANT=mutualise;PF_ENV=prd;PF_MANAGED_BY=PF;PF_POLE=;PF_SERVICE_MANAGER=;PF_TECHNICAL_CONTACT=;PROJETPF=","PlanDisabled|Free","2026-04-14 16:15:38"
"5d8c447a-1830-4603-be58-d6aab95700ec","pf-hds-sas-dev","VirtualMachines","Defender for Servers","CRITICAL","Free","/subscriptions/bce7347a-f4df-4df7-bea7-56ec4e1148c9/resourceGroups/rg-pf-hds-sas-prd-compute-001/providers/Microsoft.Compute/virtualMachines/pfazrvpsasbdd01","pfazrvpsasbdd01","Microsoft.Compute/virtualMachines","rg-pf-hds-sas-prd-compute-001","francecentral","ApplicationName=SAS;Managed_with=Terraform;PF_APPLI=;PF_APPLI_TRIGRAM=SAS;PF_COMPOSANT=mutualise;PF_ENV=prd;PF_MANAGED_BY=PF;PF_POLE=;PF_SERVICE_MANAGER=;PF_TECHNICAL_CONTACT=;PROJETPF=;BUPF=BU00160U","PlanDisabled|Free","2026-04-14 16:15:38"
"5d8c447a-1830-4603-be58-d6aab95700ec","pf-hds-sas-dev","VirtualMachines","Defender for Servers","CRITICAL","Free","/subscriptions/bce7347a-f4df-4df7-bea7-56ec4e1148c9/resourceGroups/rg-pf-hds-sas-prd-compute-001/providers/Microsoft.Compute/virtualMachines/pfazrvpsasmid01","pfazrvpsasmid01","Microsoft.Compute/virtualMachines","rg-pf-hds-sas-prd-compute-001","francecentral","ApplicationName=SAS;Managed_with=Terraform;PF_APPLI=;PF_APPLI_TRIGRAM=SAS;PF_COMPOSANT=mutualise;PF_ENV=prd;PF_MANAGED_BY=PF;PF_POLE=;PF_SERVICE_MANAGER=;PF_TECHNICAL_CONTACT=;PROJETPF=;BUPF=BU00160U","PlanDisabled|Free","2026-04-14 16:15:38"
"5d8c447a-1830-4603-be58-d6aab95700ec","pf-hds-sas-dev","StorageAccounts","Defender for Storage","HIGH","Free","/subscriptions/bce7347a-f4df-4df7-bea7-56ec4e1148c9/resourceGroups/rg-pf-hds-sas-prd-data-001/providers/Microsoft.Storage/storageAccounts/stpfsaspshareddepot","stpfsaspshareddepot","Microsoft.Storage/storageAccounts","rg-pf-hds-sas-prd-data-001","francecentral","ApplicationName=SAS;Managed_with=Terraform;PF_APPLI=;PF_APPLI_TRIGRAM=SAS;PF_COMPOSANT=mutualise;PF_ENV=prd;PF_MANAGED_BY=PF;PF_POLE=;PF_SERVICE_MANAGER=;PF_TECHNICAL_CONTACT=;PROJETPF=;BUPF=BU00160U","PlanDisabled|Free","2026-04-14 16:15:38"
"5d8c447a-1830-4603-be58-d6aab95700ec","pf-hds-sas-dev","KeyVaults","Defender for Key Vault","HIGH","Free","/subscriptions/bce7347a-f4df-4df7-bea7-56ec4e1148c9/resourceGroups/rg-pf-hds-sas-prd-data-001/providers/Microsoft.KeyVault/vaults/kv-pfg-hdssas-p-001","kv-pfg-hdssas-p-001","Microsoft.KeyVault/vaults","rg-pf-hds-sas-prd-data-001","francecentral","ApplicationName=SAS;Managed_with=Terraform;PF_APPLI=;PF_APPLI_TRIGRAM=SAS;PF_COMPOSANT=mutualise;PF_ENV=prd;PF_MANAGED_BY=PF;PF_POLE=;PF_SERVICE_MANAGER=;PF_TECHNICAL_CONTACT=;PROJETPF=;BUPF=BU00160U","PlanDisabled|Free","2026-04-14 16:15:38"
"5d8c447a-1830-4603-be58-d6aab95700ec","pf-hds-sas-dev","Arm","Defender for Resource Manager","MEDIUM","Free","SubscriptionLevel","N/A","N/A","N/A","N/A","","PlanDisabled|Free","2026-04-14 16:15:38"
"bce7347a-f4df-4df7-bea7-56ec4e1148c9","pf-hds-sas-prd","StorageAccounts","Defender for Storage","HIGH","Free","/subscriptions/bce7347a-f4df-4df7-bea7-56ec4e1148c9/resourceGroups/rg-pf-hds-sas-prd-data-001/providers/Microsoft.Storage/storageAccounts/stpfsaspshareddepot","stpfsaspshareddepot","Microsoft.Storage/storageAccounts","rg-pf-hds-sas-prd-data-001","francecentral","ApplicationName=SAS;Managed_with=Terraform;PF_APPLI=;PF_APPLI_TRIGRAM=SAS;PF_COMPOSANT=mutualise;PF_ENV=prd;PF_MANAGED_BY=PF;PF_POLE=;PF_SERVICE_MANAGER=;PF_TECHNICAL_CONTACT=;PROJETPF=;BUPF=BU00160U","PlanDisabled|Free","2026-04-14 16:15:39"
"bce7347a-f4df-4df7-bea7-56ec4e1148c9","pf-hds-sas-prd","Arm","Defender for Resource Manager","MEDIUM","Free","SubscriptionLevel","N/A","N/A","N/A","N/A","","PlanDisabled|Free","2026-04-14 16:15:39"
"b9ec9c87-934f-468e-897c-34ac0998bd91","pf-hds-sas-stg","Arm","Defender for Resource Manager","MEDIUM","Free","SubscriptionLevel","N/A","N/A","N/A","N/A","","PlanDisabled|Free","2026-04-14 16:15:40"
"5e4b1a67-acea-4f2c-a456-4383cccff311","pf-hub-connectivity","Arm","Defender for Resource Manager","MEDIUM","Free","SubscriptionLevel","N/A","N/A","N/A","N/A","","PlanDisabled|Free","2026-04-14 16:15:41"
"6c13228a-8385-4a91-af25-d051ad335ca8","pf-hlo-prd","Arm","Defender for Resource Manager","MEDIUM","Free","SubscriptionLevel","N/A","N/A","N/A","N/A","","PlanDisabled|Free","2026-04-14 16:15:41"
"513ad47c-251f-4a6c-8c8d-0e6cd964883c","pf-hds-sas-sandbox","Containers","Defender for Containers","CRITICAL","Free","/subscriptions/529b88d8-cdc6-4155-8be7-deb86a7ab73e/resourceGroups/rg-pf-hub-connectivity-external-am-apim-dev-001/providers/Microsoft.ContainerService/managedClusters/aks-pf-api-ext-d-gravitee","aks-pf-api-ext-d-gravitee","Microsoft.ContainerService/managedClusters","rg-pf-hub-connectivity-external-am-apim-dev-001","westeurope","BUPF=BU03903U;PF_APPLI=AZURE;PF_COMPOSANT=mutualise;PF_ENV=production;PF_POLE=Infra","PlanDisabled|Free","2026-04-14 16:15:40"
"513ad47c-251f-4a6c-8c8d-0e6cd964883c","pf-hds-sas-sandbox","Containers","Defender for Containers","CRITICAL","Free","/subscriptions/529b88d8-cdc6-4155-8be7-deb86a7ab73e/resourceGroups/rg-pf-hub-connectivity-external-am-apim-stg-001/providers/Microsoft.ContainerService/managedClusters/aks-pf-api-ext-s-gravitee","aks-pf-api-ext-s-gravitee","Microsoft.ContainerService/managedClusters","rg-pf-hub-connectivity-external-am-apim-stg-001","westeurope","BUPF=BU03903U;PF_APPLI=AZURE;PF_COMPOSANT=mutualise;PF_ENV=production;PF_POLE=Infra","PlanDisabled|Free","2026-04-14 16:15:40"
"513ad47c-251f-4a6c-8c8d-0e6cd964883c","pf-hds-sas-sandbox","Containers","Defender for Containers","CRITICAL","Free","/subscriptions/529b88d8-cdc6-4155-8be7-deb86a7ab73e/resourceGroups/rg-pf-hub-connectivity-external-am-apim-prd-001/providers/Microsoft.ContainerService/managedClusters/aks-pf-api-ext-p-gravitee","aks-pf-api-ext-p-gravitee","Microsoft.ContainerService/managedClusters","rg-pf-hub-connectivity-external-am-apim-prd-001","westeurope","BUPF=BU03903U;ManagedBy=terraform;PF_APPLI=AZURE;PF_COMPOSANT=mutualise;PF_ENV=production;PF_POLE=Infra","PlanDisabled|Free","2026-04-14 16:15:40"
"513ad47c-251f-4a6c-8c8d-0e6cd964883c","pf-hds-sas-sandbox","Arm","Defender for Resource Manager","MEDIUM","Free","SubscriptionLevel","N/A","N/A","N/A","N/A","","PlanDisabled|Free","2026-04-14 16:15:40"
"529b88d8-cdc6-4155-8be7-deb86a7ab73e","pf-hub-connectivity-external","VirtualMachines","Defender for Servers","CRITICAL","Free","/subscriptions/c664c897-9cf2-4584-b065-b502d3b80fa7/resourceGroups/rg-pf-hub-hds-mgmt-adf-prod/providers/Microsoft.Compute/virtualMachines/PFAZRVPHDSSHIR","PFAZRVPHDSSHIR","Microsoft.Compute/virtualMachines","rg-pf-hub-hds-mgmt-adf-prod","francecentral","BUPF=BU03903U;PF_APPLI=ZONE HDS;PF_COMPOSANT=mutualise;PF_ENV=production;PF_POLE=Infra","PlanDisabled|Free","2026-04-14 16:15:42"
"529b88d8-cdc6-4155-8be7-deb86a7ab73e","pf-hub-connectivity-external","VirtualMachines","Defender for Servers","CRITICAL","Free","/subscriptions/c664c897-9cf2-4584-b065-b502d3b80fa7/resourceGroups/rg-pf-hub-hds-mgmt-adf-hprod/providers/Microsoft.Compute/virtualMachines/PFAZRVRHDSAPP01","PFAZRVRHDSAPP01","Microsoft.Compute/virtualMachines","rg-pf-hub-hds-mgmt-adf-hprod","francecentral","BUPF=BU03903U;PF_APPLI=ZONE HDS;PF_COMPOSANT=mutualise;PF_ENV=production;PF_POLE=Infra","PlanDisabled|Free","2026-04-14 16:15:42"
"529b88d8-cdc6-4155-8be7-deb86a7ab73e","pf-hub-connectivity-external","VirtualMachines","Defender for Servers","CRITICAL","Free","/subscriptions/c664c897-9cf2-4584-b065-b502d3b80fa7/resourceGroups/rg-pf-hub-hds-mgmt-adf-prod/providers/Microsoft.Compute/virtualMachines/PFAZRVPHDSAPP01","PFAZRVPHDSAPP01","Microsoft.Compute/virtualMachines","rg-pf-hub-hds-mgmt-adf-prod","francecentral","BUPF=BU03903U;PF_APPLI=ZONE HDS;PF_COMPOSANT=mutualise;PF_ENV=production;PF_POLE=Infra;OLD_NAME=PFAZRVPHDSSHIR","PlanDisabled|Free","2026-04-14 16:15:42"
"529b88d8-cdc6-4155-8be7-deb86a7ab73e","pf-hub-connectivity-external","VirtualMachines","Defender for Servers","CRITICAL","Free","/subscriptions/c664c897-9cf2-4584-b065-b502d3b80fa7/resourceGroups/rg-pf-hub-hds-mgmt-syncExternal-prod/providers/Microsoft.Compute/virtualMachines/PFAZRVPHDSATA01","PFAZRVPHDSATA01","Microsoft.Compute/virtualMachines","rg-pf-hub-hds-mgmt-syncExternal-prod","francecentral","BUPF=BU03903U;PF_APPLI=ZONE HDS;PF_COMPOSANT=mutualise;PF_ENV=production;PF_POLE=Infra","PlanDisabled|Free","2026-04-14 16:15:42"
"529b88d8-cdc6-4155-8be7-deb86a7ab73e","pf-hub-connectivity-external","StorageAccounts","Defender for Storage","HIGH","Free","/subscriptions/c664c897-9cf2-4584-b065-b502d3b80fa7/resourceGroups/rg-pf-hub-hds-mgmt-staging/providers/Microsoft.Storage/storageAccounts/stpfsassnsgflowlogs","stpfsassnsgflowlogs","Microsoft.Storage/storageAccounts","rg-pf-hub-hds-mgmt-staging","francecentral","PF_COMPOSANT=mutualise;PF_APPLI=ZONE HDS;PF_ENV=production;PF_POLE=Infra;BUPF=BU03903U","PlanDisabled|Free","2026-04-14 16:15:42"
"529b88d8-cdc6-4155-8be7-deb86a7ab73e","pf-hub-connectivity-external","StorageAccounts","Defender for Storage","HIGH","Free","/subscriptions/c664c897-9cf2-4584-b065-b502d3b80fa7/resourceGroups/rg-pf-hub-hds-mgmt-adf-hprod/providers/Microsoft.Storage/storageAccounts/stpfhdsdtransfer","stpfhdsdtransfer","Microsoft.Storage/storageAccounts","rg-pf-hub-hds-mgmt-adf-hprod","francecentral","BUPF=BU03903U;PF_APPLI=ZONE HDS;PF_COMPOSANT=mutualise;PF_ENV=production;PF_POLE=Infra","PlanDisabled|Free","2026-04-14 16:15:42"
"529b88d8-cdc6-4155-8be7-deb86a7ab73e","pf-hub-connectivity-external","StorageAccounts","Defender for Storage","HIGH","Free","/subscriptions/c664c897-9cf2-4584-b065-b502d3b80fa7/resourceGroups/rg-pf-hub-hds-mgmt-adf-prod/providers/Microsoft.Storage/storageAccounts/stpfhdsptransfer","stpfhdsptransfer","Microsoft.Storage/storageAccounts","rg-pf-hub-hds-mgmt-adf-prod","francecentral","BUPF=BU03903U;PF_APPLI=ZONE HDS;PF_COMPOSANT=mutualise;PF_ENV=production;PF_POLE=Infra","PlanDisabled|Free","2026-04-14 16:15:42"
"529b88d8-cdc6-4155-8be7-deb86a7ab73e","pf-hub-connectivity-external","StorageAccounts","Defender for Storage","HIGH","Free","/subscriptions/c664c897-9cf2-4584-b065-b502d3b80fa7/resourceGroups/rg-pf-hub-hds-mgmt-shared/providers/Microsoft.Storage/storageAccounts/stpfhdsflowlogs","stpfhdsflowlogs","Microsoft.Storage/storageAccounts","rg-pf-hub-hds-mgmt-shared","francecentral","BUPF=BU03903U;PF_APPLI=ZONE HDS;PF_COMPOSANT=mutualise;PF_ENV=production;PF_POLE=Infra","PlanDisabled|Free","2026-04-14 16:15:42"
"529b88d8-cdc6-4155-8be7-deb86a7ab73e","pf-hub-connectivity-external","Arm","Defender for Resource Manager","MEDIUM","Free","SubscriptionLevel","N/A","N/A","N/A","N/A","","PlanDisabled|Free","2026-04-14 16:15:42"
"c664c897-9cf2-4584-b065-b502d3b80fa7","pf-hub-hds-mgmt","VirtualMachines","Defender for Servers","CRITICAL","Free","/subscriptions/9fd15a8e-f3d7-472a-adcd-b2900a374b0d/resourceGroups/rg-pf-hub-management-gravitee-admin/providers/Microsoft.Compute/virtualMachines/PFAZRVPINFAPI01","PFAZRVPINFAPI01","Microsoft.Compute/virtualMachines","rg-pf-hub-management-gravitee-admin","westeurope","AtosBackup=Default;BUPF=BU03903U;PF_APPLI=AZURE;PF_COMPOSANT=mutualise;PF_ENV=production;PF_POLE=Infra","PlanDisabled|Free","2026-04-14 16:15:42"
"c664c897-9cf2-4584-b065-b502d3b80fa7","pf-hub-hds-mgmt","Containers","Defender for Containers","CRITICAL","Free","/subscriptions/9fd15a8e-f3d7-472a-adcd-b2900a374b0d/resourceGroups/rg-pf-hub-management-runner-001/providers/Microsoft.ContainerService/managedClusters/aks-pf-git-p-runner","aks-pf-git-p-runner","Microsoft.ContainerService/managedClusters","rg-pf-hub-management-runner-001","westeurope","BUPF=BU03903U;PF_APPLI=AZURE;PF_COMPOSANT=mutualise;PF_ENV=production;PF_POLE=Infra","PlanDisabled|Free","2026-04-14 16:15:42"
"c664c897-9cf2-4584-b065-b502d3b80fa7","pf-hub-hds-mgmt","StorageAccounts","Defender for Storage","HIGH","Free","/subscriptions/9fd15a8e-f3d7-472a-adcd-b2900a374b0d/resourceGroups/pfa-dcsa-p-rsg-monitoring/providers/Microsoft.Storage/storageAccounts/k4wkap5jcw54qazscripts","k4wkap5jcw54qazscripts","Microsoft.Storage/storageAccounts","pfa-dcsa-p-rsg-monitoring","westeurope","AtosManaged=AtosAutomation;BUPF=BU03903U;PROJETPF=DAIS_infra;PF_ENV=production;PF_APPLI=AZURE;PF_COMPOSANT=mutualise;PF_POLE=Infra","PlanDisabled|Free","2026-04-14 16:15:42"
"c664c897-9cf2-4584-b065-b502d3b80fa7","pf-hub-hds-mgmt","StorageAccounts","Defender for Storage","HIGH","Free","/subscriptions/9fd15a8e-f3d7-472a-adcd-b2900a374b0d/resourceGroups/pfa-dcsa-p-rsg-reporting/providers/Microsoft.Storage/storageAccounts/stszpfgpfgmbilling001","stszpfgpfgmbilling001","Microsoft.Storage/storageAccounts","pfa-dcsa-p-rsg-reporting","westeurope","BUPF=BU03903U;PROJETPF=DAIS_infra;PF_ENV=production;PF_APPLI=AZURE;PF_COMPOSANT=mutualise;PF_POLE=Infra","PlanDisabled|Free","2026-04-14 16:15:42"
"c664c897-9cf2-4584-b065-b502d3b80fa7","pf-hub-hds-mgmt","StorageAccounts","Defender for Storage","HIGH","Free","/subscriptions/9fd15a8e-f3d7-472a-adcd-b2900a374b0d/resourceGroups/pfa-dcsa-p-rsg-monitoring/providers/Microsoft.Storage/storageAccounts/qrryku7kbfykaazscripts","qrryku7kbfykaazscripts","Microsoft.Storage/storageAccounts","pfa-dcsa-p-rsg-monitoring","westeurope","AtosManaged=AtosAutomation;BUPF=BU03903U;PROJETPF=DAIS_infra;PF_ENV=production;PF_APPLI=AZURE;PF_COMPOSANT=mutualise;PF_POLE=Infra","PlanDisabled|Free","2026-04-14 16:15:42"
"c664c897-9cf2-4584-b065-b502d3b80fa7","pf-hub-hds-mgmt","StorageAccounts","Defender for Storage","HIGH","Free","/subscriptions/9fd15a8e-f3d7-472a-adcd-b2900a374b0d/resourceGroups/pfa-dcsa-p-rsg-reporting/providers/Microsoft.Storage/storageAccounts/pfazzkikvlevgkbq","pfazzkikvlevgkbq","Microsoft.Storage/storageAccounts","pfa-dcsa-p-rsg-reporting","westeurope","AtosManaged=AtosReporting;BUPF=BU03903U;PROJETPF=DAIS_infra;PF_ENV=production;PF_APPLI=AZURE;PF_COMPOSANT=mutualise;PF_POLE=Infra","PlanDisabled|Free","2026-04-14 16:15:42"
"c664c897-9cf2-4584-b065-b502d3b80fa7","pf-hub-hds-mgmt","StorageAccounts","Defender for Storage","HIGH","Free","/subscriptions/9fd15a8e-f3d7-472a-adcd-b2900a374b0d/resourceGroups/pfa-dcsa-p-rsg-image/providers/Microsoft.Storage/storageAccounts/pfatlem2jay7w5n4","pfatlem2jay7w5n4","Microsoft.Storage/storageAccounts","pfa-dcsa-p-rsg-image","westeurope","AtosManaged=AtosSharedImageGallery;BUPF=BU03903U;PROJETPF=DAIS_infra;PF_ENV=production;PF_APPLI=AZURE;PF_COMPOSANT=mutualise;PF_POLE=Infra","PlanDisabled|Free","2026-04-14 16:15:42"
"c664c897-9cf2-4584-b065-b502d3b80fa7","pf-hub-hds-mgmt","StorageAccounts","Defender for Storage","HIGH","Free","/subscriptions/9fd15a8e-f3d7-472a-adcd-b2900a374b0d/resourceGroups/pfa-dcsa-p-rsg-backupEntra/providers/Microsoft.Storage/storageAccounts/stszpfgfunctionbackupsto","stszpfgfunctionbackupsto","Microsoft.Storage/storageAccounts","pfa-dcsa-p-rsg-backupEntra","westeurope","BUPF=BU03903U;PF_APPLI=AZURE;PF_COMPOSANT=mutualise;PF_ENV=production;PF_POLE=Infra","PlanDisabled|Free","2026-04-14 16:15:42"
"c664c897-9cf2-4584-b065-b502d3b80fa7","pf-hub-hds-mgmt","StorageAccounts","Defender for Storage","HIGH","Free","/subscriptions/9fd15a8e-f3d7-472a-adcd-b2900a374b0d/resourceGroups/pfa-dcsa-p-rsg-backupEntra/providers/Microsoft.Storage/storageAccounts/stszpfgexportbackupsto","stszpfgexportbackupsto","Microsoft.Storage/storageAccounts","pfa-dcsa-p-rsg-backupEntra","westeurope","BUPF=BU03903U;PF_APPLI=AZURE;PF_COMPOSANT=mutualise;PF_ENV=production;PF_POLE=Infra","PlanDisabled|Free","2026-04-14 16:15:42"
"c664c897-9cf2-4584-b065-b502d3b80fa7","pf-hub-hds-mgmt","StorageAccounts","Defender for Storage","HIGH","Free","/subscriptions/9fd15a8e-f3d7-472a-adcd-b2900a374b0d/resourceGroups/pfa-dcsa-p-rsg-eventhubtest/providers/Microsoft.Storage/storageAccounts/stszpfgeventhubsnow","stszpfgeventhubsnow","Microsoft.Storage/storageAccounts","pfa-dcsa-p-rsg-eventhubtest","westeurope","BUPF=BU03903U;PF_APPLI=AZURE;PF_COMPOSANT=mutualise;PF_ENV=production;PF_POLE=Infra","PlanDisabled|Free","2026-04-14 16:15:42"
"c664c897-9cf2-4584-b065-b502d3b80fa7","pf-hub-hds-mgmt","StorageAccounts","Defender for Storage","HIGH","Free","/subscriptions/9fd15a8e-f3d7-472a-adcd-b2900a374b0d/resourceGroups/pfa-dcsa-p-rsg-eventhubtest/providers/Microsoft.Storage/storageAccounts/pfaevhsnowintegration","pfaevhsnowintegration","Microsoft.Storage/storageAccounts","pfa-dcsa-p-rsg-eventhubtest","westeurope","BUPF=BU03903U;PF_APPLI=AZURE;PF_COMPOSANT=mutualise;PF_ENV=production;PF_POLE=Infra","PlanDisabled|Free","2026-04-14 16:15:42"
"c664c897-9cf2-4584-b065-b502d3b80fa7","pf-hub-hds-mgmt","AppServices","Defender for App Service","HIGH","Free","/subscriptions/9fd15a8e-f3d7-472a-adcd-b2900a374b0d/resourceGroups/pfa-dcsa-p-rsg-backupEntra/providers/Microsoft.Web/sites/fapp-pfg-backupentra-prd","fapp-pfg-backupentra-prd","Microsoft.Web/sites","pfa-dcsa-p-rsg-backupEntra","westeurope","BUPF=BU03903U;PF_APPLI=AZURE;PF_COMPOSANT=mutualise;PF_ENV=production;PF_POLE=Infra;hidden-link: /app-insights-resource-id=/subscriptions/9fd15a8e-f3d7-472a-adcd-b2900a374b0d/resourceGroups/pfa-dcsa-p-rsg-backupEntra/providers/microsoft.insights/components/appi-pfg-backupentra-prd;hidden-link: /app-insights-instrumentation-key=078e122b-0c6f-47fc-9a40-3fc5672dd3e4;hidden-link: /app-insights-conn-string=InstrumentationKey=078e122b-0c6f-47fc-9a40-3fc5672dd3e4;IngestionEndpoint=https://westeurope-5.in.applicationinsights.azure.com/;LiveEndpoint=https://westeurope.livediagnostics.monitor.azure.com/;ApplicationId=c4e2b709-79b1-4411-9b1c-74d40bdf5afd","PlanDisabled|Free","2026-04-14 16:15:42"
"c664c897-9cf2-4584-b065-b502d3b80fa7","pf-hub-hds-mgmt","Arm","Defender for Resource Manager","MEDIUM","Free","SubscriptionLevel","N/A","N/A","N/A","N/A","","PlanDisabled|Free","2026-04-14 16:15:42"
"b89be179-0dd2-466a-8bf7-a4bf3da859e3","pf-hub-infra","VirtualMachines","Defender for Servers","CRITICAL","Free","/subscriptions/9fd15a8e-f3d7-472a-adcd-b2900a374b0d/resourceGroups/rg-pf-hub-management-gravitee-admin/providers/Microsoft.Compute/virtualMachines/PFAZRVPINFAPI01","PFAZRVPINFAPI01","Microsoft.Compute/virtualMachines","rg-pf-hub-management-gravitee-admin","westeurope","AtosBackup=Default;BUPF=BU03903U;PF_APPLI=AZURE;PF_COMPOSANT=mutualise;PF_ENV=production;PF_POLE=Infra","PlanDisabled|Free","2026-04-14 16:15:43"
"b89be179-0dd2-466a-8bf7-a4bf3da859e3","pf-hub-infra","Containers","Defender for Containers","CRITICAL","Free","/subscriptions/9fd15a8e-f3d7-472a-adcd-b2900a374b0d/resourceGroups/rg-pf-hub-management-runner-001/providers/Microsoft.ContainerService/managedClusters/aks-pf-git-p-runner","aks-pf-git-p-runner","Microsoft.ContainerService/managedClusters","rg-pf-hub-management-runner-001","westeurope","BUPF=BU03903U;PF_APPLI=AZURE;PF_COMPOSANT=mutualise;PF_ENV=production;PF_POLE=Infra","PlanDisabled|Free","2026-04-14 16:15:43"
"b89be179-0dd2-466a-8bf7-a4bf3da859e3","pf-hub-infra","StorageAccounts","Defender for Storage","HIGH","Free","/subscriptions/9fd15a8e-f3d7-472a-adcd-b2900a374b0d/resourceGroups/pfa-dcsa-p-rsg-monitoring/providers/Microsoft.Storage/storageAccounts/k4wkap5jcw54qazscripts","k4wkap5jcw54qazscripts","Microsoft.Storage/storageAccounts","pfa-dcsa-p-rsg-monitoring","westeurope","AtosManaged=AtosAutomation;BUPF=BU03903U;PROJETPF=DAIS_infra;PF_ENV=production;PF_APPLI=AZURE;PF_COMPOSANT=mutualise;PF_POLE=Infra","PlanDisabled|Free","2026-04-14 16:15:43"
"b89be179-0dd2-466a-8bf7-a4bf3da859e3","pf-hub-infra","StorageAccounts","Defender for Storage","HIGH","Free","/subscriptions/9fd15a8e-f3d7-472a-adcd-b2900a374b0d/resourceGroups/pfa-dcsa-p-rsg-reporting/providers/Microsoft.Storage/storageAccounts/stszpfgpfgmbilling001","stszpfgpfgmbilling001","Microsoft.Storage/storageAccounts","pfa-dcsa-p-rsg-reporting","westeurope","BUPF=BU03903U;PROJETPF=DAIS_infra;PF_ENV=production;PF_APPLI=AZURE;PF_COMPOSANT=mutualise;PF_POLE=Infra","PlanDisabled|Free","2026-04-14 16:15:43"
"b89be179-0dd2-466a-8bf7-a4bf3da859e3","pf-hub-infra","StorageAccounts","Defender for Storage","HIGH","Free","/subscriptions/9fd15a8e-f3d7-472a-adcd-b2900a374b0d/resourceGroups/pfa-dcsa-p-rsg-monitoring/providers/Microsoft.Storage/storageAccounts/qrryku7kbfykaazscripts","qrryku7kbfykaazscripts","Microsoft.Storage/storageAccounts","pfa-dcsa-p-rsg-monitoring","westeurope","AtosManaged=AtosAutomation;BUPF=BU03903U;PROJETPF=DAIS_infra;PF_ENV=production;PF_APPLI=AZURE;PF_COMPOSANT=mutualise;PF_POLE=Infra","PlanDisabled|Free","2026-04-14 16:15:43"
"b89be179-0dd2-466a-8bf7-a4bf3da859e3","pf-hub-infra","StorageAccounts","Defender for Storage","HIGH","Free","/subscriptions/9fd15a8e-f3d7-472a-adcd-b2900a374b0d/resourceGroups/pfa-dcsa-p-rsg-reporting/providers/Microsoft.Storage/storageAccounts/pfazzkikvlevgkbq","pfazzkikvlevgkbq","Microsoft.Storage/storageAccounts","pfa-dcsa-p-rsg-reporting","westeurope","AtosManaged=AtosReporting;BUPF=BU03903U;PROJETPF=DAIS_infra;PF_ENV=production;PF_APPLI=AZURE;PF_COMPOSANT=mutualise;PF_POLE=Infra","PlanDisabled|Free","2026-04-14 16:15:43"
"b89be179-0dd2-466a-8bf7-a4bf3da859e3","pf-hub-infra","StorageAccounts","Defender for Storage","HIGH","Free","/subscriptions/9fd15a8e-f3d7-472a-adcd-b2900a374b0d/resourceGroups/pfa-dcsa-p-rsg-image/providers/Microsoft.Storage/storageAccounts/pfatlem2jay7w5n4","pfatlem2jay7w5n4","Microsoft.Storage/storageAccounts","pfa-dcsa-p-rsg-image","westeurope","AtosManaged=AtosSharedImageGallery;BUPF=BU03903U;PROJETPF=DAIS_infra;PF_ENV=production;PF_APPLI=AZURE;PF_COMPOSANT=mutualise;PF_POLE=Infra","PlanDisabled|Free","2026-04-14 16:15:43"
"b89be179-0dd2-466a-8bf7-a4bf3da859e3","pf-hub-infra","StorageAccounts","Defender for Storage","HIGH","Free","/subscriptions/9fd15a8e-f3d7-472a-adcd-b2900a374b0d/resourceGroups/pfa-dcsa-p-rsg-backupEntra/providers/Microsoft.Storage/storageAccounts/stszpfgfunctionbackupsto","stszpfgfunctionbackupsto","Microsoft.Storage/storageAccounts","pfa-dcsa-p-rsg-backupEntra","westeurope","BUPF=BU03903U;PF_APPLI=AZURE;PF_COMPOSANT=mutualise;PF_ENV=production;PF_POLE=Infra","PlanDisabled|Free","2026-04-14 16:15:43"
"b89be179-0dd2-466a-8bf7-a4bf3da859e3","pf-hub-infra","StorageAccounts","Defender for Storage","HIGH","Free","/subscriptions/9fd15a8e-f3d7-472a-adcd-b2900a374b0d/resourceGroups/pfa-dcsa-p-rsg-backupEntra/providers/Microsoft.Storage/storageAccounts/stszpfgexportbackupsto","stszpfgexportbackupsto","Microsoft.Storage/storageAccounts","pfa-dcsa-p-rsg-backupEntra","westeurope","BUPF=BU03903U;PF_APPLI=AZURE;PF_COMPOSANT=mutualise;PF_ENV=production;PF_POLE=Infra","PlanDisabled|Free","2026-04-14 16:15:43"
"b89be179-0dd2-466a-8bf7-a4bf3da859e3","pf-hub-infra","StorageAccounts","Defender for Storage","HIGH","Free","/subscriptions/9fd15a8e-f3d7-472a-adcd-b2900a374b0d/resourceGroups/pfa-dcsa-p-rsg-eventhubtest/providers/Microsoft.Storage/storageAccounts/stszpfgeventhubsnow","stszpfgeventhubsnow","Microsoft.Storage/storageAccounts","pfa-dcsa-p-rsg-eventhubtest","westeurope","BUPF=BU03903U;PF_APPLI=AZURE;PF_COMPOSANT=mutualise;PF_ENV=production;PF_POLE=Infra","PlanDisabled|Free","2026-04-14 16:15:43"
"b89be179-0dd2-466a-8bf7-a4bf3da859e3","pf-hub-infra","StorageAccounts","Defender for Storage","HIGH","Free","/subscriptions/9fd15a8e-f3d7-472a-adcd-b2900a374b0d/resourceGroups/pfa-dcsa-p-rsg-eventhubtest/providers/Microsoft.Storage/storageAccounts/pfaevhsnowintegration","pfaevhsnowintegration","Microsoft.Storage/storageAccounts","pfa-dcsa-p-rsg-eventhubtest","westeurope","BUPF=BU03903U;PF_APPLI=AZURE;PF_COMPOSANT=mutualise;PF_ENV=production;PF_POLE=Infra","PlanDisabled|Free","2026-04-14 16:15:43"
"b89be179-0dd2-466a-8bf7-a4bf3da859e3","pf-hub-infra","AppServices","Defender for App Service","HIGH","Free","/subscriptions/9fd15a8e-f3d7-472a-adcd-b2900a374b0d/resourceGroups/pfa-dcsa-p-rsg-backupEntra/providers/Microsoft.Web/sites/fapp-pfg-backupentra-prd","fapp-pfg-backupentra-prd","Microsoft.Web/sites","pfa-dcsa-p-rsg-backupEntra","westeurope","BUPF=BU03903U;PF_APPLI=AZURE;PF_COMPOSANT=mutualise;PF_ENV=production;PF_POLE=Infra;hidden-link: /app-insights-resource-id=/subscriptions/9fd15a8e-f3d7-472a-adcd-b2900a374b0d/resourceGroups/pfa-dcsa-p-rsg-backupEntra/providers/microsoft.insights/components/appi-pfg-backupentra-prd;hidden-link: /app-insights-instrumentation-key=078e122b-0c6f-47fc-9a40-3fc5672dd3e4;hidden-link: /app-insights-conn-string=InstrumentationKey=078e122b-0c6f-47fc-9a40-3fc5672dd3e4;IngestionEndpoint=https://westeurope-5.in.applicationinsights.azure.com/;LiveEndpoint=https://westeurope.livediagnostics.monitor.azure.com/;ApplicationId=c4e2b709-79b1-4411-9b1c-74d40bdf5afd","PlanDisabled|Free","2026-04-14 16:15:43"
"b89be179-0dd2-466a-8bf7-a4bf3da859e3","pf-hub-infra","Arm","Defender for Resource Manager","MEDIUM","Free","SubscriptionLevel","N/A","N/A","N/A","N/A","","PlanDisabled|Free","2026-04-14 16:15:43"
"b0115623-4ce6-43e0-a745-a84f9b1dec01","pf-hub-management-external","StorageAccounts","Defender for Storage","HIGH","Free","/subscriptions/fcb956b0-4584-45b5-bdaa-b01b1a13f798/resourceGroups/rg-pf-imr-prd-infomed-001/providers/Microsoft.Storage/storageAccounts/stpfimrpfunctions","stpfimrpfunctions","Microsoft.Storage/storageAccounts","rg-pf-imr-prd-infomed-001","westeurope","PF_COMPOSANT=mutualise","PlanDisabled|Free","2026-04-14 16:15:44"
"b0115623-4ce6-43e0-a745-a84f9b1dec01","pf-hub-management-external","StorageAccounts","Defender for Storage","HIGH","Free","/subscriptions/fcb956b0-4584-45b5-bdaa-b01b1a13f798/resourceGroups/rg-pf-imr-prd-infomed-001/providers/Microsoft.Storage/storageAccounts/stpfimrpinfomed","stpfimrpinfomed","Microsoft.Storage/storageAccounts","rg-pf-imr-prd-infomed-001","westeurope","PF_COMPOSANT=mutualise","PlanDisabled|Free","2026-04-14 16:15:44"
"b0115623-4ce6-43e0-a745-a84f9b1dec01","pf-hub-management-external","AppServices","Defender for App Service","HIGH","Free","/subscriptions/fcb956b0-4584-45b5-bdaa-b01b1a13f798/resourceGroups/rg-pf-imr-prd-infomed-001/providers/Microsoft.Web/sites/wapp-pfg-imr-p-back","wapp-pfg-imr-p-back","Microsoft.Web/sites","rg-pf-imr-prd-infomed-001","westeurope","PF_COMPOSANT=mutualise;hidden-link: /app-insights-resource-id=/subscriptions/fcb956b0-4584-45b5-bdaa-b01b1a13f798/resourceGroups/rg-pf-imr-prd-infomed-001/providers/microsoft.insights/components/appins-pf-imr-p-wapps;hidden-link: /app-insights-instrumentation-key=2f9f6de6-0f0f-4eeb-bd04-8c1cdcbb53cc;hidden-link: /app-insights-conn-string=InstrumentationKey=2f9f6de6-0f0f-4eeb-bd04-8c1cdcbb53cc;IngestionEndpoint=https://westeurope-5.in.applicationinsights.azure.com/;LiveEndpoint=https://westeurope.livediagnostics.monitor.azure.com/;ApplicationId=8b0cccf8-27d8-4925-9c8b-7d22e8a5de12;BUPF=BU01088U;PF_APPLI=INFOMED REQUEST ANALYZER;PF_ENV=production;PF_POLE=R&D DCPC","PlanDisabled|Free","2026-04-14 16:15:44"
"b0115623-4ce6-43e0-a745-a84f9b1dec01","pf-hub-management-external","AppServices","Defender for App Service","HIGH","Free","/subscriptions/fcb956b0-4584-45b5-bdaa-b01b1a13f798/resourceGroups/rg-pf-imr-prd-infomed-001/providers/Microsoft.Web/sites/wapp-pfg-imr-p-front","wapp-pfg-imr-p-front","Microsoft.Web/sites","rg-pf-imr-prd-infomed-001","westeurope","PF_COMPOSANT=mutualise;hidden-link: /app-insights-resource-id=/subscriptions/fcb956b0-4584-45b5-bdaa-b01b1a13f798/resourceGroups/rg-pf-imr-prd-infomed-001/providers/microsoft.insights/components/appins-pf-imr-p-wapps;hidden-link: /app-insights-instrumentation-key=2f9f6de6-0f0f-4eeb-bd04-8c1cdcbb53cc;hidden-link: /app-insights-conn-string=InstrumentationKey=2f9f6de6-0f0f-4eeb-bd04-8c1cdcbb53cc;IngestionEndpoint=https://westeurope-5.in.applicationinsights.azure.com/;LiveEndpoint=https://westeurope.livediagnostics.monitor.azure.com/;ApplicationId=8b0cccf8-27d8-4925-9c8b-7d22e8a5de12;BUPF=BU01088U;PF_APPLI=INFOMED REQUEST ANALYZER;PF_ENV=production;PF_POLE=R&D DCPC","PlanDisabled|Free","2026-04-14 16:15:44"
"b0115623-4ce6-43e0-a745-a84f9b1dec01","pf-hub-management-external","AppServices","Defender for App Service","HIGH","Free","/subscriptions/fcb956b0-4584-45b5-bdaa-b01b1a13f798/resourceGroups/rg-pf-imr-prd-infomed-001/providers/Microsoft.Web/sites/fapp-pfg-imr-p-infomed","fapp-pfg-imr-p-infomed","Microsoft.Web/sites","rg-pf-imr-prd-infomed-001","westeurope","hidden-link: /app-insights-resource-id=/subscriptions/fcb956b0-4584-45b5-bdaa-b01b1a13f798/resourceGroups/rg-pf-imr-prd-infomed-001/providers/microsoft.insights/components/appins-pf-imr-p-fapps;PF_COMPOSANT=mutualise;BUPF=BU01088U;PF_APPLI=INFOMED REQUEST ANALYZER;PF_ENV=production;PF_POLE=R&D DCPC","PlanDisabled|Free","2026-04-14 16:15:44"
"b0115623-4ce6-43e0-a745-a84f9b1dec01","pf-hub-management-external","CosmosDbs","Defender for Cosmos DB","HIGH","Free","/subscriptions/fcb956b0-4584-45b5-bdaa-b01b1a13f798/resourceGroups/rg-pf-imr-prd-infomed-001/providers/Microsoft.DocumentDb/databaseAccounts/cosmos-pfg-imr-p-back","cosmos-pfg-imr-p-back","Microsoft.DocumentDb/databaseAccounts","rg-pf-imr-prd-infomed-001","westeurope","defaultExperience=Azure Cosmos DB for MongoDB API;hidden-cosmos-mmspecial=;PF_COMPOSANT=mutualise;BUPF=BU01088U;PF_APPLI=INFOMED REQUEST ANALYZER;PF_ENV=production;PF_POLE=R&D DCPC","PlanDisabled|Free","2026-04-14 16:15:44"
"b0115623-4ce6-43e0-a745-a84f9b1dec01","pf-hub-management-external","Arm","Defender for Resource Manager","MEDIUM","Free","SubscriptionLevel","N/A","N/A","N/A","N/A","","PlanDisabled|Free","2026-04-14 16:15:44"
"fcb956b0-4584-45b5-bdaa-b01b1a13f798","pf-imr-prd","StorageAccounts","Defender for Storage","HIGH","Free","/subscriptions/fcb956b0-4584-45b5-bdaa-b01b1a13f798/resourceGroups/rg-pf-imr-prd-infomed-001/providers/Microsoft.Storage/storageAccounts/stpfimrpfunctions","stpfimrpfunctions","Microsoft.Storage/storageAccounts","rg-pf-imr-prd-infomed-001","westeurope","PF_COMPOSANT=mutualise","PlanDisabled|Free","2026-04-14 16:15:44"
"fcb956b0-4584-45b5-bdaa-b01b1a13f798","pf-imr-prd","StorageAccounts","Defender for Storage","HIGH","Free","/subscriptions/fcb956b0-4584-45b5-bdaa-b01b1a13f798/resourceGroups/rg-pf-imr-prd-infomed-001/providers/Microsoft.Storage/storageAccounts/stpfimrpinfomed","stpfimrpinfomed","Microsoft.Storage/storageAccounts","rg-pf-imr-prd-infomed-001","westeurope","PF_COMPOSANT=mutualise","PlanDisabled|Free","2026-04-14 16:15:44"
"fcb956b0-4584-45b5-bdaa-b01b1a13f798","pf-imr-prd","AppServices","Defender for App Service","HIGH","Free","/subscriptions/fcb956b0-4584-45b5-bdaa-b01b1a13f798/resourceGroups/rg-pf-imr-prd-infomed-001/providers/Microsoft.Web/sites/wapp-pfg-imr-p-back","wapp-pfg-imr-p-back","Microsoft.Web/sites","rg-pf-imr-prd-infomed-001","westeurope","PF_COMPOSANT=mutualise;hidden-link: /app-insights-resource-id=/subscriptions/fcb956b0-4584-45b5-bdaa-b01b1a13f798/resourceGroups/rg-pf-imr-prd-infomed-001/providers/microsoft.insights/components/appins-pf-imr-p-wapps;hidden-link: /app-insights-instrumentation-key=2f9f6de6-0f0f-4eeb-bd04-8c1cdcbb53cc;hidden-link: /app-insights-conn-string=InstrumentationKey=2f9f6de6-0f0f-4eeb-bd04-8c1cdcbb53cc;IngestionEndpoint=https://westeurope-5.in.applicationinsights.azure.com/;LiveEndpoint=https://westeurope.livediagnostics.monitor.azure.com/;ApplicationId=8b0cccf8-27d8-4925-9c8b-7d22e8a5de12;BUPF=BU01088U;PF_APPLI=INFOMED REQUEST ANALYZER;PF_ENV=production;PF_POLE=R&D DCPC","PlanDisabled|Free","2026-04-14 16:15:44"
"fcb956b0-4584-45b5-bdaa-b01b1a13f798","pf-imr-prd","AppServices","Defender for App Service","HIGH","Free","/subscriptions/fcb956b0-4584-45b5-bdaa-b01b1a13f798/resourceGroups/rg-pf-imr-prd-infomed-001/providers/Microsoft.Web/sites/wapp-pfg-imr-p-front","wapp-pfg-imr-p-front","Microsoft.Web/sites","rg-pf-imr-prd-infomed-001","westeurope","PF_COMPOSANT=mutualise;hidden-link: /app-insights-resource-id=/subscriptions/fcb956b0-4584-45b5-bdaa-b01b1a13f798/resourceGroups/rg-pf-imr-prd-infomed-001/providers/microsoft.insights/components/appins-pf-imr-p-wapps;hidden-link: /app-insights-instrumentation-key=2f9f6de6-0f0f-4eeb-bd04-8c1cdcbb53cc;hidden-link: /app-insights-conn-string=InstrumentationKey=2f9f6de6-0f0f-4eeb-bd04-8c1cdcbb53cc;IngestionEndpoint=https://westeurope-5.in.applicationinsights.azure.com/;LiveEndpoint=https://westeurope.livediagnostics.monitor.azure.com/;ApplicationId=8b0cccf8-27d8-4925-9c8b-7d22e8a5de12;BUPF=BU01088U;PF_APPLI=INFOMED REQUEST ANALYZER;PF_ENV=production;PF_POLE=R&D DCPC","PlanDisabled|Free","2026-04-14 16:15:44"
"fcb956b0-4584-45b5-bdaa-b01b1a13f798","pf-imr-prd","AppServices","Defender for App Service","HIGH","Free","/subscriptions/fcb956b0-4584-45b5-bdaa-b01b1a13f798/resourceGroups/rg-pf-imr-prd-infomed-001/providers/Microsoft.Web/sites/fapp-pfg-imr-p-infomed","fapp-pfg-imr-p-infomed","Microsoft.Web/sites","rg-pf-imr-prd-infomed-001","westeurope","hidden-link: /app-insights-resource-id=/subscriptions/fcb956b0-4584-45b5-bdaa-b01b1a13f798/resourceGroups/rg-pf-imr-prd-infomed-001/providers/microsoft.insights/components/appins-pf-imr-p-fapps;PF_COMPOSANT=mutualise;BUPF=BU01088U;PF_APPLI=INFOMED REQUEST ANALYZER;PF_ENV=production;PF_POLE=R&D DCPC","PlanDisabled|Free","2026-04-14 16:15:44"
"fcb956b0-4584-45b5-bdaa-b01b1a13f798","pf-imr-prd","CosmosDbs","Defender for Cosmos DB","HIGH","Free","/subscriptions/fcb956b0-4584-45b5-bdaa-b01b1a13f798/resourceGroups/rg-pf-imr-prd-infomed-001/providers/Microsoft.DocumentDb/databaseAccounts/cosmos-pfg-imr-p-back","cosmos-pfg-imr-p-back","Microsoft.DocumentDb/databaseAccounts","rg-pf-imr-prd-infomed-001","westeurope","defaultExperience=Azure Cosmos DB for MongoDB API;hidden-cosmos-mmspecial=;PF_COMPOSANT=mutualise;BUPF=BU01088U;PF_APPLI=INFOMED REQUEST ANALYZER;PF_ENV=production;PF_POLE=R&D DCPC","PlanDisabled|Free","2026-04-14 16:15:44"
"fcb956b0-4584-45b5-bdaa-b01b1a13f798","pf-imr-prd","Arm","Defender for Resource Manager","MEDIUM","Free","SubscriptionLevel","N/A","N/A","N/A","N/A","","PlanDisabled|Free","2026-04-14 16:15:44"
"1cf19bd7-ed6b-4224-a89e-0cd67bddbd28","pf-imr-dev","StorageAccounts","Defender for Storage","HIGH","Free","/subscriptions/eefcdfdc-8270-4840-8c99-3eb26f1ee460/resourceGroups/rg-pf-imr-stg-infomed-001/providers/Microsoft.Storage/storageAccounts/stpfimrsfunctions","stpfimrsfunctions","Microsoft.Storage/storageAccounts","rg-pf-imr-stg-infomed-001","westeurope","PF_COMPOSANT=mutualise","PlanDisabled|Free","2026-04-14 16:15:44"
"1cf19bd7-ed6b-4224-a89e-0cd67bddbd28","pf-imr-dev","StorageAccounts","Defender for Storage","HIGH","Free","/subscriptions/eefcdfdc-8270-4840-8c99-3eb26f1ee460/resourceGroups/rg-pf-imr-stg-infomed-001/providers/Microsoft.Storage/storageAccounts/stpfimrsinfomed","stpfimrsinfomed","Microsoft.Storage/storageAccounts","rg-pf-imr-stg-infomed-001","westeurope","PF_COMPOSANT=mutualise","PlanDisabled|Free","2026-04-14 16:15:44"
"1cf19bd7-ed6b-4224-a89e-0cd67bddbd28","pf-imr-dev","AppServices","Defender for App Service","HIGH","Free","/subscriptions/eefcdfdc-8270-4840-8c99-3eb26f1ee460/resourceGroups/rg-pf-imr-stg-infomed-001/providers/Microsoft.Web/sites/wapp-pfg-imr-s-back","wapp-pfg-imr-s-back","Microsoft.Web/sites","rg-pf-imr-stg-infomed-001","westeurope","PF_COMPOSANT=mutualise;hidden-link: /app-insights-resource-id=/subscriptions/eefcdfdc-8270-4840-8c99-3eb26f1ee460/resourceGroups/rg-pf-imr-stg-infomed-001/providers/microsoft.insights/components/appins-pf-imr-s-wapps;hidden-link: /app-insights-instrumentation-key=8f03e200-71d1-41bd-8bdd-b69554597080;hidden-link: /app-insights-conn-string=InstrumentationKey=8f03e200-71d1-41bd-8bdd-b69554597080;IngestionEndpoint=https://westeurope-5.in.applicationinsights.azure.com/;LiveEndpoint=https://westeurope.livediagnostics.monitor.azure.com/;ApplicationId=537f851f-83cb-4847-aec0-bcfde6090dd0;BUPF=BU01088U;PF_APPLI=IMR;PF_ENV=staging;PF_POLE=R&D DCPC","PlanDisabled|Free","2026-04-14 16:15:44"
"1cf19bd7-ed6b-4224-a89e-0cd67bddbd28","pf-imr-dev","AppServices","Defender for App Service","HIGH","Free","/subscriptions/eefcdfdc-8270-4840-8c99-3eb26f1ee460/resourceGroups/rg-pf-imr-stg-infomed-001/providers/Microsoft.Web/sites/wapp-pfg-imr-s-front","wapp-pfg-imr-s-front","Microsoft.Web/sites","rg-pf-imr-stg-infomed-001","westeurope","PF_COMPOSANT=mutualise;hidden-link: /app-insights-resource-id=/subscriptions/eefcdfdc-8270-4840-8c99-3eb26f1ee460/resourceGroups/rg-pf-imr-stg-infomed-001/providers/microsoft.insights/components/appins-pf-imr-s-wapps;hidden-link: /app-insights-instrumentation-key=8f03e200-71d1-41bd-8bdd-b69554597080;hidden-link: /app-insights-conn-string=InstrumentationKey=8f03e200-71d1-41bd-8bdd-b69554597080;IngestionEndpoint=https://westeurope-5.in.applicationinsights.azure.com/;LiveEndpoint=https://westeurope.livediagnostics.monitor.azure.com/;ApplicationId=537f851f-83cb-4847-aec0-bcfde6090dd0;BUPF=BU01088U;PF_APPLI=IMR;PF_ENV=staging;PF_POLE=R&D DCPC","PlanDisabled|Free","2026-04-14 16:15:44"
"1cf19bd7-ed6b-4224-a89e-0cd67bddbd28","pf-imr-dev","AppServices","Defender for App Service","HIGH","Free","/subscriptions/eefcdfdc-8270-4840-8c99-3eb26f1ee460/resourceGroups/rg-pf-imr-stg-infomed-001/providers/Microsoft.Web/sites/fapp-pfg-imr-s-infomed","fapp-pfg-imr-s-infomed","Microsoft.Web/sites","rg-pf-imr-stg-infomed-001","westeurope","PF_COMPOSANT=mutualise;hidden-link: /app-insights-resource-id=/subscriptions/eefcdfdc-8270-4840-8c99-3eb26f1ee460/resourceGroups/rg-pf-imr-stg-infomed-001/providers/microsoft.insights/components/appins-pf-imr-s-fapps;hidden-link: /app-insights-instrumentation-key=79047f18-2de3-4bb1-abf3-03cc7c91ed1d;hidden-link: /app-insights-conn-string=InstrumentationKey=79047f18-2de3-4bb1-abf3-03cc7c91ed1d;IngestionEndpoint=https://westeurope-5.in.applicationinsights.azure.com/;LiveEndpoint=https://westeurope.livediagnostics.monitor.azure.com/;ApplicationId=bf45a3db-56b4-4818-91fa-311481a90f59;BUPF=BU01088U;PF_APPLI=IMR;PF_ENV=staging;PF_POLE=R&D DCPC","PlanDisabled|Free","2026-04-14 16:15:44"
"1cf19bd7-ed6b-4224-a89e-0cd67bddbd28","pf-imr-dev","CosmosDbs","Defender for Cosmos DB","HIGH","Free","/subscriptions/eefcdfdc-8270-4840-8c99-3eb26f1ee460/resourceGroups/rg-pf-imr-stg-infomed-001/providers/Microsoft.DocumentDb/databaseAccounts/cosmos-pfg-imr-s-back","cosmos-pfg-imr-s-back","Microsoft.DocumentDb/databaseAccounts","rg-pf-imr-stg-infomed-001","westeurope","defaultExperience=Azure Cosmos DB for MongoDB API;hidden-cosmos-mmspecial=;PF_COMPOSANT=mutualise;BUPF=BU01088U;PF_APPLI=IMR;PF_ENV=staging;PF_POLE=R&D DCPC","PlanDisabled|Free","2026-04-14 16:15:44"
"1cf19bd7-ed6b-4224-a89e-0cd67bddbd28","pf-imr-dev","Arm","Defender for Resource Manager","MEDIUM","Free","SubscriptionLevel","N/A","N/A","N/A","N/A","","PlanDisabled|Free","2026-04-14 16:15:44"
"eefcdfdc-8270-4840-8c99-3eb26f1ee460","pf-imr-stg","StorageAccounts","Defender for Storage","HIGH","Free","/subscriptions/eefcdfdc-8270-4840-8c99-3eb26f1ee460/resourceGroups/rg-pf-imr-stg-infomed-001/providers/Microsoft.Storage/storageAccounts/stpfimrsfunctions","stpfimrsfunctions","Microsoft.Storage/storageAccounts","rg-pf-imr-stg-infomed-001","westeurope","PF_COMPOSANT=mutualise","PlanDisabled|Free","2026-04-14 16:15:45"
"eefcdfdc-8270-4840-8c99-3eb26f1ee460","pf-imr-stg","StorageAccounts","Defender for Storage","HIGH","Free","/subscriptions/eefcdfdc-8270-4840-8c99-3eb26f1ee460/resourceGroups/rg-pf-imr-stg-infomed-001/providers/Microsoft.Storage/storageAccounts/stpfimrsinfomed","stpfimrsinfomed","Microsoft.Storage/storageAccounts","rg-pf-imr-stg-infomed-001","westeurope","PF_COMPOSANT=mutualise","PlanDisabled|Free","2026-04-14 16:15:45"
"eefcdfdc-8270-4840-8c99-3eb26f1ee460","pf-imr-stg","AppServices","Defender for App Service","HIGH","Free","/subscriptions/eefcdfdc-8270-4840-8c99-3eb26f1ee460/resourceGroups/rg-pf-imr-stg-infomed-001/providers/Microsoft.Web/sites/wapp-pfg-imr-s-back","wapp-pfg-imr-s-back","Microsoft.Web/sites","rg-pf-imr-stg-infomed-001","westeurope","PF_COMPOSANT=mutualise;hidden-link: /app-insights-resource-id=/subscriptions/eefcdfdc-8270-4840-8c99-3eb26f1ee460/resourceGroups/rg-pf-imr-stg-infomed-001/providers/microsoft.insights/components/appins-pf-imr-s-wapps;hidden-link: /app-insights-instrumentation-key=8f03e200-71d1-41bd-8bdd-b69554597080;hidden-link: /app-insights-conn-string=InstrumentationKey=8f03e200-71d1-41bd-8bdd-b69554597080;IngestionEndpoint=https://westeurope-5.in.applicationinsights.azure.com/;LiveEndpoint=https://westeurope.livediagnostics.monitor.azure.com/;ApplicationId=537f851f-83cb-4847-aec0-bcfde6090dd0;BUPF=BU01088U;PF_APPLI=IMR;PF_ENV=staging;PF_POLE=R&D DCPC","PlanDisabled|Free","2026-04-14 16:15:45"
"eefcdfdc-8270-4840-8c99-3eb26f1ee460","pf-imr-stg","AppServices","Defender for App Service","HIGH","Free","/subscriptions/eefcdfdc-8270-4840-8c99-3eb26f1ee460/resourceGroups/rg-pf-imr-stg-infomed-001/providers/Microsoft.Web/sites/wapp-pfg-imr-s-front","wapp-pfg-imr-s-front","Microsoft.Web/sites","rg-pf-imr-stg-infomed-001","westeurope","PF_COMPOSANT=mutualise;hidden-link: /app-insights-resource-id=/subscriptions/eefcdfdc-8270-4840-8c99-3eb26f1ee460/resourceGroups/rg-pf-imr-stg-infomed-001/providers/microsoft.insights/components/appins-pf-imr-s-wapps;hidden-link: /app-insights-instrumentation-key=8f03e200-71d1-41bd-8bdd-b69554597080;hidden-link: /app-insights-conn-string=InstrumentationKey=8f03e200-71d1-41bd-8bdd-b69554597080;IngestionEndpoint=https://westeurope-5.in.applicationinsights.azure.com/;LiveEndpoint=https://westeurope.livediagnostics.monitor.azure.com/;ApplicationId=537f851f-83cb-4847-aec0-bcfde6090dd0;BUPF=BU01088U;PF_APPLI=IMR;PF_ENV=staging;PF_POLE=R&D DCPC","PlanDisabled|Free","2026-04-14 16:15:45"
"eefcdfdc-8270-4840-8c99-3eb26f1ee460","pf-imr-stg","AppServices","Defender for App Service","HIGH","Free","/subscriptions/eefcdfdc-8270-4840-8c99-3eb26f1ee460/resourceGroups/rg-pf-imr-stg-infomed-001/providers/Microsoft.Web/sites/fapp-pfg-imr-s-infomed","fapp-pfg-imr-s-infomed","Microsoft.Web/sites","rg-pf-imr-stg-infomed-001","westeurope","PF_COMPOSANT=mutualise;hidden-link: /app-insights-resource-id=/subscriptions/eefcdfdc-8270-4840-8c99-3eb26f1ee460/resourceGroups/rg-pf-imr-stg-infomed-001/providers/microsoft.insights/components/appins-pf-imr-s-fapps;hidden-link: /app-insights-instrumentation-key=79047f18-2de3-4bb1-abf3-03cc7c91ed1d;hidden-link: /app-insights-conn-string=InstrumentationKey=79047f18-2de3-4bb1-abf3-03cc7c91ed1d;IngestionEndpoint=https://westeurope-5.in.applicationinsights.azure.com/;LiveEndpoint=https://westeurope.livediagnostics.monitor.azure.com/;ApplicationId=bf45a3db-56b4-4818-91fa-311481a90f59;BUPF=BU01088U;PF_APPLI=IMR;PF_ENV=staging;PF_POLE=R&D DCPC","PlanDisabled|Free","2026-04-14 16:15:45"
"eefcdfdc-8270-4840-8c99-3eb26f1ee460","pf-imr-stg","CosmosDbs","Defender for Cosmos DB","HIGH","Free","/subscriptions/eefcdfdc-8270-4840-8c99-3eb26f1ee460/resourceGroups/rg-pf-imr-stg-infomed-001/providers/Microsoft.DocumentDb/databaseAccounts/cosmos-pfg-imr-s-back","cosmos-pfg-imr-s-back","Microsoft.DocumentDb/databaseAccounts","rg-pf-imr-stg-infomed-001","westeurope","defaultExperience=Azure Cosmos DB for MongoDB API;hidden-cosmos-mmspecial=;PF_COMPOSANT=mutualise;BUPF=BU01088U;PF_APPLI=IMR;PF_ENV=staging;PF_POLE=R&D DCPC","PlanDisabled|Free","2026-04-14 16:15:45"
"eefcdfdc-8270-4840-8c99-3eb26f1ee460","pf-imr-stg","Arm","Defender for Resource Manager","MEDIUM","Free","SubscriptionLevel","N/A","N/A","N/A","N/A","","PlanDisabled|Free","2026-04-14 16:15:45"
"7a62c104-5d83-45f0-95d8-83824c287717","pf-pbi-prd","StorageAccounts","Defender for Storage","HIGH","Free","/subscriptions/fc6f12c7-299f-4db3-a893-eb1dba8b4673/resourceGroups/rg-pf-pic-dev-data-001/providers/Microsoft.Storage/storageAccounts/stpfpicdpic","stpfpicdpic","Microsoft.Storage/storageAccounts","rg-pf-pic-dev-data-001","westeurope","Backup=false;PF_COMPOSANT=mutualise","PlanDisabled|Free","2026-04-14 16:15:46"
"7a62c104-5d83-45f0-95d8-83824c287717","pf-pbi-prd","AppServices","Defender for App Service","HIGH","Free","/subscriptions/fc6f12c7-299f-4db3-a893-eb1dba8b4673/resourceGroups/rg-pf-pic-dev-app-001/providers/Microsoft.Web/sites/wapp-pfg-pic-d-front001","wapp-pfg-pic-d-front001","Microsoft.Web/sites","rg-pf-pic-dev-app-001","westeurope","PF_COMPOSANT=mutualise;hidden-link: /app-insights-resource-id=/subscriptions/fc6f12c7-299f-4db3-a893-eb1dba8b4673/resourceGroups/rg-pf-pic-dev-app-001/providers/microsoft.insights/components/wapp-pfg-pic-d-front001;hidden-link: /app-insights-instrumentation-key=67a6926e-b3fc-48df-bea8-66f770e5d390;hidden-link: /app-insights-conn-string=InstrumentationKey=67a6926e-b3fc-48df-bea8-66f770e5d390;IngestionEndpoint=https://westeurope-5.in.applicationinsights.azure.com/;LiveEndpoint=https://westeurope.livediagnostics.monitor.azure.com/;ApplicationId=7fb3d8af-9e7c-4782-9612-0e466d9f643b","PlanDisabled|Free","2026-04-14 16:15:46"
"7a62c104-5d83-45f0-95d8-83824c287717","pf-pbi-prd","AppServices","Defender for App Service","HIGH","Free","/subscriptions/fc6f12c7-299f-4db3-a893-eb1dba8b4673/resourceGroups/rg-pf-pic-dev-app-001/providers/Microsoft.Web/sites/wapp-pfg-pic-d-back001","wapp-pfg-pic-d-back001","Microsoft.Web/sites","rg-pf-pic-dev-app-001","westeurope","PF_COMPOSANT=mutualise","PlanDisabled|Free","2026-04-14 16:15:46"
"7a62c104-5d83-45f0-95d8-83824c287717","pf-pbi-prd","CosmosDbs","Defender for Cosmos DB","HIGH","Free","/subscriptions/fc6f12c7-299f-4db3-a893-eb1dba8b4673/resourceGroups/rg-pf-pic-dev-data-001/providers/Microsoft.DocumentDb/databaseAccounts/cosmos-pfg-pic-d-bd","cosmos-pfg-pic-d-bd","Microsoft.DocumentDb/databaseAccounts","rg-pf-pic-dev-data-001","westeurope","defaultExperience=Azure Cosmos DB for MongoDB API;hidden-workload-type=Production;hidden-cosmos-mmspecial=;PF_COMPOSANT=mutualise","PlanDisabled|Free","2026-04-14 16:15:46"
"7a62c104-5d83-45f0-95d8-83824c287717","pf-pbi-prd","Arm","Defender for Resource Manager","MEDIUM","Free","SubscriptionLevel","N/A","N/A","N/A","N/A","","PlanDisabled|Free","2026-04-14 16:15:46"
"5b04e247-1aec-4179-a30e-a07c1dff524f","pf-pbi-stg","StorageAccounts","Defender for Storage","HIGH","Free","/subscriptions/fc6f12c7-299f-4db3-a893-eb1dba8b4673/resourceGroups/rg-pf-pic-dev-data-001/providers/Microsoft.Storage/storageAccounts/stpfpicdpic","stpfpicdpic","Microsoft.Storage/storageAccounts","rg-pf-pic-dev-data-001","westeurope","Backup=false;PF_COMPOSANT=mutualise","PlanDisabled|Free","2026-04-14 16:15:46"
"5b04e247-1aec-4179-a30e-a07c1dff524f","pf-pbi-stg","AppServices","Defender for App Service","HIGH","Free","/subscriptions/fc6f12c7-299f-4db3-a893-eb1dba8b4673/resourceGroups/rg-pf-pic-dev-app-001/providers/Microsoft.Web/sites/wapp-pfg-pic-d-front001","wapp-pfg-pic-d-front001","Microsoft.Web/sites","rg-pf-pic-dev-app-001","westeurope","PF_COMPOSANT=mutualise;hidden-link: /app-insights-resource-id=/subscriptions/fc6f12c7-299f-4db3-a893-eb1dba8b4673/resourceGroups/rg-pf-pic-dev-app-001/providers/microsoft.insights/components/wapp-pfg-pic-d-front001;hidden-link: /app-insights-instrumentation-key=67a6926e-b3fc-48df-bea8-66f770e5d390;hidden-link: /app-insights-conn-string=InstrumentationKey=67a6926e-b3fc-48df-bea8-66f770e5d390;IngestionEndpoint=https://westeurope-5.in.applicationinsights.azure.com/;LiveEndpoint=https://westeurope.livediagnostics.monitor.azure.com/;ApplicationId=7fb3d8af-9e7c-4782-9612-0e466d9f643b","PlanDisabled|Free","2026-04-14 16:15:46"
"5b04e247-1aec-4179-a30e-a07c1dff524f","pf-pbi-stg","AppServices","Defender for App Service","HIGH","Free","/subscriptions/fc6f12c7-299f-4db3-a893-eb1dba8b4673/resourceGroups/rg-pf-pic-dev-app-001/providers/Microsoft.Web/sites/wapp-pfg-pic-d-back001","wapp-pfg-pic-d-back001","Microsoft.Web/sites","rg-pf-pic-dev-app-001","westeurope","PF_COMPOSANT=mutualise","PlanDisabled|Free","2026-04-14 16:15:46"
"5b04e247-1aec-4179-a30e-a07c1dff524f","pf-pbi-stg","CosmosDbs","Defender for Cosmos DB","HIGH","Free","/subscriptions/fc6f12c7-299f-4db3-a893-eb1dba8b4673/resourceGroups/rg-pf-pic-dev-data-001/providers/Microsoft.DocumentDb/databaseAccounts/cosmos-pfg-pic-d-bd","cosmos-pfg-pic-d-bd","Microsoft.DocumentDb/databaseAccounts","rg-pf-pic-dev-data-001","westeurope","defaultExperience=Azure Cosmos DB for MongoDB API;hidden-workload-type=Production;hidden-cosmos-mmspecial=;PF_COMPOSANT=mutualise","PlanDisabled|Free","2026-04-14 16:15:46"
"5b04e247-1aec-4179-a30e-a07c1dff524f","pf-pbi-stg","Arm","Defender for Resource Manager","MEDIUM","Free","SubscriptionLevel","N/A","N/A","N/A","N/A","","PlanDisabled|Free","2026-04-14 16:15:46"
"fc6f12c7-299f-4db3-a893-eb1dba8b4673","pf-pic-dev","StorageAccounts","Defender for Storage","HIGH","Free","/subscriptions/f3c402cc-e924-4172-9788-357a6e18bd1d/resourceGroups/rg-pf-pic-prd-data-001/providers/Microsoft.Storage/storageAccounts/stpfpicppic","stpfpicppic","Microsoft.Storage/storageAccounts","rg-pf-pic-prd-data-001","westeurope","Backup=false;PF_COMPOSANT=mutualise","PlanDisabled|Free","2026-04-14 16:15:47"
"fc6f12c7-299f-4db3-a893-eb1dba8b4673","pf-pic-dev","AppServices","Defender for App Service","HIGH","Free","/subscriptions/f3c402cc-e924-4172-9788-357a6e18bd1d/resourceGroups/rg-pf-pic-prd-app-001/providers/Microsoft.Web/sites/wapp-pfg-pic-p-front001","wapp-pfg-pic-p-front001","Microsoft.Web/sites","rg-pf-pic-prd-app-001","westeurope","PF_COMPOSANT=mutualise","PlanDisabled|Free","2026-04-14 16:15:47"
"fc6f12c7-299f-4db3-a893-eb1dba8b4673","pf-pic-dev","AppServices","Defender for App Service","HIGH","Free","/subscriptions/f3c402cc-e924-4172-9788-357a6e18bd1d/resourceGroups/rg-pf-pic-prd-app-001/providers/Microsoft.Web/sites/wapp-pfg-pic-p-back001","wapp-pfg-pic-p-back001","Microsoft.Web/sites","rg-pf-pic-prd-app-001","westeurope","PF_COMPOSANT=mutualise","PlanDisabled|Free","2026-04-14 16:15:47"
"fc6f12c7-299f-4db3-a893-eb1dba8b4673","pf-pic-dev","CosmosDbs","Defender for Cosmos DB","HIGH","Free","/subscriptions/f3c402cc-e924-4172-9788-357a6e18bd1d/resourceGroups/rg-pf-pic-prd-data-001/providers/Microsoft.DocumentDb/databaseAccounts/cosmos-pfg-pic-p-bd","cosmos-pfg-pic-p-bd","Microsoft.DocumentDb/databaseAccounts","rg-pf-pic-prd-data-001","westeurope","defaultExperience=Azure Cosmos DB for MongoDB API;hidden-workload-type=Production;hidden-cosmos-mmspecial=;PF_COMPOSANT=mutualise","PlanDisabled|Free","2026-04-14 16:15:47"
"fc6f12c7-299f-4db3-a893-eb1dba8b4673","pf-pic-dev","Arm","Defender for Resource Manager","MEDIUM","Free","SubscriptionLevel","N/A","N/A","N/A","N/A","","PlanDisabled|Free","2026-04-14 16:15:47"
"f3c402cc-e924-4172-9788-357a6e18bd1d","pf-pic-prd","StorageAccounts","Defender for Storage","HIGH","Free","/subscriptions/d360e93d-a541-463a-9086-c79ba9892a4b/resourceGroups/rg-pf-pic-stg-data-001/providers/Microsoft.Storage/storageAccounts/stpfpicspic","stpfpicspic","Microsoft.Storage/storageAccounts","rg-pf-pic-stg-data-001","westeurope","Backup=false;PF_COMPOSANT=mutualise","PlanDisabled|Free","2026-04-14 16:15:47"
"f3c402cc-e924-4172-9788-357a6e18bd1d","pf-pic-prd","CosmosDbs","Defender for Cosmos DB","HIGH","Free","/subscriptions/d360e93d-a541-463a-9086-c79ba9892a4b/resourceGroups/rg-pf-pic-stg-data-001/providers/Microsoft.DocumentDb/databaseAccounts/cosmos-pfg-pic-s-bd","cosmos-pfg-pic-s-bd","Microsoft.DocumentDb/databaseAccounts","rg-pf-pic-stg-data-001","westeurope","defaultExperience=Azure Cosmos DB for MongoDB API;hidden-workload-type=Development/Testing;hidden-cosmos-mmspecial=;PF_COMPOSANT=mutualise","PlanDisabled|Free","2026-04-14 16:15:47"
"f3c402cc-e924-4172-9788-357a6e18bd1d","pf-pic-prd","Arm","Defender for Resource Manager","MEDIUM","Free","SubscriptionLevel","N/A","N/A","N/A","N/A","","PlanDisabled|Free","2026-04-14 16:15:47"
"d360e93d-a541-463a-9086-c79ba9892a4b","pf-pic-stg","VirtualMachines","Defender for Servers","CRITICAL","Free","/subscriptions/48be0574-2d8e-40f8-b43f-5f95d77e3072/resourceGroups/rg-pf-sap1-dev-erf-controlm/providers/Microsoft.Compute/virtualMachines/PFAZRVDERFCTM01","PFAZRVDERFCTM01","Microsoft.Compute/virtualMachines","rg-pf-sap1-dev-erf-controlm","westeurope","AtosBackup=Default;PF_APPLI=SAP;PF_COMPOSANT=mutualise;PF_ENV=developpement;PF_POLE=ERP","PlanDisabled|Free","2026-04-14 16:15:48"
"d360e93d-a541-463a-9086-c79ba9892a4b","pf-pic-stg","VirtualMachines","Defender for Servers","CRITICAL","Free","/subscriptions/48be0574-2d8e-40f8-b43f-5f95d77e3072/resourceGroups/rg-pf-sap1-dev-erf-controlm/providers/Microsoft.Compute/virtualMachines/PFAZRVDERNCTM01","PFAZRVDERNCTM01","Microsoft.Compute/virtualMachines","rg-pf-sap1-dev-erf-controlm","westeurope","AtosBackup=Default;PF_APPLI=SAP;PF_COMPOSANT=mutualise;PF_ENV=developpement;PF_POLE=ERP","PlanDisabled|Free","2026-04-14 16:15:48"
"d360e93d-a541-463a-9086-c79ba9892a4b","pf-pic-stg","Arm","Defender for Resource Manager","MEDIUM","Free","SubscriptionLevel","N/A","N/A","N/A","N/A","","PlanDisabled|Free","2026-04-14 16:15:48"
"15b188ff-29ed-49f4-b0d2-c039fcad061f","pf-pie-dev","VirtualMachines","Defender for Servers","CRITICAL","Free","/subscriptions/2aefe686-1176-4da6-85ae-493b3558ee79/resourceGroups/rg-pf-sap1-prd-erf-contentserver/providers/Microsoft.Compute/virtualMachines/PFAZRVPERFOAS01","PFAZRVPERFOAS01","Microsoft.Compute/virtualMachines","rg-pf-sap1-prd-erf-contentserver","westeurope","AtosBackup=Default;BUPF=BU03903U;PF_APPLI=SAP;PF_COMPOSANT=mutualise;PF_ENV=production;PF_POLE=ERP","PlanDisabled|Free","2026-04-14 16:15:48"
"15b188ff-29ed-49f4-b0d2-c039fcad061f","pf-pie-dev","VirtualMachines","Defender for Servers","CRITICAL","Free","/subscriptions/2aefe686-1176-4da6-85ae-493b3558ee79/resourceGroups/rg-pf-sap1-prd-erf-contentserver/providers/Microsoft.Compute/virtualMachines/PFAZRVPERFIES01","PFAZRVPERFIES01","Microsoft.Compute/virtualMachines","rg-pf-sap1-prd-erf-contentserver","westeurope","AtosBackup=Default;BUPF=BU03903U;PF_APPLI=SAP;PF_COMPOSANT=mutualise;PF_ENV=production;PF_POLE=ERP;PF_APPLI_TRIGRAM=ERF;PF_SERVICE_MANAGER=Sophie LARDEAU;PF_TECHNICAL_CONTACT=Sebastien BEAUJOIN","PlanDisabled|Free","2026-04-14 16:15:48"
"15b188ff-29ed-49f4-b0d2-c039fcad061f","pf-pie-dev","VirtualMachines","Defender for Servers","CRITICAL","Free","/subscriptions/2aefe686-1176-4da6-85ae-493b3558ee79/resourceGroups/rg-pf-sap-prd-ern-controlm/providers/Microsoft.Compute/virtualMachines/PFAZRVPERNCTM01","PFAZRVPERNCTM01","Microsoft.Compute/virtualMachines","rg-pf-sap-prd-ern-controlm","westeurope","AtosBackup=Default;BUPF=BU03903U;PF_APPLI=SAP;PF_COMPOSANT=mutualise;PF_ENV=production;PF_POLE=ERP","PlanDisabled|Free","2026-04-14 16:15:48"
"15b188ff-29ed-49f4-b0d2-c039fcad061f","pf-pie-dev","VirtualMachines","Defender for Servers","CRITICAL","Free","/subscriptions/2aefe686-1176-4da6-85ae-493b3558ee79/resourceGroups/rg-pf-sap-prd-ern-controlm/providers/Microsoft.Compute/virtualMachines/PFAZRVPERFCTM01","PFAZRVPERFCTM01","Microsoft.Compute/virtualMachines","rg-pf-sap-prd-ern-controlm","westeurope","AtosBackup=Default;BUPF=BU03903U;PF_APPLI=SAP;PF_COMPOSANT=mutualise;PF_ENV=production;PF_POLE=ERP","PlanDisabled|Free","2026-04-14 16:15:48"
"15b188ff-29ed-49f4-b0d2-c039fcad061f","pf-pie-dev","SqlServers","Defender for Azure SQL","CRITICAL","Free","/subscriptions/2aefe686-1176-4da6-85ae-493b3558ee79/resourceGroups/rg-pf-sap1-prd-data-001/providers/Microsoft.Sql/servers/sqldbpfg-sap1-p-contentserver","sqldbpfg-sap1-p-contentserver","Microsoft.Sql/servers","rg-pf-sap1-prd-data-001","westeurope","BUPF=BU03903U;PF_APPLI=SAP;PF_COMPOSANT=mutualise;PF_ENV=production;PF_POLE=ERP","PlanDisabled|Free","2026-04-14 16:15:48"
"15b188ff-29ed-49f4-b0d2-c039fcad061f","pf-pie-dev","StorageAccounts","Defender for Storage","HIGH","Free","/subscriptions/2aefe686-1176-4da6-85ae-493b3558ee79/resourceGroups/rg-pf-sap1-prd-datamigration-001/providers/Microsoft.Storage/storageAccounts/stpfsappdatamigration","stpfsappdatamigration","Microsoft.Storage/storageAccounts","rg-pf-sap1-prd-datamigration-001","westeurope","BUPF=BU03903U;PF_APPLI=SAP;PF_COMPOSANT=mutualise;PF_ENV=production;PF_POLE=ERP","PlanDisabled|Free","2026-04-14 16:15:48"
"15b188ff-29ed-49f4-b0d2-c039fcad061f","pf-pie-dev","Arm","Defender for Resource Manager","MEDIUM","Free","SubscriptionLevel","N/A","N/A","N/A","N/A","","PlanDisabled|Free","2026-04-14 16:15:48"
"48be0574-2d8e-40f8-b43f-5f95d77e3072","pf-sap-dev","SqlServers","Defender for Azure SQL","CRITICAL","Free","/subscriptions/2aefe686-1176-4da6-85ae-493b3558ee79/resourceGroups/rg-pf-sap1-prd-data-001/providers/Microsoft.Sql/servers/sqldbpfg-sap1-p-contentserver","sqldbpfg-sap1-p-contentserver","Microsoft.Sql/servers","rg-pf-sap1-prd-data-001","westeurope","BUPF=BU03903U;PF_APPLI=SAP;PF_COMPOSANT=mutualise;PF_ENV=production;PF_POLE=ERP","PlanDisabled|Free","2026-04-14 16:15:49"
"48be0574-2d8e-40f8-b43f-5f95d77e3072","pf-sap-dev","StorageAccounts","Defender for Storage","HIGH","Free","/subscriptions/2aefe686-1176-4da6-85ae-493b3558ee79/resourceGroups/rg-pf-sap1-prd-datamigration-001/providers/Microsoft.Storage/storageAccounts/stpfsappdatamigration","stpfsappdatamigration","Microsoft.Storage/storageAccounts","rg-pf-sap1-prd-datamigration-001","westeurope","BUPF=BU03903U;PF_APPLI=SAP;PF_COMPOSANT=mutualise;PF_ENV=production;PF_POLE=ERP","PlanDisabled|Free","2026-04-14 16:15:49"
"48be0574-2d8e-40f8-b43f-5f95d77e3072","pf-sap-dev","Arm","Defender for Resource Manager","MEDIUM","Free","SubscriptionLevel","N/A","N/A","N/A","N/A","","PlanDisabled|Free","2026-04-14 16:15:49"
"2aefe686-1176-4da6-85ae-493b3558ee79","pf-sap-prd","StorageAccounts","Defender for Storage","HIGH","Free","/subscriptions/2aefe686-1176-4da6-85ae-493b3558ee79/resourceGroups/rg-pf-sap1-prd-datamigration-001/providers/Microsoft.Storage/storageAccounts/stpfsappdatamigration","stpfsappdatamigration","Microsoft.Storage/storageAccounts","rg-pf-sap1-prd-datamigration-001","westeurope","BUPF=BU03903U;PF_APPLI=SAP;PF_COMPOSANT=mutualise;PF_ENV=production;PF_POLE=ERP","PlanDisabled|Free","2026-04-14 16:15:49"
"2aefe686-1176-4da6-85ae-493b3558ee79","pf-sap-prd","Arm","Defender for Resource Manager","MEDIUM","Free","SubscriptionLevel","N/A","N/A","N/A","N/A","","PlanDisabled|Free","2026-04-14 16:15:49"
"2360e410-6753-4843-86e9-ea90a885ad33","pf-sap-stg","StorageAccounts","Defender for Storage","HIGH","Free","/subscriptions/4db0ddb2-b44a-495d-a4a3-2a72be15b27d/resourceGroups/rg-pf-smc-dev-data-001/providers/Microsoft.Storage/storageAccounts/stpfsmcdsmc","stpfsmcdsmc","Microsoft.Storage/storageAccounts","rg-pf-smc-dev-data-001","westeurope","Backup=false;ManagedBy=terraform;BUPF=BU03903U;PF_COMPOSANT=mutualise","PlanDisabled|Free","2026-04-14 16:15:49"
"2360e410-6753-4843-86e9-ea90a885ad33","pf-sap-stg","AppServices","Defender for App Service","HIGH","Free","/subscriptions/4db0ddb2-b44a-495d-a4a3-2a72be15b27d/resourceGroups/rg-pf-smc-dev-app-001/providers/Microsoft.Web/sites/fapp-pfa-smc-d-back001","fapp-pfa-smc-d-back001","Microsoft.Web/sites","rg-pf-smc-dev-app-001","westeurope","BUPF=BU03903U;ManagedBy=terraform;PF_COMPOSANT=mutualise;hidden-link: /app-insights-resource-id=/subscriptions/4db0ddb2-b44a-495d-a4a3-2a72be15b27d/resourceGroups/rg-pf-smc-dev-app-001/providers/microsoft.insights/components/ai-pfg-smc-d-apps","PlanDisabled|Free","2026-04-14 16:15:49"
"2360e410-6753-4843-86e9-ea90a885ad33","pf-sap-stg","KeyVaults","Defender for Key Vault","HIGH","Free","/subscriptions/4db0ddb2-b44a-495d-a4a3-2a72be15b27d/resourceGroups/rg-pf-smc-dev-data-001/providers/Microsoft.KeyVault/vaults/kv-pfg-smc-d-001","kv-pfg-smc-d-001","Microsoft.KeyVault/vaults","rg-pf-smc-dev-data-001","westeurope","ManagedBy=terraform;BUPF=BU03903U;PF_COMPOSANT=mutualise","PlanDisabled|Free","2026-04-14 16:15:49"
"2360e410-6753-4843-86e9-ea90a885ad33","pf-sap-stg","Arm","Defender for Resource Manager","MEDIUM","Free","SubscriptionLevel","N/A","N/A","N/A","N/A","","PlanDisabled|Free","2026-04-14 16:15:49"
"202bb2a1-93c4-4c56-b73f-2bcb55957437","pf-sdwan-prd","StorageAccounts","Defender for Storage","HIGH","Free","/subscriptions/d01cf53e-67a4-448b-a10e-68754a73e68c/resourceGroups/rg-pf-smc-prd-data-001/providers/Microsoft.Storage/storageAccounts/stpfsmcpsmc","stpfsmcpsmc","Microsoft.Storage/storageAccounts","rg-pf-smc-prd-data-001","westeurope","Backup=false;ManagedBy=terraform;BUPF=BU03903U;PF_COMPOSANT=mutualise","PlanDisabled|Free","2026-04-14 16:15:50"
"202bb2a1-93c4-4c56-b73f-2bcb55957437","pf-sdwan-prd","AppServices","Defender for App Service","HIGH","Free","/subscriptions/d01cf53e-67a4-448b-a10e-68754a73e68c/resourceGroups/rg-pf-smc-prd-app-001/providers/Microsoft.Web/sites/fapp-pfa-smc-p-back001","fapp-pfa-smc-p-back001","Microsoft.Web/sites","rg-pf-smc-prd-app-001","westeurope","hidden-link: /app-insights-resource-id=/subscriptions/d01cf53e-67a4-448b-a10e-68754a73e68c/resourceGroups/rg-pf-smc-prd-app-001/providers/microsoft.insights/components/ai-pfg-smc-p-apps;BUPF=BU03903U;PF_COMPOSANT=mutualise","PlanDisabled|Free","2026-04-14 16:15:50"
"202bb2a1-93c4-4c56-b73f-2bcb55957437","pf-sdwan-prd","KeyVaults","Defender for Key Vault","HIGH","Free","/subscriptions/d01cf53e-67a4-448b-a10e-68754a73e68c/resourceGroups/rg-pf-smc-prd-data-001/providers/Microsoft.KeyVault/vaults/kv-pfg-smc-p-001","kv-pfg-smc-p-001","Microsoft.KeyVault/vaults","rg-pf-smc-prd-data-001","westeurope","ManagedBy=terraform;BUPF=BU03903U;PF_COMPOSANT=mutualise","PlanDisabled|Free","2026-04-14 16:15:50"
"202bb2a1-93c4-4c56-b73f-2bcb55957437","pf-sdwan-prd","CosmosDbs","Defender for Cosmos DB","HIGH","Free","/subscriptions/d01cf53e-67a4-448b-a10e-68754a73e68c/resourceGroups/rg-pf-smc-prd-data-001/providers/Microsoft.DocumentDb/databaseAccounts/cosmos-pfg-smc-p-bd","cosmos-pfg-smc-p-bd","Microsoft.DocumentDb/databaseAccounts","rg-pf-smc-prd-data-001","westeurope","defaultExperience=Azure Cosmos DB for MongoDB API;hidden-workload-type=Development/Testing;hidden-cosmos-mmspecial=;BUPF=BU03903U;PF_COMPOSANT=mutualise","PlanDisabled|Free","2026-04-14 16:15:50"
"202bb2a1-93c4-4c56-b73f-2bcb55957437","pf-sdwan-prd","Arm","Defender for Resource Manager","MEDIUM","Free","SubscriptionLevel","N/A","N/A","N/A","N/A","","PlanDisabled|Free","2026-04-14 16:15:50"
"4db0ddb2-b44a-495d-a4a3-2a72be15b27d","pf-smc-dev","StorageAccounts","Defender for Storage","HIGH","Free","/subscriptions/d01cf53e-67a4-448b-a10e-68754a73e68c/resourceGroups/rg-pf-smc-prd-data-001/providers/Microsoft.Storage/storageAccounts/stpfsmcpsmc","stpfsmcpsmc","Microsoft.Storage/storageAccounts","rg-pf-smc-prd-data-001","westeurope","Backup=false;ManagedBy=terraform;BUPF=BU03903U;PF_COMPOSANT=mutualise","PlanDisabled|Free","2026-04-14 16:15:50"
"4db0ddb2-b44a-495d-a4a3-2a72be15b27d","pf-smc-dev","AppServices","Defender for App Service","HIGH","Free","/subscriptions/d01cf53e-67a4-448b-a10e-68754a73e68c/resourceGroups/rg-pf-smc-prd-app-001/providers/Microsoft.Web/sites/fapp-pfa-smc-p-back001","fapp-pfa-smc-p-back001","Microsoft.Web/sites","rg-pf-smc-prd-app-001","westeurope","hidden-link: /app-insights-resource-id=/subscriptions/d01cf53e-67a4-448b-a10e-68754a73e68c/resourceGroups/rg-pf-smc-prd-app-001/providers/microsoft.insights/components/ai-pfg-smc-p-apps;BUPF=BU03903U;PF_COMPOSANT=mutualise","PlanDisabled|Free","2026-04-14 16:15:50"
"4db0ddb2-b44a-495d-a4a3-2a72be15b27d","pf-smc-dev","KeyVaults","Defender for Key Vault","HIGH","Free","/subscriptions/d01cf53e-67a4-448b-a10e-68754a73e68c/resourceGroups/rg-pf-smc-prd-data-001/providers/Microsoft.KeyVault/vaults/kv-pfg-smc-p-001","kv-pfg-smc-p-001","Microsoft.KeyVault/vaults","rg-pf-smc-prd-data-001","westeurope","ManagedBy=terraform;BUPF=BU03903U;PF_COMPOSANT=mutualise","PlanDisabled|Free","2026-04-14 16:15:50"
"4db0ddb2-b44a-495d-a4a3-2a72be15b27d","pf-smc-dev","CosmosDbs","Defender for Cosmos DB","HIGH","Free","/subscriptions/d01cf53e-67a4-448b-a10e-68754a73e68c/resourceGroups/rg-pf-smc-prd-data-001/providers/Microsoft.DocumentDb/databaseAccounts/cosmos-pfg-smc-p-bd","cosmos-pfg-smc-p-bd","Microsoft.DocumentDb/databaseAccounts","rg-pf-smc-prd-data-001","westeurope","defaultExperience=Azure Cosmos DB for MongoDB API;hidden-workload-type=Development/Testing;hidden-cosmos-mmspecial=;BUPF=BU03903U;PF_COMPOSANT=mutualise","PlanDisabled|Free","2026-04-14 16:15:50"
"4db0ddb2-b44a-495d-a4a3-2a72be15b27d","pf-smc-dev","Arm","Defender for Resource Manager","MEDIUM","Free","SubscriptionLevel","N/A","N/A","N/A","N/A","","PlanDisabled|Free","2026-04-14 16:15:50"
"d01cf53e-67a4-448b-a10e-68754a73e68c","pf-smc-prd","StorageAccounts","Defender for Storage","HIGH","Free","/subscriptions/d01cf53e-67a4-448b-a10e-68754a73e68c/resourceGroups/rg-pf-smc-prd-data-001/providers/Microsoft.Storage/storageAccounts/stpfsmcpsmc","stpfsmcpsmc","Microsoft.Storage/storageAccounts","rg-pf-smc-prd-data-001","westeurope","Backup=false;ManagedBy=terraform;BUPF=BU03903U;PF_COMPOSANT=mutualise","PlanDisabled|Free","2026-04-14 16:15:50"
"d01cf53e-67a4-448b-a10e-68754a73e68c","pf-smc-prd","AppServices","Defender for App Service","HIGH","Free","/subscriptions/d01cf53e-67a4-448b-a10e-68754a73e68c/resourceGroups/rg-pf-smc-prd-app-001/providers/Microsoft.Web/sites/fapp-pfa-smc-p-back001","fapp-pfa-smc-p-back001","Microsoft.Web/sites","rg-pf-smc-prd-app-001","westeurope","hidden-link: /app-insights-resource-id=/subscriptions/d01cf53e-67a4-448b-a10e-68754a73e68c/resourceGroups/rg-pf-smc-prd-app-001/providers/microsoft.insights/components/ai-pfg-smc-p-apps;BUPF=BU03903U;PF_COMPOSANT=mutualise","PlanDisabled|Free","2026-04-14 16:15:50"
"d01cf53e-67a4-448b-a10e-68754a73e68c","pf-smc-prd","KeyVaults","Defender for Key Vault","HIGH","Free","/subscriptions/d01cf53e-67a4-448b-a10e-68754a73e68c/resourceGroups/rg-pf-smc-prd-data-001/providers/Microsoft.KeyVault/vaults/kv-pfg-smc-p-001","kv-pfg-smc-p-001","Microsoft.KeyVault/vaults","rg-pf-smc-prd-data-001","westeurope","ManagedBy=terraform;BUPF=BU03903U;PF_COMPOSANT=mutualise","PlanDisabled|Free","2026-04-14 16:15:50"
"d01cf53e-67a4-448b-a10e-68754a73e68c","pf-smc-prd","CosmosDbs","Defender for Cosmos DB","HIGH","Free","/subscriptions/d01cf53e-67a4-448b-a10e-68754a73e68c/resourceGroups/rg-pf-smc-prd-data-001/providers/Microsoft.DocumentDb/databaseAccounts/cosmos-pfg-smc-p-bd","cosmos-pfg-smc-p-bd","Microsoft.DocumentDb/databaseAccounts","rg-pf-smc-prd-data-001","westeurope","defaultExperience=Azure Cosmos DB for MongoDB API;hidden-workload-type=Development/Testing;hidden-cosmos-mmspecial=;BUPF=BU03903U;PF_COMPOSANT=mutualise","PlanDisabled|Free","2026-04-14 16:15:50"
"d01cf53e-67a4-448b-a10e-68754a73e68c","pf-smc-prd","Arm","Defender for Resource Manager","MEDIUM","Free","SubscriptionLevel","N/A","N/A","N/A","N/A","","PlanDisabled|Free","2026-04-14 16:15:50"
"ea88692c-d61a-40c3-b31a-65b2140318c6","pf-smc-stg","Arm","Defender for Resource Manager","MEDIUM","Free","SubscriptionLevel","N/A","N/A","N/A","N/A","","PlanDisabled|Free","2026-04-14 16:15:51"
"02f04ff1-7454-4f03-bb8b-3cdb7bf808f1","pf-smp-prd","Arm","Defender for Resource Manager","MEDIUM","Free","SubscriptionLevel","N/A","N/A","N/A","N/A","","PlanDisabled|Free","2026-04-14 16:15:51"
"32cd9969-b1b2-48df-acfc-5201a3880704","pf-smp-stg","Arm","Defender for Resource Manager","MEDIUM","Free","SubscriptionLevel","N/A","N/A","N/A","N/A","","PlanDisabled|Free","2026-04-14 16:15:51"
"89e4d118-0299-44e2-b458-b73cecabd059","pf-snowflake-licences","Arm","Defender for Resource Manager","MEDIUM","Free","SubscriptionLevel","N/A","N/A","N/A","N/A","","PlanDisabled|Free","2026-04-14 16:15:52"
"80a83484-c5c0-4b6e-817a-7a5a303df715","pf-soc-prd","VirtualMachines","Defender for Servers","CRITICAL","Free","/subscriptions/1e7ae948-967b-42c9-be1d-e94abaca79fa/resourceGroups/rg-pf-toolingtransverse-stg-pivotcontrolm/providers/Microsoft.Compute/virtualMachines/PFAZRVRDMPCTM01","PFAZRVRDMPCTM01","Microsoft.Compute/virtualMachines","rg-pf-toolingtransverse-stg-pivotcontrolm","westeurope","AtosBackup=Default;BUPF=BU03903U;PF_APPLI=AZURE EXPLORER;PF_COMPOSANT=mutualise;PF_ENV=staging;PF_POLE=SDI","PlanDisabled|Free","2026-04-14 16:15:53"
"80a83484-c5c0-4b6e-817a-7a5a303df715","pf-soc-prd","Containers","Defender for Containers","CRITICAL","Free","/subscriptions/1e7ae948-967b-42c9-be1d-e94abaca79fa/resourceGroups/rg-pf-toolingtransverse-stg-mut-001/providers/Microsoft.ContainerService/managedClusters/aks-pf-mut-s-tt","aks-pf-mut-s-tt","Microsoft.ContainerService/managedClusters","rg-pf-toolingtransverse-stg-mut-001","westeurope","BUPF=BU03903U;ManagedBy=terraform;PF_APPLI=AZURE EXPLORER;PF_COMPOSANT=mutualise;PF_ENV=staging;PF_POLE=SDI","PlanDisabled|Free","2026-04-14 16:15:53"
"80a83484-c5c0-4b6e-817a-7a5a303df715","pf-soc-prd","StorageAccounts","Defender for Storage","HIGH","Free","/subscriptions/1e7ae948-967b-42c9-be1d-e94abaca79fa/resourceGroups/rg-pf-toolingtransverse-stg-sftp-001/providers/Microsoft.Storage/storageAccounts/stpfttssftp","stpfttssftp","Microsoft.Storage/storageAccounts","rg-pf-toolingtransverse-stg-sftp-001","westeurope","BUPF=BU03903U;PF_APPLI=AZURE EXPLORER;PF_COMPOSANT=mutualise;PF_ENV=staging;PF_POLE=SDI","PlanDisabled|Free","2026-04-14 16:15:53"
"80a83484-c5c0-4b6e-817a-7a5a303df715","pf-soc-prd","StorageAccounts","Defender for Storage","HIGH","Free","/subscriptions/1e7ae948-967b-42c9-be1d-e94abaca79fa/resourceGroups/rg-pf-toolingtransverse-stg-data-mut-001/providers/Microsoft.Storage/storageAccounts/stpfmutsvolumes001","stpfmutsvolumes001","Microsoft.Storage/storageAccounts","rg-pf-toolingtransverse-stg-data-mut-001","westeurope","Backup=false;ManagedBy=terraform;BUPF=BU03903U;PF_APPLI=AZURE EXPLORER;PF_COMPOSANT=mutualise;PF_ENV=staging;PF_POLE=SDI","PlanDisabled|Free","2026-04-14 16:15:53"
"80a83484-c5c0-4b6e-817a-7a5a303df715","pf-soc-prd","StorageAccounts","Defender for Storage","HIGH","Free","/subscriptions/1e7ae948-967b-42c9-be1d-e94abaca79fa/resourceGroups/rg-pf-toolingtransverse-stg-storage-explorer-001/providers/Microsoft.Storage/storageAccounts/stpfttsfileexplorer","stpfttsfileexplorer","Microsoft.Storage/storageAccounts","rg-pf-toolingtransverse-stg-storage-explorer-001","westeurope","BUPF=BU03903U;PF_APPLI=AZURE EXPLORER;PF_COMPOSANT=mutualise;PF_ENV=staging;PF_POLE=SDI","PlanDisabled|Free","2026-04-14 16:15:53"
"80a83484-c5c0-4b6e-817a-7a5a303df715","pf-soc-prd","StorageAccounts","Defender for Storage","HIGH","Free","/subscriptions/1e7ae948-967b-42c9-be1d-e94abaca79fa/resourceGroups/rg-pf-toolingtransverse-stg-storage/providers/Microsoft.Storage/storageAccounts/stpfttsfunctions001","stpfttsfunctions001","Microsoft.Storage/storageAccounts","rg-pf-toolingtransverse-stg-storage","westeurope","BUPF=BU03903U;PF_APPLI=AZURE EXPLORER;PF_COMPOSANT=mutualise;PF_ENV=staging;PF_POLE=SDI","PlanDisabled|Free","2026-04-14 16:15:53"
"80a83484-c5c0-4b6e-817a-7a5a303df715","pf-soc-prd","AppServices","Defender for App Service","HIGH","Free","/subscriptions/1e7ae948-967b-42c9-be1d-e94abaca79fa/resourceGroups/rg-pf-toolingtransverse-stg-akg-001/providers/Microsoft.Web/sites/wapp-pfg-tt-s-akg-back","wapp-pfg-tt-s-akg-back","Microsoft.Web/sites","rg-pf-toolingtransverse-stg-akg-001","westeurope","BUPF=BU03903U;PF_APPLI=AZURE EXPLORER;PF_COMPOSANT=mutualise;PF_ENV=staging;PF_POLE=SDI","PlanDisabled|Free","2026-04-14 16:15:53"
"80a83484-c5c0-4b6e-817a-7a5a303df715","pf-soc-prd","AppServices","Defender for App Service","HIGH","Free","/subscriptions/1e7ae948-967b-42c9-be1d-e94abaca79fa/resourceGroups/rg-pf-toolingtransverse-stg-storage-explorer-001/providers/Microsoft.Web/sites/fapp-pfg-tt-s-file-explorer","fapp-pfg-tt-s-file-explorer","Microsoft.Web/sites","rg-pf-toolingtransverse-stg-storage-explorer-001","westeurope","hidden-link: /app-insights-resource-id=/subscriptions/1e7ae948-967b-42c9-be1d-e94abaca79fa/resourceGroups/rg-pf-toolingtransverse-stg-storage-explorer-001/providers/microsoft.insights/components/appins-pf-toolingtransverse-s-storage-explorer-wapps;BUPF=BU03903U;PF_APPLI=AZURE EXPLORER;PF_COMPOSANT=mutualise;PF_ENV=staging;PF_POLE=SDI","PlanDisabled|Free","2026-04-14 16:15:53"
"80a83484-c5c0-4b6e-817a-7a5a303df715","pf-soc-prd","AppServices","Defender for App Service","HIGH","Free","/subscriptions/1e7ae948-967b-42c9-be1d-e94abaca79fa/resourceGroups/rg-pf-toolingtransverse-stg-storage-explorer-001/providers/Microsoft.Web/sites/wapp-pfg-tt-s-storage-explorer-back","wapp-pfg-tt-s-storage-explorer-back","Microsoft.Web/sites","rg-pf-toolingtransverse-stg-storage-explorer-001","westeurope","PF_COMPOSANT=mutualise;PF_ENV=staging;PF_APPLI=AZURE EXPLORER;PF_POLE=SDI;BUPF=BU03903U;hidden-link: /app-insights-resource-id=/subscriptions/1e7ae948-967b-42c9-be1d-e94abaca79fa/resourceGroups/rg-pf-toolingtransverse-stg-storage-explorer-001/providers/microsoft.insights/components/appins-pf-toolingtransverse-s-storage-explorer-wapps;hidden-link: /app-insights-instrumentation-key=299f6913-61cc-4391-ae82-6f0ce0645bd6;hidden-link: /app-insights-conn-string=InstrumentationKey=299f6913-61cc-4391-ae82-6f0ce0645bd6;IngestionEndpoint=https://westeurope-5.in.applicationinsights.azure.com/;LiveEndpoint=https://westeurope.livediagnostics.monitor.azure.com/;ApplicationId=66abc023-5b99-4666-8a06-c903ee636b6d","PlanDisabled|Free","2026-04-14 16:15:53"
"80a83484-c5c0-4b6e-817a-7a5a303df715","pf-soc-prd","AppServices","Defender for App Service","HIGH","Free","/subscriptions/1e7ae948-967b-42c9-be1d-e94abaca79fa/resourceGroups/rg-pf-toolingtransverse-stg-storage-explorer-001/providers/Microsoft.Web/sites/wapp-pfg-tt-s-storage-explorer-front","wapp-pfg-tt-s-storage-explorer-front","Microsoft.Web/sites","rg-pf-toolingtransverse-stg-storage-explorer-001","westeurope","PF_COMPOSANT=mutualise;PF_ENV=staging;PF_APPLI=AZURE EXPLORER;PF_POLE=SDI;BUPF=BU03903U;hidden-link: /app-insights-resource-id=/subscriptions/1e7ae948-967b-42c9-be1d-e94abaca79fa/resourceGroups/rg-pf-toolingtransverse-stg-storage-explorer-001/providers/microsoft.insights/components/appins-pf-toolingtransverse-s-storage-explorer-wapps;hidden-link: /app-insights-instrumentation-key=299f6913-61cc-4391-ae82-6f0ce0645bd6;hidden-link: /app-insights-conn-string=InstrumentationKey=299f6913-61cc-4391-ae82-6f0ce0645bd6;IngestionEndpoint=https://westeurope-5.in.applicationinsights.azure.com/;LiveEndpoint=https://westeurope.livediagnostics.monitor.azure.com/;ApplicationId=66abc023-5b99-4666-8a06-c903ee636b6d","PlanDisabled|Free","2026-04-14 16:15:53"
"80a83484-c5c0-4b6e-817a-7a5a303df715","pf-soc-prd","KeyVaults","Defender for Key Vault","HIGH","Free","/subscriptions/1e7ae948-967b-42c9-be1d-e94abaca79fa/resourceGroups/rg-pf-toolingtransverse-stg-akg-001/providers/Microsoft.KeyVault/vaults/kv-pfg-tt-s-akg-001","kv-pfg-tt-s-akg-001","Microsoft.KeyVault/vaults","rg-pf-toolingtransverse-stg-akg-001","westeurope","BUPF=BU03903U;PF_APPLI=AZURE EXPLORER;PF_COMPOSANT=mutualise;PF_ENV=staging;PF_POLE=SDI","PlanDisabled|Free","2026-04-14 16:15:53"
"80a83484-c5c0-4b6e-817a-7a5a303df715","pf-soc-prd","CosmosDbs","Defender for Cosmos DB","HIGH","Free","/subscriptions/1e7ae948-967b-42c9-be1d-e94abaca79fa/resourceGroups/rg-pf-toolingtransverse-stg-akg-001/providers/Microsoft.DocumentDb/databaseAccounts/cosmos-pfg-tt-s-akg","cosmos-pfg-tt-s-akg","Microsoft.DocumentDb/databaseAccounts","rg-pf-toolingtransverse-stg-akg-001","westeurope","defaultExperience=Azure Cosmos DB for MongoDB API;hidden-workload-type=Development/Testing;hidden-cosmos-mmspecial=;BUPF=BU03903U;PF_APPLI=AZURE EXPLORER;PF_COMPOSANT=mutualise;PF_ENV=staging;PF_POLE=SDI","PlanDisabled|Free","2026-04-14 16:15:53"
"80a83484-c5c0-4b6e-817a-7a5a303df715","pf-soc-prd","CosmosDbs","Defender for Cosmos DB","HIGH","Free","/subscriptions/1e7ae948-967b-42c9-be1d-e94abaca79fa/resourceGroups/rg-pf-toolingtransverse-stg-storage-explorer-001/providers/Microsoft.DocumentDb/databaseAccounts/cosmos-pfg-tt-s-storage-explorer","cosmos-pfg-tt-s-storage-explorer","Microsoft.DocumentDb/databaseAccounts","rg-pf-toolingtransverse-stg-storage-explorer-001","westeurope","defaultExperience=Azure Cosmos DB for MongoDB API;hidden-cosmos-mmspecial=;PF_COMPOSANT=mutualise;PF_ENV=staging;PF_POLE=SDI;BUPF=BU03903U;PF_APPLI=AZURE EXPLORER","PlanDisabled|Free","2026-04-14 16:15:53"
"80a83484-c5c0-4b6e-817a-7a5a303df715","pf-soc-prd","Arm","Defender for Resource Manager","MEDIUM","Free","SubscriptionLevel","N/A","N/A","N/A","N/A","","PlanDisabled|Free","2026-04-14 16:15:53"
"b77b53b6-5620-47c1-9526-ad9854776970","pf-toolingtransverse-dev","VirtualMachines","Defender for Servers","CRITICAL","Free","/subscriptions/1e7ae948-967b-42c9-be1d-e94abaca79fa/resourceGroups/rg-pf-toolingtransverse-stg-pivotcontrolm/providers/Microsoft.Compute/virtualMachines/PFAZRVRDMPCTM01","PFAZRVRDMPCTM01","Microsoft.Compute/virtualMachines","rg-pf-toolingtransverse-stg-pivotcontrolm","westeurope","AtosBackup=Default;BUPF=BU03903U;PF_APPLI=AZURE EXPLORER;PF_COMPOSANT=mutualise;PF_ENV=staging;PF_POLE=SDI","PlanDisabled|Free","2026-04-14 16:15:53"
"b77b53b6-5620-47c1-9526-ad9854776970","pf-toolingtransverse-dev","Containers","Defender for Containers","CRITICAL","Free","/subscriptions/1e7ae948-967b-42c9-be1d-e94abaca79fa/resourceGroups/rg-pf-toolingtransverse-stg-mut-001/providers/Microsoft.ContainerService/managedClusters/aks-pf-mut-s-tt","aks-pf-mut-s-tt","Microsoft.ContainerService/managedClusters","rg-pf-toolingtransverse-stg-mut-001","westeurope","BUPF=BU03903U;ManagedBy=terraform;PF_APPLI=AZURE EXPLORER;PF_COMPOSANT=mutualise;PF_ENV=staging;PF_POLE=SDI","PlanDisabled|Free","2026-04-14 16:15:53"
"b77b53b6-5620-47c1-9526-ad9854776970","pf-toolingtransverse-dev","StorageAccounts","Defender for Storage","HIGH","Free","/subscriptions/1e7ae948-967b-42c9-be1d-e94abaca79fa/resourceGroups/rg-pf-toolingtransverse-stg-sftp-001/providers/Microsoft.Storage/storageAccounts/stpfttssftp","stpfttssftp","Microsoft.Storage/storageAccounts","rg-pf-toolingtransverse-stg-sftp-001","westeurope","BUPF=BU03903U;PF_APPLI=AZURE EXPLORER;PF_COMPOSANT=mutualise;PF_ENV=staging;PF_POLE=SDI","PlanDisabled|Free","2026-04-14 16:15:53"
"b77b53b6-5620-47c1-9526-ad9854776970","pf-toolingtransverse-dev","StorageAccounts","Defender for Storage","HIGH","Free","/subscriptions/1e7ae948-967b-42c9-be1d-e94abaca79fa/resourceGroups/rg-pf-toolingtransverse-stg-data-mut-001/providers/Microsoft.Storage/storageAccounts/stpfmutsvolumes001","stpfmutsvolumes001","Microsoft.Storage/storageAccounts","rg-pf-toolingtransverse-stg-data-mut-001","westeurope","Backup=false;ManagedBy=terraform;BUPF=BU03903U;PF_APPLI=AZURE EXPLORER;PF_COMPOSANT=mutualise;PF_ENV=staging;PF_POLE=SDI","PlanDisabled|Free","2026-04-14 16:15:53"
"b77b53b6-5620-47c1-9526-ad9854776970","pf-toolingtransverse-dev","StorageAccounts","Defender for Storage","HIGH","Free","/subscriptions/1e7ae948-967b-42c9-be1d-e94abaca79fa/resourceGroups/rg-pf-toolingtransverse-stg-storage-explorer-001/providers/Microsoft.Storage/storageAccounts/stpfttsfileexplorer","stpfttsfileexplorer","Microsoft.Storage/storageAccounts","rg-pf-toolingtransverse-stg-storage-explorer-001","westeurope","BUPF=BU03903U;PF_APPLI=AZURE EXPLORER;PF_COMPOSANT=mutualise;PF_ENV=staging;PF_POLE=SDI","PlanDisabled|Free","2026-04-14 16:15:53"
"b77b53b6-5620-47c1-9526-ad9854776970","pf-toolingtransverse-dev","StorageAccounts","Defender for Storage","HIGH","Free","/subscriptions/1e7ae948-967b-42c9-be1d-e94abaca79fa/resourceGroups/rg-pf-toolingtransverse-stg-storage/providers/Microsoft.Storage/storageAccounts/stpfttsfunctions001","stpfttsfunctions001","Microsoft.Storage/storageAccounts","rg-pf-toolingtransverse-stg-storage","westeurope","BUPF=BU03903U;PF_APPLI=AZURE EXPLORER;PF_COMPOSANT=mutualise;PF_ENV=staging;PF_POLE=SDI","PlanDisabled|Free","2026-04-14 16:15:53"
"b77b53b6-5620-47c1-9526-ad9854776970","pf-toolingtransverse-dev","KeyVaults","Defender for Key Vault","HIGH","Free","/subscriptions/1e7ae948-967b-42c9-be1d-e94abaca79fa/resourceGroups/rg-pf-toolingtransverse-stg-akg-001/providers/Microsoft.KeyVault/vaults/kv-pfg-tt-s-akg-001","kv-pfg-tt-s-akg-001","Microsoft.KeyVault/vaults","rg-pf-toolingtransverse-stg-akg-001","westeurope","BUPF=BU03903U;PF_APPLI=AZURE EXPLORER;PF_COMPOSANT=mutualise;PF_ENV=staging;PF_POLE=SDI","PlanDisabled|Free","2026-04-14 16:15:53"
"b77b53b6-5620-47c1-9526-ad9854776970","pf-toolingtransverse-dev","CosmosDbs","Defender for Cosmos DB","HIGH","Free","/subscriptions/1e7ae948-967b-42c9-be1d-e94abaca79fa/resourceGroups/rg-pf-toolingtransverse-stg-akg-001/providers/Microsoft.DocumentDb/databaseAccounts/cosmos-pfg-tt-s-akg","cosmos-pfg-tt-s-akg","Microsoft.DocumentDb/databaseAccounts","rg-pf-toolingtransverse-stg-akg-001","westeurope","defaultExperience=Azure Cosmos DB for MongoDB API;hidden-workload-type=Development/Testing;hidden-cosmos-mmspecial=;BUPF=BU03903U;PF_APPLI=AZURE EXPLORER;PF_COMPOSANT=mutualise;PF_ENV=staging;PF_POLE=SDI","PlanDisabled|Free","2026-04-14 16:15:53"
"b77b53b6-5620-47c1-9526-ad9854776970","pf-toolingtransverse-dev","CosmosDbs","Defender for Cosmos DB","HIGH","Free","/subscriptions/1e7ae948-967b-42c9-be1d-e94abaca79fa/resourceGroups/rg-pf-toolingtransverse-stg-storage-explorer-001/providers/Microsoft.DocumentDb/databaseAccounts/cosmos-pfg-tt-s-storage-explorer","cosmos-pfg-tt-s-storage-explorer","Microsoft.DocumentDb/databaseAccounts","rg-pf-toolingtransverse-stg-storage-explorer-001","westeurope","defaultExperience=Azure Cosmos DB for MongoDB API;hidden-cosmos-mmspecial=;PF_COMPOSANT=mutualise;PF_ENV=staging;PF_POLE=SDI;BUPF=BU03903U;PF_APPLI=AZURE EXPLORER","PlanDisabled|Free","2026-04-14 16:15:53"
"b77b53b6-5620-47c1-9526-ad9854776970","pf-toolingtransverse-dev","Arm","Defender for Resource Manager","MEDIUM","Free","SubscriptionLevel","N/A","N/A","N/A","N/A","","PlanDisabled|Free","2026-04-14 16:15:53"
"118f6d23-ffdd-4a98-bc95-70865813e108","pf-toolingtransverse-prd","VirtualMachines","Defender for Servers","CRITICAL","Free","/subscriptions/1e7ae948-967b-42c9-be1d-e94abaca79fa/resourceGroups/rg-pf-toolingtransverse-stg-pivotcontrolm/providers/Microsoft.Compute/virtualMachines/PFAZRVRDMPCTM01","PFAZRVRDMPCTM01","Microsoft.Compute/virtualMachines","rg-pf-toolingtransverse-stg-pivotcontrolm","westeurope","AtosBackup=Default;BUPF=BU03903U;PF_APPLI=AZURE EXPLORER;PF_COMPOSANT=mutualise;PF_ENV=staging;PF_POLE=SDI","PlanDisabled|Free","2026-04-14 16:15:53"
"118f6d23-ffdd-4a98-bc95-70865813e108","pf-toolingtransverse-prd","Containers","Defender for Containers","CRITICAL","Free","/subscriptions/1e7ae948-967b-42c9-be1d-e94abaca79fa/resourceGroups/rg-pf-toolingtransverse-stg-mut-001/providers/Microsoft.ContainerService/managedClusters/aks-pf-mut-s-tt","aks-pf-mut-s-tt","Microsoft.ContainerService/managedClusters","rg-pf-toolingtransverse-stg-mut-001","westeurope","BUPF=BU03903U;ManagedBy=terraform;PF_APPLI=AZURE EXPLORER;PF_COMPOSANT=mutualise;PF_ENV=staging;PF_POLE=SDI","PlanDisabled|Free","2026-04-14 16:15:53"
"118f6d23-ffdd-4a98-bc95-70865813e108","pf-toolingtransverse-prd","StorageAccounts","Defender for Storage","HIGH","Free","/subscriptions/1e7ae948-967b-42c9-be1d-e94abaca79fa/resourceGroups/rg-pf-toolingtransverse-stg-sftp-001/providers/Microsoft.Storage/storageAccounts/stpfttssftp","stpfttssftp","Microsoft.Storage/storageAccounts","rg-pf-toolingtransverse-stg-sftp-001","westeurope","BUPF=BU03903U;PF_APPLI=AZURE EXPLORER;PF_COMPOSANT=mutualise;PF_ENV=staging;PF_POLE=SDI","PlanDisabled|Free","2026-04-14 16:15:53"
"118f6d23-ffdd-4a98-bc95-70865813e108","pf-toolingtransverse-prd","StorageAccounts","Defender for Storage","HIGH","Free","/subscriptions/1e7ae948-967b-42c9-be1d-e94abaca79fa/resourceGroups/rg-pf-toolingtransverse-stg-data-mut-001/providers/Microsoft.Storage/storageAccounts/stpfmutsvolumes001","stpfmutsvolumes001","Microsoft.Storage/storageAccounts","rg-pf-toolingtransverse-stg-data-mut-001","westeurope","Backup=false;ManagedBy=terraform;BUPF=BU03903U;PF_APPLI=AZURE EXPLORER;PF_COMPOSANT=mutualise;PF_ENV=staging;PF_POLE=SDI","PlanDisabled|Free","2026-04-14 16:15:53"
"118f6d23-ffdd-4a98-bc95-70865813e108","pf-toolingtransverse-prd","StorageAccounts","Defender for Storage","HIGH","Free","/subscriptions/1e7ae948-967b-42c9-be1d-e94abaca79fa/resourceGroups/rg-pf-toolingtransverse-stg-storage-explorer-001/providers/Microsoft.Storage/storageAccounts/stpfttsfileexplorer","stpfttsfileexplorer","Microsoft.Storage/storageAccounts","rg-pf-toolingtransverse-stg-storage-explorer-001","westeurope","BUPF=BU03903U;PF_APPLI=AZURE EXPLORER;PF_COMPOSANT=mutualise;PF_ENV=staging;PF_POLE=SDI","PlanDisabled|Free","2026-04-14 16:15:53"
"118f6d23-ffdd-4a98-bc95-70865813e108","pf-toolingtransverse-prd","StorageAccounts","Defender for Storage","HIGH","Free","/subscriptions/1e7ae948-967b-42c9-be1d-e94abaca79fa/resourceGroups/rg-pf-toolingtransverse-stg-storage/providers/Microsoft.Storage/storageAccounts/stpfttsfunctions001","stpfttsfunctions001","Microsoft.Storage/storageAccounts","rg-pf-toolingtransverse-stg-storage","westeurope","BUPF=BU03903U;PF_APPLI=AZURE EXPLORER;PF_COMPOSANT=mutualise;PF_ENV=staging;PF_POLE=SDI","PlanDisabled|Free","2026-04-14 16:15:53"
"118f6d23-ffdd-4a98-bc95-70865813e108","pf-toolingtransverse-prd","KeyVaults","Defender for Key Vault","HIGH","Free","/subscriptions/1e7ae948-967b-42c9-be1d-e94abaca79fa/resourceGroups/rg-pf-toolingtransverse-stg-akg-001/providers/Microsoft.KeyVault/vaults/kv-pfg-tt-s-akg-001","kv-pfg-tt-s-akg-001","Microsoft.KeyVault/vaults","rg-pf-toolingtransverse-stg-akg-001","westeurope","BUPF=BU03903U;PF_APPLI=AZURE EXPLORER;PF_COMPOSANT=mutualise;PF_ENV=staging;PF_POLE=SDI","PlanDisabled|Free","2026-04-14 16:15:53"
"118f6d23-ffdd-4a98-bc95-70865813e108","pf-toolingtransverse-prd","CosmosDbs","Defender for Cosmos DB","HIGH","Free","/subscriptions/1e7ae948-967b-42c9-be1d-e94abaca79fa/resourceGroups/rg-pf-toolingtransverse-stg-akg-001/providers/Microsoft.DocumentDb/databaseAccounts/cosmos-pfg-tt-s-akg","cosmos-pfg-tt-s-akg","Microsoft.DocumentDb/databaseAccounts","rg-pf-toolingtransverse-stg-akg-001","westeurope","defaultExperience=Azure Cosmos DB for MongoDB API;hidden-workload-type=Development/Testing;hidden-cosmos-mmspecial=;BUPF=BU03903U;PF_APPLI=AZURE EXPLORER;PF_COMPOSANT=mutualise;PF_ENV=staging;PF_POLE=SDI","PlanDisabled|Free","2026-04-14 16:15:53"
"118f6d23-ffdd-4a98-bc95-70865813e108","pf-toolingtransverse-prd","CosmosDbs","Defender for Cosmos DB","HIGH","Free","/subscriptions/1e7ae948-967b-42c9-be1d-e94abaca79fa/resourceGroups/rg-pf-toolingtransverse-stg-storage-explorer-001/providers/Microsoft.DocumentDb/databaseAccounts/cosmos-pfg-tt-s-storage-explorer","cosmos-pfg-tt-s-storage-explorer","Microsoft.DocumentDb/databaseAccounts","rg-pf-toolingtransverse-stg-storage-explorer-001","westeurope","defaultExperience=Azure Cosmos DB for MongoDB API;hidden-cosmos-mmspecial=;PF_COMPOSANT=mutualise;PF_ENV=staging;PF_POLE=SDI;BUPF=BU03903U;PF_APPLI=AZURE EXPLORER","PlanDisabled|Free","2026-04-14 16:15:53"
"118f6d23-ffdd-4a98-bc95-70865813e108","pf-toolingtransverse-prd","Arm","Defender for Resource Manager","MEDIUM","Free","SubscriptionLevel","N/A","N/A","N/A","N/A","","PlanDisabled|Free","2026-04-14 16:15:53"
"1e7ae948-967b-42c9-be1d-e94abaca79fa","pf-toolingtransverse-stg","Arm","Defender for Resource Manager","MEDIUM","Free","SubscriptionLevel","N/A","N/A","N/A","N/A","","PlanDisabled|Free","2026-04-14 16:15:53"
"cc96283d-9240-4179-a275-8c4044cb2798","PL Storage Azure Enterprise","Arm","Defender for Resource Manager","MEDIUM","Free","SubscriptionLevel","N/A","N/A","N/A","N/A","","PlanDisabled|Free","2026-04-14 16:15:54"
"cfbc0623-2217-4c5f-a212-a8fe4706c02b","PT Storage Azure Enterprise","Arm","Defender for Resource Manager","MEDIUM","Free","SubscriptionLevel","N/A","N/A","N/A","N/A","","PlanDisabled|Free","2026-04-14 16:15:54"
"4c02cbfc-99b5-4ff1-b453-95268fdf8520","RU Storage Azure Enterprise","Arm","Defender for Resource Manager","MEDIUM","Free","SubscriptionLevel","N/A","N/A","N/A","N/A","","PlanDisabled|Free","2026-04-14 16:15:55"
"24d2fff6-9b0b-4157-a3ab-a2e2bd924e38","TN Storage Azure Enterprise","Arm","Defender for Resource Manager","MEDIUM","Free","SubscriptionLevel","N/A","N/A","N/A","N/A","","PlanDisabled|Free","2026-04-14 16:15:55"
"0ca80a3d-f200-48e7-bac2-cb8ce285183a","TR Storage Azure Enterprise","Arm","Defender for Resource Manager","MEDIUM","Free","SubscriptionLevel","N/A","N/A","N/A","N/A","","PlanDisabled|Free","2026-04-14 16:15:55"
"5419c43e-d5b1-460d-bf8d-3c269ef28aad","SG Storage Azure Enterprise","StorageAccounts","Defender for Storage","HIGH","Free","/subscriptions/085819d8-d4f8-46f5-bcc2-e966af15a91f/resourceGroups/TW-RESSOURCE/providers/Microsoft.Storage/storageAccounts/twnasbackup","twnasbackup","Microsoft.Storage/storageAccounts","TW-RESSOURCE","koreasouth","BUPF=BU03903U;PF_POLE=DT;PF_APPLI=Stockage Filiale;PF_ENV=production;PF_COMPOSANT=mutualise","PlanDisabled|Free","2026-04-14 16:15:55"
"5419c43e-d5b1-460d-bf8d-3c269ef28aad","SG Storage Azure Enterprise","Arm","Defender for Resource Manager","MEDIUM","Free","SubscriptionLevel","N/A","N/A","N/A","N/A","","PlanDisabled|Free","2026-04-14 16:15:55"
"085819d8-d4f8-46f5-bcc2-e966af15a91f","TW Storage Azure Enterprise","StorageAccounts","Defender for Storage","HIGH","Free","/subscriptions/6f875204-0681-4edd-879c-16a73cf1e91d/resourceGroups/US_SRV_BACKUP/providers/Microsoft.Storage/storageAccounts/ussynologynas","ussynologynas","Microsoft.Storage/storageAccounts","US_SRV_BACKUP","eastus","BUPF=BU03903U;PF_POLE=DT;PF_APPLI=Stockage Filiale;PF_ENV=production;PF_COMPOSANT=mutualise","PlanDisabled|Free","2026-04-14 16:15:56"
"085819d8-d4f8-46f5-bcc2-e966af15a91f","TW Storage Azure Enterprise","Arm","Defender for Resource Manager","MEDIUM","Free","SubscriptionLevel","N/A","N/A","N/A","N/A","","PlanDisabled|Free","2026-04-14 16:15:56"
"6f875204-0681-4edd-879c-16a73cf1e91d","US Storage Azure Enterprise","StorageAccounts","Defender for Storage","HIGH","Free","/subscriptions/6f875204-0681-4edd-879c-16a73cf1e91d/resourceGroups/US_SRV_BACKUP/providers/Microsoft.Storage/storageAccounts/ussynologynas","ussynologynas","Microsoft.Storage/storageAccounts","US_SRV_BACKUP","eastus","BUPF=BU03903U;PF_POLE=DT;PF_APPLI=Stockage Filiale;PF_ENV=production;PF_COMPOSANT=mutualise","PlanDisabled|Free","2026-04-14 16:15:57"
"6f875204-0681-4edd-879c-16a73cf1e91d","US Storage Azure Enterprise","Arm","Defender for Resource Manager","MEDIUM","Free","SubscriptionLevel","N/A","N/A","N/A","N/A","","PlanDisabled|Free","2026-04-14 16:15:57"
"2abcf94d-aa90-4773-9a75-290ccd3b95b2","VN Storage Azure Enterprise","Arm","Defender for Resource Manager","MEDIUM","Free","SubscriptionLevel","N/A","N/A","N/A","N/A","","PlanDisabled|Free","2026-04-14 16:15:57"
"c949d376-f077-43d2-83bf-f2b2e0ed3f57","ZA Storage Azure Enterprise","Arm","Defender for Resource Manager","MEDIUM","Free","SubscriptionLevel","N/A","N/A","N/A","N/A","","PlanDisabled|Free","2026-04-14 16:15:58"
